2026-10-05T12:03:38.606171353Z SQLTRACE start writer ThreadId(4) SELECT 1 FROM sqlite_master WHERE type = 'table' AND name = 'schema_migrations'
2026-10-05T12:03:38.606185103Z SQLTRACE end writer ThreadId(4) rows=1 SELECT 1 FROM sqlite_master WHERE type = 'table' AND name = ?
2026-10-05T12:03:38.606186520Z SQLTRACE start writer ThreadId(4) SELECT 1 FROM schema_migrations WHERE version = '20231215043540'
2026-10-05T12:03:38.606187353Z SQLTRACE end writer ThreadId(4) rows=1 SELECT 1 FROM schema_migrations WHERE version = ?
2026-10-05T12:03:38.606188062Z SQLTRACE start writer ThreadId(4) SELECT 1 FROM schema_migrations WHERE version = '20231220143106'
2026-10-05T12:03:38.606188728Z SQLTRACE end writer ThreadId(4) rows=1 SELECT 1 FROM schema_migrations WHERE version = ?
2026-10-05T12:03:38.606189395Z SQLTRACE start writer ThreadId(4) SELECT 1 FROM schema_migrations WHERE version = '20240110071740'
2026-10-05T12:03:38.606190020Z SQLTRACE end writer ThreadId(4) rows=1 SELECT 1 FROM schema_migrations WHERE version = ?
2026-10-05T12:03:38.606190645Z SQLTRACE start writer ThreadId(4) SELECT 1 FROM schema_migrations WHERE version = '20240115124901'
2026-10-05T12:03:38.606194354Z SQLTRACE end writer ThreadId(4) rows=1 SELECT 1 FROM schema_migrations WHERE version = ?
2026-10-05T12:03:38.606195104Z SQLTRACE start writer ThreadId(4) SELECT 1 FROM schema_migrations WHERE version = '20240130003150'
2026-10-05T12:03:38.606195770Z SQLTRACE end writer ThreadId(4) rows=1 SELECT 1 FROM schema_migrations WHERE version = ?
2026-10-05T12:03:38.606196395Z SQLTRACE start writer ThreadId(4) SELECT 1 FROM schema_migrations WHERE version = '20240130213001'
2026-10-05T12:03:38.606197020Z SQLTRACE end writer ThreadId(4) rows=1 SELECT 1 FROM schema_migrations WHERE version = ?
2026-10-05T12:03:38.606197645Z SQLTRACE start writer ThreadId(4) SELECT 1 FROM schema_migrations WHERE version = '20240131105830'
2026-10-05T12:03:38.606199812Z SQLTRACE end writer ThreadId(4) rows=1 SELECT 1 FROM schema_migrations WHERE version = ?
2026-10-05T12:03:38.606200479Z SQLTRACE start writer ThreadId(4) SELECT 1 FROM schema_migrations WHERE version = '20240209110503'
2026-10-05T12:03:38.606207312Z SQLTRACE end writer ThreadId(4) rows=1 SELECT 1 FROM schema_migrations WHERE version = ?
2026-10-05T12:03:38.606222646Z SQLTRACE start writer ThreadId(4) SELECT 1 FROM schema_migrations WHERE version = '20250825100957'
2026-10-05T12:03:38.606224104Z SQLTRACE end writer ThreadId(4) rows=1 SELECT 1 FROM schema_migrations WHERE version = ?
2026-10-05T12:03:38.606224979Z SQLTRACE start writer ThreadId(4) SELECT 1 FROM schema_migrations WHERE version = '20250825100958'
2026-10-05T12:03:38.606225771Z SQLTRACE end writer ThreadId(4) rows=1 SELECT 1 FROM schema_migrations WHERE version = ?
2026-10-05T12:03:38.606226479Z SQLTRACE start writer ThreadId(4) SELECT 1 FROM schema_migrations WHERE version = '20250825100959'
2026-10-05T12:03:38.606229188Z SQLTRACE end writer ThreadId(4) rows=1 SELECT 1 FROM schema_migrations WHERE version = ?
2026-10-05T12:03:38.606229938Z SQLTRACE start writer ThreadId(4) SELECT 1 FROM schema_migrations WHERE version = '20251126092013'
2026-10-05T12:03:38.606235854Z SQLTRACE end writer ThreadId(4) rows=1 SELECT 1 FROM schema_migrations WHERE version = ?
2026-10-05T12:03:38.606237813Z SQLTRACE start writer ThreadId(4) SELECT 1 FROM schema_migrations WHERE version = '20251126115722'
2026-10-05T12:03:38.606241188Z SQLTRACE end writer ThreadId(4) rows=1 SELECT 1 FROM schema_migrations WHERE version = ?
2026-10-05T12:03:38.606245021Z SQLTRACE start writer ThreadId(4) SELECT 1 FROM schema_migrations WHERE version = '20251126130131'
2026-10-05T12:03:38.606248313Z SQLTRACE end writer ThreadId(4) rows=1 SELECT 1 FROM schema_migrations WHERE version = ?
2026-10-05T12:03:38.606251605Z SQLTRACE start writer ThreadId(4) SELECT 1 FROM schema_migrations WHERE version = '20251212154340'
2026-10-05T12:03:38.606256105Z SQLTRACE end writer ThreadId(4) rows=1 SELECT 1 FROM schema_migrations WHERE version = ?
2026-10-05T12:03:38.606311689Z SQLTRACE start writer ThreadId(4) CREATE INDEX IF NOT EXISTS "index_messages_on_room_id_and_created_at" ON "messages" ("room_id", "created_at")
2026-10-05T12:03:38.607029245Z SQLTRACE end writer ThreadId(4) rows=1 CREATE INDEX IF NOT EXISTS "index_messages_on_room_id_and_created_at" ON "messages" ("room_id", "created_at")
2026-10-05T12:03:38.608051432Z SQLTRACE start writer ThreadId(8) BEGIN IMMEDIATE
2026-10-05T12:03:38.608054973Z SQLTRACE end writer ThreadId(8) rows=0 BEGIN IMMEDIATE
2026-10-05T12:03:38.608132642Z SQLTRACE start writer ThreadId(8) UPDATE "memberships" SET "connected_at" = NULL, "connections" = 0, "updated_at" = '2026-10-05 12:03:38.608027' WHERE "memberships"."connected_at" >= '2026-10-05 12:02:38.608027'
2026-10-05T12:03:38.608136183Z SQLTRACE end writer ThreadId(8) rows=0 UPDATE "memberships" SET "connected_at" = ?, "connections" = ?, "updated_at" = ? WHERE "memberships"."connected_at" >= ?
2026-10-05T12:03:38.608137433Z SQLTRACE start writer ThreadId(8) COMMIT
2026-10-05T12:03:38.608138183Z SQLTRACE end writer ThreadId(8) rows=0 COMMIT
2026-10-05T12:03:38.612690231Z [2m2026-10-05T12:03:38.612585Z[0m [32m INFO[0m [2mcampfire_kit::front[0m[2m:[0m Server started [3mhttp[0m[2m=[0m:4490
2026-10-05T12:03:38.771176455Z [2m2026-10-05T12:03:38.771065Z[0m [32m INFO[0m [2mthruster[0m[2m:[0m Request [3mpath[0m[2m=[0m/up [3mstatus[0m[2m=[0m200 [3mdur[0m[2m=[0m11 [3mmethod[0m[2m=[0mGET [3mreq_content_length[0m[2m=[0m0 [3mreq_content_type[0m[2m=[0m [3mresp_content_length[0m[2m=[0m73 [3mresp_content_type[0m[2m=[0mtext/html; charset=utf-8 [3mremote_addr[0m[2m=[0m127.0.0.1:39048 [3muser_agent[0m[2m=[0mcurl/8.5.0 [3mcache[0m[2m=[0mmiss [3mquery[0m[2m=[0m [3mproto[0m[2m=[0m"HTTP/1.1"
2026-10-05T12:03:41.339224036Z SQLTRACE start reader ThreadId(2) SELECT COUNT(*) FROM "users"
2026-10-05T12:03:41.339238661Z SQLTRACE end reader ThreadId(2) rows=1 SELECT COUNT(*) FROM "users"
2026-10-05T12:03:41.339247328Z SQLTRACE start reader ThreadId(2) SELECT "users"."name", "users"."email_address" FROM "users" WHERE "users"."role" = 1 ORDER BY "users"."id" ASC LIMIT 1
2026-10-05T12:03:41.339252911Z SQLTRACE end reader ThreadId(2) rows=1 SELECT "users"."name", "users"."email_address" FROM "users" WHERE "users"."role" = 1 ORDER BY "users"."id" ASC LIMIT 1
2026-10-05T12:03:41.339289495Z SQLTRACE start reader ThreadId(2) SELECT "accounts"."id", "accounts"."name", "accounts"."join_code", "accounts"."custom_styles", "accounts"."settings", "accounts"."singleton_guard", "accounts"."created_at", "accounts"."updated_at" FROM "accounts" ORDER BY "accounts"."id" ASC LIMIT 1
2026-10-05T12:03:41.339293037Z SQLTRACE end reader ThreadId(2) rows=1 SELECT "accounts"."id", "accounts"."name", "accounts"."join_code", "accounts"."custom_styles", "accounts"."settings", "accounts"."singleton_guard", "accounts"."created_at", "accounts"."updated_at" FROM "accounts" ORDER BY "accounts"."id" ASC LIMIT 1
2026-10-05T12:03:41.339363997Z SQLTRACE start reader ThreadId(2) SELECT b.id, b.key, b.filename, b.content_type, b.metadata, b.service_name, b.byte_size, b.checksum, b.created_at FROM active_storage_blobs b JOIN active_storage_attachments a ON a.blob_id = b.id WHERE a.record_type = 'Account' AND a.record_id = 873240054 AND a.name = 'logo' ORDER BY a.id LIMIT 1
2026-10-05T12:03:41.339366413Z SQLTRACE end reader ThreadId(2) rows=0 SELECT b.id, b.key, b.filename, b.content_type, b.metadata, b.service_name, b.byte_size, b.checksum, b.created_at FROM active_storage_blobs b JOIN active_storage_attachments a ON a.blob_id = b.id WHERE a.record_type = ?1 AND a.record_id = ?2 AND a.name = ?3 ORDER BY a.id LIMIT 1
2026-10-05T12:03:41.339595376Z [2m2026-10-05T12:03:41.339528Z[0m [32m INFO[0m [2mthruster[0m[2m:[0m Request [3mpath[0m[2m=[0m/session/new [3mstatus[0m[2m=[0m200 [3mdur[0m[2m=[0m0 [3mmethod[0m[2m=[0mGET [3mreq_content_length[0m[2m=[0m0 [3mreq_content_type[0m[2m=[0m [3mresp_content_length[0m[2m=[0m24681 [3mresp_content_type[0m[2m=[0mtext/html; charset=utf-8 [3mremote_addr[0m[2m=[0m127.0.0.1:47396 [3muser_agent[0m[2m=[0m [3mcache[0m[2m=[0mmiss [3mquery[0m[2m=[0m [3mproto[0m[2m=[0m"HTTP/1.1"
2026-10-05T12:03:41.340802108Z SQLTRACE start reader ThreadId(5) SELECT 1 AS one FROM "bans" WHERE "bans"."ip_address" = '127.0.0.1' LIMIT 1
2026-10-05T12:03:41.340807899Z SQLTRACE end reader ThreadId(5) rows=0 SELECT 1 AS one FROM "bans" WHERE "bans"."ip_address" = ? LIMIT 1
2026-10-05T12:03:41.340862901Z SQLTRACE start reader ThreadId(5) SELECT "users"."id", "users"."name", "users"."email_address", "users"."password_digest", "users"."role", "users"."status", "users"."bio", "users"."bot_token", "users"."created_at", "users"."updated_at" FROM "users" WHERE "users"."status" = 0 AND "users"."email_address" = 'david@37signals.com' LIMIT 1
2026-10-05T12:03:41.340866526Z SQLTRACE end reader ThreadId(5) rows=1 SELECT "users"."id", "users"."name", "users"."email_address", "users"."password_digest", "users"."role", "users"."status", "users"."bio", "users"."bot_token", "users"."created_at", "users"."updated_at" FROM "users" WHERE "users"."status" = 0 AND "users"."email_address" = ? LIMIT 1
2026-10-05T12:03:41.511742681Z SQLTRACE start writer ThreadId(8) BEGIN IMMEDIATE
2026-10-05T12:03:41.511746931Z SQLTRACE end writer ThreadId(8) rows=0 BEGIN IMMEDIATE
2026-10-05T12:03:41.511779723Z SQLTRACE start writer ThreadId(8) INSERT INTO "sessions" ("created_at", "ip_address", "last_active_at", "token", "updated_at", "user_agent", "user_id") VALUES ('2026-10-05 12:03:41.511710', '127.0.0.1', '2026-10-05 12:03:41.511710', 'vZuXbHrmde1pgqLcyxsVoq6x', '2026-10-05 12:03:41.511710', NULL, 127326141) RETURNING "id"
2026-10-05T12:03:41.511838766Z SQLTRACE end writer ThreadId(8) rows=1 INSERT INTO "sessions" ("created_at", "ip_address", "last_active_at", "token", "updated_at", "user_agent", "user_id") VALUES (?, ?, ?, ?, ?, ?, ?) RETURNING "id"
2026-10-05T12:03:41.511841308Z SQLTRACE start writer ThreadId(8) COMMIT
2026-10-05T12:03:41.511904601Z SQLTRACE end writer ThreadId(8) rows=0 COMMIT
2026-10-05T12:03:41.512251774Z [2m2026-10-05T12:03:41.512193Z[0m [32m INFO[0m [2mthruster[0m[2m:[0m Request [3mpath[0m[2m=[0m/session [3mstatus[0m[2m=[0m302 [3mdur[0m[2m=[0m171 [3mmethod[0m[2m=[0mPOST [3mreq_content_length[0m[2m=[0m77 [3mreq_content_type[0m[2m=[0mapplication/x-www-form-urlencoded [3mresp_content_length[0m[2m=[0m0 [3mresp_content_type[0m[2m=[0mtext/html; charset=utf-8 [3mremote_addr[0m[2m=[0m127.0.0.1:47406 [3muser_agent[0m[2m=[0m [3mcache[0m[2m=[0mbypass [3mquery[0m[2m=[0m [3mproto[0m[2m=[0m"HTTP/1.1"
2026-10-05T12:03:41.515233456Z SQLTRACE start reader ThreadId(5) SELECT "sessions"."id", "sessions"."user_id", "sessions"."token", "sessions"."ip_address", "sessions"."user_agent", "sessions"."last_active_at", "sessions"."created_at", "sessions"."updated_at" FROM "sessions" WHERE "sessions"."token" = 'vZuXbHrmde1pgqLcyxsVoq6x' LIMIT 1
2026-10-05T12:03:41.515239290Z SQLTRACE end reader ThreadId(5) rows=1 SELECT "sessions"."id", "sessions"."user_id", "sessions"."token", "sessions"."ip_address", "sessions"."user_agent", "sessions"."last_active_at", "sessions"."created_at", "sessions"."updated_at" FROM "sessions" WHERE "sessions"."token" = ? LIMIT 1
2026-10-05T12:03:41.515256248Z SQLTRACE start reader ThreadId(5) SELECT "users"."id", "users"."name", "users"."email_address", "users"."password_digest", "users"."role", "users"."status", "users"."bio", "users"."bot_token", "users"."created_at", "users"."updated_at" FROM "users" WHERE "users"."id" = 127326141 LIMIT 1
2026-10-05T12:03:41.515258582Z SQLTRACE end reader ThreadId(5) rows=1 SELECT "users"."id", "users"."name", "users"."email_address", "users"."password_digest", "users"."role", "users"."status", "users"."bio", "users"."bot_token", "users"."created_at", "users"."updated_at" FROM "users" WHERE "users"."id" = ? LIMIT 1
2026-10-05T12:03:41.515303416Z SQLTRACE start reader ThreadId(5) SELECT "rooms"."id", "rooms"."name", "rooms"."type", "rooms"."creator_id", "rooms"."created_at", "rooms"."updated_at" FROM "rooms" INNER JOIN "memberships" ON "rooms"."id" = "memberships"."room_id" WHERE "memberships"."user_id" = 127326141 AND "rooms"."id" = 486777696 LIMIT 1
2026-10-05T12:03:41.515310874Z SQLTRACE end reader ThreadId(5) rows=1 SELECT "rooms"."id", "rooms"."name", "rooms"."type", "rooms"."creator_id", "rooms"."created_at", "rooms"."updated_at" FROM "rooms" INNER JOIN "memberships" ON "rooms"."id" = "memberships"."room_id" WHERE "memberships"."user_id" = ? AND "rooms"."id" = ? LIMIT 1
2026-10-05T12:03:41.515375042Z SQLTRACE start reader ThreadId(5) SELECT "messages"."id", "messages"."room_id", "messages"."creator_id", "messages"."client_message_id", "messages"."created_at", "messages"."updated_at" FROM "messages" WHERE "messages"."room_id" = 486777696 ORDER BY "messages"."created_at" DESC LIMIT 40
2026-10-05T12:03:41.515378001Z SQLTRACE end reader ThreadId(5) rows=40 SELECT "messages"."id", "messages"."room_id", "messages"."creator_id", "messages"."client_message_id", "messages"."created_at", "messages"."updated_at" FROM "messages" WHERE "messages"."room_id" = ? ORDER BY "messages"."created_at" DESC LIMIT 40
2026-10-05T12:03:41.515430252Z SQLTRACE start reader ThreadId(5) SELECT "rooms"."id", "rooms"."name", "rooms"."type", "rooms"."creator_id", "rooms"."created_at", "rooms"."updated_at" FROM "rooms" ORDER BY "rooms"."created_at" ASC LIMIT 1
2026-10-05T12:03:41.515432710Z SQLTRACE end reader ThreadId(5) rows=1 SELECT "rooms"."id", "rooms"."name", "rooms"."type", "rooms"."creator_id", "rooms"."created_at", "rooms"."updated_at" FROM "rooms" ORDER BY "rooms"."created_at" ASC LIMIT 1
2026-10-05T12:03:41.515642922Z SQLTRACE start reader ThreadId(5) SELECT "rooms"."id", "rooms"."name", "rooms"."type", "rooms"."creator_id", "rooms"."created_at", "rooms"."updated_at" FROM "rooms" WHERE "rooms"."id" = 486777696 LIMIT 1
2026-10-05T12:03:41.515646089Z SQLTRACE end reader ThreadId(5) rows=1 SELECT "rooms"."id", "rooms"."name", "rooms"."type", "rooms"."creator_id", "rooms"."created_at", "rooms"."updated_at" FROM "rooms" WHERE "rooms"."id" = ? LIMIT 1
2026-10-05T12:03:41.515647173Z SQLTRACE start reader ThreadId(5) SELECT "action_text_rich_texts"."id", "action_text_rich_texts"."name", "action_text_rich_texts"."body", "action_text_rich_texts"."record_type", "action_text_rich_texts"."record_id", "action_text_rich_texts"."created_at", "action_text_rich_texts"."updated_at" FROM "action_text_rich_texts" WHERE "action_text_rich_texts"."record_id" = 933434601 AND "action_text_rich_texts"."record_type" = 'Message' AND "action_text_rich_texts"."name" = 'body' LIMIT 1
2026-10-05T12:03:41.515648964Z SQLTRACE end reader ThreadId(5) rows=1 SELECT "action_text_rich_texts"."id", "action_text_rich_texts"."name", "action_text_rich_texts"."body", "action_text_rich_texts"."record_type", "action_text_rich_texts"."record_id", "action_text_rich_texts"."created_at", "action_text_rich_texts"."updated_at" FROM "action_text_rich_texts" WHERE "action_text_rich_texts"."record_id" = ? AND "action_text_rich_texts"."record_type" = ? AND "action_text_rich_texts"."name" = ? LIMIT 1
2026-10-05T12:03:41.515698299Z SQLTRACE start reader ThreadId(5) SELECT "users"."id", "users"."name", "users"."email_address", "users"."password_digest", "users"."role", "users"."status", "users"."bio", "users"."bot_token", "users"."created_at", "users"."updated_at" FROM "users" WHERE "users"."id" = 127326141 LIMIT 1
2026-10-05T12:03:41.515703507Z SQLTRACE end reader ThreadId(5) rows=1 SELECT "users"."id", "users"."name", "users"."email_address", "users"."password_digest", "users"."role", "users"."status", "users"."bio", "users"."bot_token", "users"."created_at", "users"."updated_at" FROM "users" WHERE "users"."id" = ? LIMIT 1
2026-10-05T12:03:41.515880760Z SQLTRACE start reader ThreadId(5) SELECT "action_text_rich_texts"."id", "action_text_rich_texts"."name", "action_text_rich_texts"."body", "action_text_rich_texts"."record_type", "action_text_rich_texts"."record_id", "action_text_rich_texts"."created_at", "action_text_rich_texts"."updated_at" FROM "action_text_rich_texts" WHERE "action_text_rich_texts"."record_id" = 933434601 AND "action_text_rich_texts"."record_type" = 'Message' AND "action_text_rich_texts"."name" = 'body' LIMIT 1
2026-10-05T12:03:41.515886219Z SQLTRACE end reader ThreadId(5) rows=1 SELECT "action_text_rich_texts"."id", "action_text_rich_texts"."name", "action_text_rich_texts"."body", "action_text_rich_texts"."record_type", "action_text_rich_texts"."record_id", "action_text_rich_texts"."created_at", "action_text_rich_texts"."updated_at" FROM "action_text_rich_texts" WHERE "action_text_rich_texts"."record_id" = ? AND "action_text_rich_texts"."record_type" = ? AND "action_text_rich_texts"."name" = ? LIMIT 1
2026-10-05T12:03:41.515888052Z SQLTRACE start reader ThreadId(5) SELECT b.id, b.key, b.filename, b.content_type, b.metadata, b.service_name, b.byte_size, b.checksum, b.created_at FROM active_storage_blobs b JOIN active_storage_attachments a ON a.blob_id = b.id WHERE a.record_type = 'Message' AND a.record_id = 933434601 AND a.name = 'attachment' ORDER BY a.id LIMIT 1
2026-10-05T12:03:41.515889219Z SQLTRACE end reader ThreadId(5) rows=0 SELECT b.id, b.key, b.filename, b.content_type, b.metadata, b.service_name, b.byte_size, b.checksum, b.created_at FROM active_storage_blobs b JOIN active_storage_attachments a ON a.blob_id = b.id WHERE a.record_type = ?1 AND a.record_id = ?2 AND a.name = ?3 ORDER BY a.id LIMIT 1
2026-10-05T12:03:41.516287768Z SQLTRACE start reader ThreadId(5) SELECT "boosts"."id", "boosts"."message_id", "boosts"."booster_id", "boosts"."content", "boosts"."created_at", "boosts"."updated_at" FROM "boosts" WHERE "boosts"."message_id" = 933434601 ORDER BY "boosts"."created_at" ASC
2026-10-05T12:03:41.516290477Z SQLTRACE end reader ThreadId(5) rows=0 SELECT "boosts"."id", "boosts"."message_id", "boosts"."booster_id", "boosts"."content", "boosts"."created_at", "boosts"."updated_at" FROM "boosts" WHERE "boosts"."message_id" = ? ORDER BY "boosts"."created_at" ASC
2026-10-05T12:03:41.516291768Z SQLTRACE start reader ThreadId(5) SELECT "action_text_rich_texts"."id", "action_text_rich_texts"."name", "action_text_rich_texts"."body", "action_text_rich_texts"."record_type", "action_text_rich_texts"."record_id", "action_text_rich_texts"."created_at", "action_text_rich_texts"."updated_at" FROM "action_text_rich_texts" WHERE "action_text_rich_texts"."record_id" = 933434602 AND "action_text_rich_texts"."record_type" = 'Message' AND "action_text_rich_texts"."name" = 'body' LIMIT 1
2026-10-05T12:03:41.516293185Z SQLTRACE end reader ThreadId(5) rows=1 SELECT "action_text_rich_texts"."id", "action_text_rich_texts"."name", "action_text_rich_texts"."body", "action_text_rich_texts"."record_type", "action_text_rich_texts"."record_id", "action_text_rich_texts"."created_at", "action_text_rich_texts"."updated_at" FROM "action_text_rich_texts" WHERE "action_text_rich_texts"."record_id" = ? AND "action_text_rich_texts"."record_type" = ? AND "action_text_rich_texts"."name" = ? LIMIT 1
2026-10-05T12:03:41.516297268Z SQLTRACE start reader ThreadId(5) SELECT "users"."id", "users"."name", "users"."email_address", "users"."password_digest", "users"."role", "users"."status", "users"."bio", "users"."bot_token", "users"."created_at", "users"."updated_at" FROM "users" WHERE "users"."id" = 149087659 LIMIT 1
2026-10-05T12:03:41.516298518Z SQLTRACE end reader ThreadId(5) rows=1 SELECT "users"."id", "users"."name", "users"."email_address", "users"."password_digest", "users"."role", "users"."status", "users"."bio", "users"."bot_token", "users"."created_at", "users"."updated_at" FROM "users" WHERE "users"."id" = ? LIMIT 1
2026-10-05T12:03:41.516300018Z SQLTRACE start reader ThreadId(5) SELECT "action_text_rich_texts"."id", "action_text_rich_texts"."name", "action_text_rich_texts"."body", "action_text_rich_texts"."record_type", "action_text_rich_texts"."record_id", "action_text_rich_texts"."created_at", "action_text_rich_texts"."updated_at" FROM "action_text_rich_texts" WHERE "action_text_rich_texts"."record_id" = 933434602 AND "action_text_rich_texts"."record_type" = 'Message' AND "action_text_rich_texts"."name" = 'body' LIMIT 1
2026-10-05T12:03:41.516301310Z SQLTRACE end reader ThreadId(5) rows=1 SELECT "action_text_rich_texts"."id", "action_text_rich_texts"."name", "action_text_rich_texts"."body", "action_text_rich_texts"."record_type", "action_text_rich_texts"."record_id", "action_text_rich_texts"."created_at", "action_text_rich_texts"."updated_at" FROM "action_text_rich_texts" WHERE "action_text_rich_texts"."record_id" = ? AND "action_text_rich_texts"."record_type" = ? AND "action_text_rich_texts"."name" = ? LIMIT 1
2026-10-05T12:03:41.516368186Z SQLTRACE start reader ThreadId(5) SELECT b.id, b.key, b.filename, b.content_type, b.metadata, b.service_name, b.byte_size, b.checksum, b.created_at FROM active_storage_blobs b JOIN active_storage_attachments a ON a.blob_id = b.id WHERE a.record_type = 'Message' AND a.record_id = 933434602 AND a.name = 'attachment' ORDER BY a.id LIMIT 1
2026-10-05T12:03:41.516370436Z SQLTRACE end reader ThreadId(5) rows=0 SELECT b.id, b.key, b.filename, b.content_type, b.metadata, b.service_name, b.byte_size, b.checksum, b.created_at FROM active_storage_blobs b JOIN active_storage_attachments a ON a.blob_id = b.id WHERE a.record_type = ?1 AND a.record_id = ?2 AND a.name = ?3 ORDER BY a.id LIMIT 1
2026-10-05T12:03:41.516371436Z SQLTRACE start reader ThreadId(5) SELECT "boosts"."id", "boosts"."message_id", "boosts"."booster_id", "boosts"."content", "boosts"."created_at", "boosts"."updated_at" FROM "boosts" WHERE "boosts"."message_id" = 933434602 ORDER BY "boosts"."created_at" ASC
2026-10-05T12:03:41.516372478Z SQLTRACE end reader ThreadId(5) rows=0 SELECT "boosts"."id", "boosts"."message_id", "boosts"."booster_id", "boosts"."content", "boosts"."created_at", "boosts"."updated_at" FROM "boosts" WHERE "boosts"."message_id" = ? ORDER BY "boosts"."created_at" ASC
2026-10-05T12:03:41.516373520Z SQLTRACE start reader ThreadId(5) SELECT "action_text_rich_texts"."id", "action_text_rich_texts"."name", "action_text_rich_texts"."body", "action_text_rich_texts"."record_type", "action_text_rich_texts"."record_id", "action_text_rich_texts"."created_at", "action_text_rich_texts"."updated_at" FROM "action_text_rich_texts" WHERE "action_text_rich_texts"."record_id" = 933434603 AND "action_text_rich_texts"."record_type" = 'Message' AND "action_text_rich_texts"."name" = 'body' LIMIT 1
2026-10-05T12:03:41.516376603Z SQLTRACE end reader ThreadId(5) rows=1 SELECT "action_text_rich_texts"."id", "action_text_rich_texts"."name", "action_text_rich_texts"."body", "action_text_rich_texts"."record_type", "action_text_rich_texts"."record_id", "action_text_rich_texts"."created_at", "action_text_rich_texts"."updated_at" FROM "action_text_rich_texts" WHERE "action_text_rich_texts"."record_id" = ? AND "action_text_rich_texts"."record_type" = ? AND "action_text_rich_texts"."name" = ? LIMIT 1
2026-10-05T12:03:41.516377895Z SQLTRACE start reader ThreadId(5) SELECT "users"."id", "users"."name", "users"."email_address", "users"."password_digest", "users"."role", "users"."status", "users"."bio", "users"."bot_token", "users"."created_at", "users"."updated_at" FROM "users" WHERE "users"."id" = 394959859 LIMIT 1
2026-10-05T12:03:41.516378937Z SQLTRACE end reader ThreadId(5) rows=1 SELECT "users"."id", "users"."name", "users"."email_address", "users"."password_digest", "users"."role", "users"."status", "users"."bio", "users"."bot_token", "users"."created_at", "users"."updated_at" FROM "users" WHERE "users"."id" = ? LIMIT 1
2026-10-05T12:03:41.516382812Z SQLTRACE start reader ThreadId(5) SELECT "action_text_rich_texts"."id", "action_text_rich_texts"."name", "action_text_rich_texts"."body", "action_text_rich_texts"."record_type", "action_text_rich_texts"."record_id", "action_text_rich_texts"."created_at", "action_text_rich_texts"."updated_at" FROM "action_text_rich_texts" WHERE "action_text_rich_texts"."record_id" = 933434603 AND "action_text_rich_texts"."record_type" = 'Message' AND "action_text_rich_texts"."name" = 'body' LIMIT 1
2026-10-05T12:03:41.516384103Z SQLTRACE end reader ThreadId(5) rows=1 SELECT "action_text_rich_texts"."id", "action_text_rich_texts"."name", "action_text_rich_texts"."body", "action_text_rich_texts"."record_type", "action_text_rich_texts"."record_id", "action_text_rich_texts"."created_at", "action_text_rich_texts"."updated_at" FROM "action_text_rich_texts" WHERE "action_text_rich_texts"."record_id" = ? AND "action_text_rich_texts"."record_type" = ? AND "action_text_rich_texts"."name" = ? LIMIT 1
2026-10-05T12:03:41.516385312Z SQLTRACE start reader ThreadId(5) SELECT b.id, b.key, b.filename, b.content_type, b.metadata, b.service_name, b.byte_size, b.checksum, b.created_at FROM active_storage_blobs b JOIN active_storage_attachments a ON a.blob_id = b.id WHERE a.record_type = 'Message' AND a.record_id = 933434603 AND a.name = 'attachment' ORDER BY a.id LIMIT 1
2026-10-05T12:03:41.516386270Z SQLTRACE end reader ThreadId(5) rows=0 SELECT b.id, b.key, b.filename, b.content_type, b.metadata, b.service_name, b.byte_size, b.checksum, b.created_at FROM active_storage_blobs b JOIN active_storage_attachments a ON a.blob_id = b.id WHERE a.record_type = ?1 AND a.record_id = ?2 AND a.name = ?3 ORDER BY a.id LIMIT 1
2026-10-05T12:03:41.516387187Z SQLTRACE start reader ThreadId(5) SELECT "boosts"."id", "boosts"."message_id", "boosts"."booster_id", "boosts"."content", "boosts"."created_at", "boosts"."updated_at" FROM "boosts" WHERE "boosts"."message_id" = 933434603 ORDER BY "boosts"."created_at" ASC
2026-10-05T12:03:41.516388395Z SQLTRACE end reader ThreadId(5) rows=0 SELECT "boosts"."id", "boosts"."message_id", "boosts"."booster_id", "boosts"."content", "boosts"."created_at", "boosts"."updated_at" FROM "boosts" WHERE "boosts"."message_id" = ? ORDER BY "boosts"."created_at" ASC
2026-10-05T12:03:41.516392687Z SQLTRACE start reader ThreadId(5) SELECT "action_text_rich_texts"."id", "action_text_rich_texts"."name", "action_text_rich_texts"."body", "action_text_rich_texts"."record_type", "action_text_rich_texts"."record_id", "action_text_rich_texts"."created_at", "action_text_rich_texts"."updated_at" FROM "action_text_rich_texts" WHERE "action_text_rich_texts"."record_id" = 933434604 AND "action_text_rich_texts"."record_type" = 'Message' AND "action_text_rich_texts"."name" = 'body' LIMIT 1
2026-10-05T12:03:41.516493439Z SQLTRACE end reader ThreadId(5) rows=1 SELECT "action_text_rich_texts"."id", "action_text_rich_texts"."name", "action_text_rich_texts"."body", "action_text_rich_texts"."record_type", "action_text_rich_texts"."record_id", "action_text_rich_texts"."created_at", "action_text_rich_texts"."updated_at" FROM "action_text_rich_texts" WHERE "action_text_rich_texts"."record_id" = ? AND "action_text_rich_texts"."record_type" = ? AND "action_text_rich_texts"."name" = ? LIMIT 1
2026-10-05T12:03:41.516497772Z SQLTRACE start reader ThreadId(5) SELECT "action_text_rich_texts"."id", "action_text_rich_texts"."name", "action_text_rich_texts"."body", "action_text_rich_texts"."record_type", "action_text_rich_texts"."record_id", "action_text_rich_texts"."created_at", "action_text_rich_texts"."updated_at" FROM "action_text_rich_texts" WHERE "action_text_rich_texts"."record_id" = 933434604 AND "action_text_rich_texts"."record_type" = 'Message' AND "action_text_rich_texts"."name" = 'body' LIMIT 1
2026-10-05T12:03:41.516499356Z SQLTRACE end reader ThreadId(5) rows=1 SELECT "action_text_rich_texts"."id", "action_text_rich_texts"."name", "action_text_rich_texts"."body", "action_text_rich_texts"."record_type", "action_text_rich_texts"."record_id", "action_text_rich_texts"."created_at", "action_text_rich_texts"."updated_at" FROM "action_text_rich_texts" WHERE "action_text_rich_texts"."record_id" = ? AND "action_text_rich_texts"."record_type" = ? AND "action_text_rich_texts"."name" = ? LIMIT 1
2026-10-05T12:03:41.516500689Z SQLTRACE start reader ThreadId(5) SELECT b.id, b.key, b.filename, b.content_type, b.metadata, b.service_name, b.byte_size, b.checksum, b.created_at FROM active_storage_blobs b JOIN active_storage_attachments a ON a.blob_id = b.id WHERE a.record_type = 'Message' AND a.record_id = 933434604 AND a.name = 'attachment' ORDER BY a.id LIMIT 1
2026-10-05T12:03:41.516501647Z SQLTRACE end reader ThreadId(5) rows=0 SELECT b.id, b.key, b.filename, b.content_type, b.metadata, b.service_name, b.byte_size, b.checksum, b.created_at FROM active_storage_blobs b JOIN active_storage_attachments a ON a.blob_id = b.id WHERE a.record_type = ?1 AND a.record_id = ?2 AND a.name = ?3 ORDER BY a.id LIMIT 1
2026-10-05T12:03:41.516502689Z SQLTRACE start reader ThreadId(5) SELECT "boosts"."id", "boosts"."message_id", "boosts"."booster_id", "boosts"."content", "boosts"."created_at", "boosts"."updated_at" FROM "boosts" WHERE "boosts"."message_id" = 933434604 ORDER BY "boosts"."created_at" ASC
2026-10-05T12:03:41.516503856Z SQLTRACE end reader ThreadId(5) rows=0 SELECT "boosts"."id", "boosts"."message_id", "boosts"."booster_id", "boosts"."content", "boosts"."created_at", "boosts"."updated_at" FROM "boosts" WHERE "boosts"."message_id" = ? ORDER BY "boosts"."created_at" ASC
2026-10-05T12:03:41.516504856Z SQLTRACE start reader ThreadId(5) SELECT "action_text_rich_texts"."id", "action_text_rich_texts"."name", "action_text_rich_texts"."body", "action_text_rich_texts"."record_type", "action_text_rich_texts"."record_id", "action_text_rich_texts"."created_at", "action_text_rich_texts"."updated_at" FROM "action_text_rich_texts" WHERE "action_text_rich_texts"."record_id" = 933434605 AND "action_text_rich_texts"."record_type" = 'Message' AND "action_text_rich_texts"."name" = 'body' LIMIT 1
2026-10-05T12:03:41.516513481Z SQLTRACE end reader ThreadId(5) rows=1 SELECT "action_text_rich_texts"."id", "action_text_rich_texts"."name", "action_text_rich_texts"."body", "action_text_rich_texts"."record_type", "action_text_rich_texts"."record_id", "action_text_rich_texts"."created_at", "action_text_rich_texts"."updated_at" FROM "action_text_rich_texts" WHERE "action_text_rich_texts"."record_id" = ? AND "action_text_rich_texts"."record_type" = ? AND "action_text_rich_texts"."name" = ? LIMIT 1
2026-10-05T12:03:41.516544773Z SQLTRACE start reader ThreadId(5) SELECT "action_text_rich_texts"."id", "action_text_rich_texts"."name", "action_text_rich_texts"."body", "action_text_rich_texts"."record_type", "action_text_rich_texts"."record_id", "action_text_rich_texts"."created_at", "action_text_rich_texts"."updated_at" FROM "action_text_rich_texts" WHERE "action_text_rich_texts"."record_id" = 933434605 AND "action_text_rich_texts"."record_type" = 'Message' AND "action_text_rich_texts"."name" = 'body' LIMIT 1
2026-10-05T12:03:41.516547106Z SQLTRACE end reader ThreadId(5) rows=1 SELECT "action_text_rich_texts"."id", "action_text_rich_texts"."name", "action_text_rich_texts"."body", "action_text_rich_texts"."record_type", "action_text_rich_texts"."record_id", "action_text_rich_texts"."created_at", "action_text_rich_texts"."updated_at" FROM "action_text_rich_texts" WHERE "action_text_rich_texts"."record_id" = ? AND "action_text_rich_texts"."record_type" = ? AND "action_text_rich_texts"."name" = ? LIMIT 1
2026-10-05T12:03:41.516548315Z SQLTRACE start reader ThreadId(5) SELECT b.id, b.key, b.filename, b.content_type, b.metadata, b.service_name, b.byte_size, b.checksum, b.created_at FROM active_storage_blobs b JOIN active_storage_attachments a ON a.blob_id = b.id WHERE a.record_type = 'Message' AND a.record_id = 933434605 AND a.name = 'attachment' ORDER BY a.id LIMIT 1
2026-10-05T12:03:41.516549273Z SQLTRACE end reader ThreadId(5) rows=0 SELECT b.id, b.key, b.filename, b.content_type, b.metadata, b.service_name, b.byte_size, b.checksum, b.created_at FROM active_storage_blobs b JOIN active_storage_attachments a ON a.blob_id = b.id WHERE a.record_type = ?1 AND a.record_id = ?2 AND a.name = ?3 ORDER BY a.id LIMIT 1
2026-10-05T12:03:41.516550273Z SQLTRACE start reader ThreadId(5) SELECT "boosts"."id", "boosts"."message_id", "boosts"."booster_id", "boosts"."content", "boosts"."created_at", "boosts"."updated_at" FROM "boosts" WHERE "boosts"."message_id" = 933434605 ORDER BY "boosts"."created_at" ASC
2026-10-05T12:03:41.516551440Z SQLTRACE end reader ThreadId(5) rows=0 SELECT "boosts"."id", "boosts"."message_id", "boosts"."booster_id", "boosts"."content", "boosts"."created_at", "boosts"."updated_at" FROM "boosts" WHERE "boosts"."message_id" = ? ORDER BY "boosts"."created_at" ASC
2026-10-05T12:03:41.516552482Z SQLTRACE start reader ThreadId(5) SELECT "action_text_rich_texts"."id", "action_text_rich_texts"."name", "action_text_rich_texts"."body", "action_text_rich_texts"."record_type", "action_text_rich_texts"."record_id", "action_text_rich_texts"."created_at", "action_text_rich_texts"."updated_at" FROM "action_text_rich_texts" WHERE "action_text_rich_texts"."record_id" = 933434606 AND "action_text_rich_texts"."record_type" = 'Message' AND "action_text_rich_texts"."name" = 'body' LIMIT 1
2026-10-05T12:03:41.516555565Z SQLTRACE end reader ThreadId(5) rows=1 SELECT "action_text_rich_texts"."id", "action_text_rich_texts"."name", "action_text_rich_texts"."body", "action_text_rich_texts"."record_type", "action_text_rich_texts"."record_id", "action_text_rich_texts"."created_at", "action_text_rich_texts"."updated_at" FROM "action_text_rich_texts" WHERE "action_text_rich_texts"."record_id" = ? AND "action_text_rich_texts"."record_type" = ? AND "action_text_rich_texts"."name" = ? LIMIT 1
2026-10-05T12:03:41.516556815Z SQLTRACE start reader ThreadId(5) SELECT "action_text_rich_texts"."id", "action_text_rich_texts"."name", "action_text_rich_texts"."body", "action_text_rich_texts"."record_type", "action_text_rich_texts"."record_id", "action_text_rich_texts"."created_at", "action_text_rich_texts"."updated_at" FROM "action_text_rich_texts" WHERE "action_text_rich_texts"."record_id" = 933434606 AND "action_text_rich_texts"."record_type" = 'Message' AND "action_text_rich_texts"."name" = 'body' LIMIT 1
2026-10-05T12:03:41.516558107Z SQLTRACE end reader ThreadId(5) rows=1 SELECT "action_text_rich_texts"."id", "action_text_rich_texts"."name", "action_text_rich_texts"."body", "action_text_rich_texts"."record_type", "action_text_rich_texts"."record_id", "action_text_rich_texts"."created_at", "action_text_rich_texts"."updated_at" FROM "action_text_rich_texts" WHERE "action_text_rich_texts"."record_id" = ? AND "action_text_rich_texts"."record_type" = ? AND "action_text_rich_texts"."name" = ? LIMIT 1
2026-10-05T12:03:41.516559440Z SQLTRACE start reader ThreadId(5) SELECT b.id, b.key, b.filename, b.content_type, b.metadata, b.service_name, b.byte_size, b.checksum, b.created_at FROM active_storage_blobs b JOIN active_storage_attachments a ON a.blob_id = b.id WHERE a.record_type = 'Message' AND a.record_id = 933434606 AND a.name = 'attachment' ORDER BY a.id LIMIT 1
2026-10-05T12:03:41.516560357Z SQLTRACE end reader ThreadId(5) rows=0 SELECT b.id, b.key, b.filename, b.content_type, b.metadata, b.service_name, b.byte_size, b.checksum, b.created_at FROM active_storage_blobs b JOIN active_storage_attachments a ON a.blob_id = b.id WHERE a.record_type = ?1 AND a.record_id = ?2 AND a.name = ?3 ORDER BY a.id LIMIT 1
2026-10-05T12:03:41.516583649Z SQLTRACE start reader ThreadId(5) SELECT "boosts"."id", "boosts"."message_id", "boosts"."booster_id", "boosts"."content", "boosts"."created_at", "boosts"."updated_at" FROM "boosts" WHERE "boosts"."message_id" = 933434606 ORDER BY "boosts"."created_at" ASC
2026-10-05T12:03:41.516585274Z SQLTRACE end reader ThreadId(5) rows=0 SELECT "boosts"."id", "boosts"."message_id", "boosts"."booster_id", "boosts"."content", "boosts"."created_at", "boosts"."updated_at" FROM "boosts" WHERE "boosts"."message_id" = ? ORDER BY "boosts"."created_at" ASC
2026-10-05T12:03:41.516586274Z SQLTRACE start reader ThreadId(5) SELECT "action_text_rich_texts"."id", "action_text_rich_texts"."name", "action_text_rich_texts"."body", "action_text_rich_texts"."record_type", "action_text_rich_texts"."record_id", "action_text_rich_texts"."created_at", "action_text_rich_texts"."updated_at" FROM "action_text_rich_texts" WHERE "action_text_rich_texts"."record_id" = 933434607 AND "action_text_rich_texts"."record_type" = 'Message' AND "action_text_rich_texts"."name" = 'body' LIMIT 1
2026-10-05T12:03:41.516588816Z SQLTRACE end reader ThreadId(5) rows=1 SELECT "action_text_rich_texts"."id", "action_text_rich_texts"."name", "action_text_rich_texts"."body", "action_text_rich_texts"."record_type", "action_text_rich_texts"."record_id", "action_text_rich_texts"."created_at", "action_text_rich_texts"."updated_at" FROM "action_text_rich_texts" WHERE "action_text_rich_texts"."record_id" = ? AND "action_text_rich_texts"."record_type" = ? AND "action_text_rich_texts"."name" = ? LIMIT 1
2026-10-05T12:03:41.516590066Z SQLTRACE start reader ThreadId(5) SELECT "action_text_rich_texts"."id", "action_text_rich_texts"."name", "action_text_rich_texts"."body", "action_text_rich_texts"."record_type", "action_text_rich_texts"."record_id", "action_text_rich_texts"."created_at", "action_text_rich_texts"."updated_at" FROM "action_text_rich_texts" WHERE "action_text_rich_texts"."record_id" = 933434607 AND "action_text_rich_texts"."record_type" = 'Message' AND "action_text_rich_texts"."name" = 'body' LIMIT 1
2026-10-05T12:03:41.516591357Z SQLTRACE end reader ThreadId(5) rows=1 SELECT "action_text_rich_texts"."id", "action_text_rich_texts"."name", "action_text_rich_texts"."body", "action_text_rich_texts"."record_type", "action_text_rich_texts"."record_id", "action_text_rich_texts"."created_at", "action_text_rich_texts"."updated_at" FROM "action_text_rich_texts" WHERE "action_text_rich_texts"."record_id" = ? AND "action_text_rich_texts"."record_type" = ? AND "action_text_rich_texts"."name" = ? LIMIT 1
2026-10-05T12:03:41.516592732Z SQLTRACE start reader ThreadId(5) SELECT b.id, b.key, b.filename, b.content_type, b.metadata, b.service_name, b.byte_size, b.checksum, b.created_at FROM active_storage_blobs b JOIN active_storage_attachments a ON a.blob_id = b.id WHERE a.record_type = 'Message' AND a.record_id = 933434607 AND a.name = 'attachment' ORDER BY a.id LIMIT 1
2026-10-05T12:03:41.516593649Z SQLTRACE end reader ThreadId(5) rows=0 SELECT b.id, b.key, b.filename, b.content_type, b.metadata, b.service_name, b.byte_size, b.checksum, b.created_at FROM active_storage_blobs b JOIN active_storage_attachments a ON a.blob_id = b.id WHERE a.record_type = ?1 AND a.record_id = ?2 AND a.name = ?3 ORDER BY a.id LIMIT 1
2026-10-05T12:03:41.516686276Z SQLTRACE start reader ThreadId(5) SELECT "boosts"."id", "boosts"."message_id", "boosts"."booster_id", "boosts"."content", "boosts"."created_at", "boosts"."updated_at" FROM "boosts" WHERE "boosts"."message_id" = 933434607 ORDER BY "boosts"."created_at" ASC
2026-10-05T12:03:41.516688776Z SQLTRACE end reader ThreadId(5) rows=0 SELECT "boosts"."id", "boosts"."message_id", "boosts"."booster_id", "boosts"."content", "boosts"."created_at", "boosts"."updated_at" FROM "boosts" WHERE "boosts"."message_id" = ? ORDER BY "boosts"."created_at" ASC
2026-10-05T12:03:41.516690068Z SQLTRACE start reader ThreadId(5) SELECT "action_text_rich_texts"."id", "action_text_rich_texts"."name", "action_text_rich_texts"."body", "action_text_rich_texts"."record_type", "action_text_rich_texts"."record_id", "action_text_rich_texts"."created_at", "action_text_rich_texts"."updated_at" FROM "action_text_rich_texts" WHERE "action_text_rich_texts"."record_id" = 933434608 AND "action_text_rich_texts"."record_type" = 'Message' AND "action_text_rich_texts"."name" = 'body' LIMIT 1
2026-10-05T12:03:41.516691318Z SQLTRACE end reader ThreadId(5) rows=1 SELECT "action_text_rich_texts"."id", "action_text_rich_texts"."name", "action_text_rich_texts"."body", "action_text_rich_texts"."record_type", "action_text_rich_texts"."record_id", "action_text_rich_texts"."created_at", "action_text_rich_texts"."updated_at" FROM "action_text_rich_texts" WHERE "action_text_rich_texts"."record_id" = ? AND "action_text_rich_texts"."record_type" = ? AND "action_text_rich_texts"."name" = ? LIMIT 1
2026-10-05T12:03:41.516701526Z SQLTRACE start reader ThreadId(5) SELECT "action_text_rich_texts"."id", "action_text_rich_texts"."name", "action_text_rich_texts"."body", "action_text_rich_texts"."record_type", "action_text_rich_texts"."record_id", "action_text_rich_texts"."created_at", "action_text_rich_texts"."updated_at" FROM "action_text_rich_texts" WHERE "action_text_rich_texts"."record_id" = 933434608 AND "action_text_rich_texts"."record_type" = 'Message' AND "action_text_rich_texts"."name" = 'body' LIMIT 1
2026-10-05T12:03:41.516702943Z SQLTRACE end reader ThreadId(5) rows=1 SELECT "action_text_rich_texts"."id", "action_text_rich_texts"."name", "action_text_rich_texts"."body", "action_text_rich_texts"."record_type", "action_text_rich_texts"."record_id", "action_text_rich_texts"."created_at", "action_text_rich_texts"."updated_at" FROM "action_text_rich_texts" WHERE "action_text_rich_texts"."record_id" = ? AND "action_text_rich_texts"."record_type" = ? AND "action_text_rich_texts"."name" = ? LIMIT 1
2026-10-05T12:03:41.516704151Z SQLTRACE start reader ThreadId(5) SELECT b.id, b.key, b.filename, b.content_type, b.metadata, b.service_name, b.byte_size, b.checksum, b.created_at FROM active_storage_blobs b JOIN active_storage_attachments a ON a.blob_id = b.id WHERE a.record_type = 'Message' AND a.record_id = 933434608 AND a.name = 'attachment' ORDER BY a.id LIMIT 1
2026-10-05T12:03:41.516705068Z SQLTRACE end reader ThreadId(5) rows=0 SELECT b.id, b.key, b.filename, b.content_type, b.metadata, b.service_name, b.byte_size, b.checksum, b.created_at FROM active_storage_blobs b JOIN active_storage_attachments a ON a.blob_id = b.id WHERE a.record_type = ?1 AND a.record_id = ?2 AND a.name = ?3 ORDER BY a.id LIMIT 1
2026-10-05T12:03:41.516705985Z SQLTRACE start reader ThreadId(5) SELECT "boosts"."id", "boosts"."message_id", "boosts"."booster_id", "boosts"."content", "boosts"."created_at", "boosts"."updated_at" FROM "boosts" WHERE "boosts"."message_id" = 933434608 ORDER BY "boosts"."created_at" ASC
2026-10-05T12:03:41.516706985Z SQLTRACE end reader ThreadId(5) rows=0 SELECT "boosts"."id", "boosts"."message_id", "boosts"."booster_id", "boosts"."content", "boosts"."created_at", "boosts"."updated_at" FROM "boosts" WHERE "boosts"."message_id" = ? ORDER BY "boosts"."created_at" ASC
2026-10-05T12:03:41.516707985Z SQLTRACE start reader ThreadId(5) SELECT "action_text_rich_texts"."id", "action_text_rich_texts"."name", "action_text_rich_texts"."body", "action_text_rich_texts"."record_type", "action_text_rich_texts"."record_id", "action_text_rich_texts"."created_at", "action_text_rich_texts"."updated_at" FROM "action_text_rich_texts" WHERE "action_text_rich_texts"."record_id" = 933434609 AND "action_text_rich_texts"."record_type" = 'Message' AND "action_text_rich_texts"."name" = 'body' LIMIT 1
2026-10-05T12:03:41.516709276Z SQLTRACE end reader ThreadId(5) rows=1 SELECT "action_text_rich_texts"."id", "action_text_rich_texts"."name", "action_text_rich_texts"."body", "action_text_rich_texts"."record_type", "action_text_rich_texts"."record_id", "action_text_rich_texts"."created_at", "action_text_rich_texts"."updated_at" FROM "action_text_rich_texts" WHERE "action_text_rich_texts"."record_id" = ? AND "action_text_rich_texts"."record_type" = ? AND "action_text_rich_texts"."name" = ? LIMIT 1
2026-10-05T12:03:41.516716068Z SQLTRACE start reader ThreadId(5) SELECT "action_text_rich_texts"."id", "action_text_rich_texts"."name", "action_text_rich_texts"."body", "action_text_rich_texts"."record_type", "action_text_rich_texts"."record_id", "action_text_rich_texts"."created_at", "action_text_rich_texts"."updated_at" FROM "action_text_rich_texts" WHERE "action_text_rich_texts"."record_id" = 933434609 AND "action_text_rich_texts"."record_type" = 'Message' AND "action_text_rich_texts"."name" = 'body' LIMIT 1
2026-10-05T12:03:41.516717860Z SQLTRACE end reader ThreadId(5) rows=1 SELECT "action_text_rich_texts"."id", "action_text_rich_texts"."name", "action_text_rich_texts"."body", "action_text_rich_texts"."record_type", "action_text_rich_texts"."record_id", "action_text_rich_texts"."created_at", "action_text_rich_texts"."updated_at" FROM "action_text_rich_texts" WHERE "action_text_rich_texts"."record_id" = ? AND "action_text_rich_texts"."record_type" = ? AND "action_text_rich_texts"."name" = ? LIMIT 1
2026-10-05T12:03:41.516719026Z SQLTRACE start reader ThreadId(5) SELECT b.id, b.key, b.filename, b.content_type, b.metadata, b.service_name, b.byte_size, b.checksum, b.created_at FROM active_storage_blobs b JOIN active_storage_attachments a ON a.blob_id = b.id WHERE a.record_type = 'Message' AND a.record_id = 933434609 AND a.name = 'attachment' ORDER BY a.id LIMIT 1
2026-10-05T12:03:41.516744819Z SQLTRACE end reader ThreadId(5) rows=0 SELECT b.id, b.key, b.filename, b.content_type, b.metadata, b.service_name, b.byte_size, b.checksum, b.created_at FROM active_storage_blobs b JOIN active_storage_attachments a ON a.blob_id = b.id WHERE a.record_type = ?1 AND a.record_id = ?2 AND a.name = ?3 ORDER BY a.id LIMIT 1
2026-10-05T12:03:41.516747527Z SQLTRACE start reader ThreadId(5) SELECT "boosts"."id", "boosts"."message_id", "boosts"."booster_id", "boosts"."content", "boosts"."created_at", "boosts"."updated_at" FROM "boosts" WHERE "boosts"."message_id" = 933434609 ORDER BY "boosts"."created_at" ASC
2026-10-05T12:03:41.516748569Z SQLTRACE end reader ThreadId(5) rows=0 SELECT "boosts"."id", "boosts"."message_id", "boosts"."booster_id", "boosts"."content", "boosts"."created_at", "boosts"."updated_at" FROM "boosts" WHERE "boosts"."message_id" = ? ORDER BY "boosts"."created_at" ASC
2026-10-05T12:03:41.516749569Z SQLTRACE start reader ThreadId(5) SELECT "action_text_rich_texts"."id", "action_text_rich_texts"."name", "action_text_rich_texts"."body", "action_text_rich_texts"."record_type", "action_text_rich_texts"."record_id", "action_text_rich_texts"."created_at", "action_text_rich_texts"."updated_at" FROM "action_text_rich_texts" WHERE "action_text_rich_texts"."record_id" = 933434610 AND "action_text_rich_texts"."record_type" = 'Message' AND "action_text_rich_texts"."name" = 'body' LIMIT 1
2026-10-05T12:03:41.516750777Z SQLTRACE end reader ThreadId(5) rows=1 SELECT "action_text_rich_texts"."id", "action_text_rich_texts"."name", "action_text_rich_texts"."body", "action_text_rich_texts"."record_type", "action_text_rich_texts"."record_id", "action_text_rich_texts"."created_at", "action_text_rich_texts"."updated_at" FROM "action_text_rich_texts" WHERE "action_text_rich_texts"."record_id" = ? AND "action_text_rich_texts"."record_type" = ? AND "action_text_rich_texts"."name" = ? LIMIT 1
2026-10-05T12:03:41.516754027Z SQLTRACE start reader ThreadId(5) SELECT "action_text_rich_texts"."id", "action_text_rich_texts"."name", "action_text_rich_texts"."body", "action_text_rich_texts"."record_type", "action_text_rich_texts"."record_id", "action_text_rich_texts"."created_at", "action_text_rich_texts"."updated_at" FROM "action_text_rich_texts" WHERE "action_text_rich_texts"."record_id" = 933434610 AND "action_text_rich_texts"."record_type" = 'Message' AND "action_text_rich_texts"."name" = 'body' LIMIT 1
2026-10-05T12:03:41.516755569Z SQLTRACE end reader ThreadId(5) rows=1 SELECT "action_text_rich_texts"."id", "action_text_rich_texts"."name", "action_text_rich_texts"."body", "action_text_rich_texts"."record_type", "action_text_rich_texts"."record_id", "action_text_rich_texts"."created_at", "action_text_rich_texts"."updated_at" FROM "action_text_rich_texts" WHERE "action_text_rich_texts"."record_id" = ? AND "action_text_rich_texts"."record_type" = ? AND "action_text_rich_texts"."name" = ? LIMIT 1
2026-10-05T12:03:41.516801403Z SQLTRACE start reader ThreadId(5) SELECT b.id, b.key, b.filename, b.content_type, b.metadata, b.service_name, b.byte_size, b.checksum, b.created_at FROM active_storage_blobs b JOIN active_storage_attachments a ON a.blob_id = b.id WHERE a.record_type = 'Message' AND a.record_id = 933434610 AND a.name = 'attachment' ORDER BY a.id LIMIT 1
2026-10-05T12:03:41.516804361Z SQLTRACE end reader ThreadId(5) rows=0 SELECT b.id, b.key, b.filename, b.content_type, b.metadata, b.service_name, b.byte_size, b.checksum, b.created_at FROM active_storage_blobs b JOIN active_storage_attachments a ON a.blob_id = b.id WHERE a.record_type = ?1 AND a.record_id = ?2 AND a.name = ?3 ORDER BY a.id LIMIT 1
2026-10-05T12:03:41.516805403Z SQLTRACE start reader ThreadId(5) SELECT "boosts"."id", "boosts"."message_id", "boosts"."booster_id", "boosts"."content", "boosts"."created_at", "boosts"."updated_at" FROM "boosts" WHERE "boosts"."message_id" = 933434610 ORDER BY "boosts"."created_at" ASC
2026-10-05T12:03:41.516806570Z SQLTRACE end reader ThreadId(5) rows=0 SELECT "boosts"."id", "boosts"."message_id", "boosts"."booster_id", "boosts"."content", "boosts"."created_at", "boosts"."updated_at" FROM "boosts" WHERE "boosts"."message_id" = ? ORDER BY "boosts"."created_at" ASC
2026-10-05T12:03:41.516807736Z SQLTRACE start reader ThreadId(5) SELECT "action_text_rich_texts"."id", "action_text_rich_texts"."name", "action_text_rich_texts"."body", "action_text_rich_texts"."record_type", "action_text_rich_texts"."record_id", "action_text_rich_texts"."created_at", "action_text_rich_texts"."updated_at" FROM "action_text_rich_texts" WHERE "action_text_rich_texts"."record_id" = 933434611 AND "action_text_rich_texts"."record_type" = 'Message' AND "action_text_rich_texts"."name" = 'body' LIMIT 1
2026-10-05T12:03:41.516809612Z SQLTRACE end reader ThreadId(5) rows=1 SELECT "action_text_rich_texts"."id", "action_text_rich_texts"."name", "action_text_rich_texts"."body", "action_text_rich_texts"."record_type", "action_text_rich_texts"."record_id", "action_text_rich_texts"."created_at", "action_text_rich_texts"."updated_at" FROM "action_text_rich_texts" WHERE "action_text_rich_texts"."record_id" = ? AND "action_text_rich_texts"."record_type" = ? AND "action_text_rich_texts"."name" = ? LIMIT 1
2026-10-05T12:03:41.516811112Z SQLTRACE start reader ThreadId(5) SELECT "action_text_rich_texts"."id", "action_text_rich_texts"."name", "action_text_rich_texts"."body", "action_text_rich_texts"."record_type", "action_text_rich_texts"."record_id", "action_text_rich_texts"."created_at", "action_text_rich_texts"."updated_at" FROM "action_text_rich_texts" WHERE "action_text_rich_texts"."record_id" = 933434611 AND "action_text_rich_texts"."record_type" = 'Message' AND "action_text_rich_texts"."name" = 'body' LIMIT 1
2026-10-05T12:03:41.516814153Z SQLTRACE end reader ThreadId(5) rows=1 SELECT "action_text_rich_texts"."id", "action_text_rich_texts"."name", "action_text_rich_texts"."body", "action_text_rich_texts"."record_type", "action_text_rich_texts"."record_id", "action_text_rich_texts"."created_at", "action_text_rich_texts"."updated_at" FROM "action_text_rich_texts" WHERE "action_text_rich_texts"."record_id" = ? AND "action_text_rich_texts"."record_type" = ? AND "action_text_rich_texts"."name" = ? LIMIT 1
2026-10-05T12:03:41.516815445Z SQLTRACE start reader ThreadId(5) SELECT b.id, b.key, b.filename, b.content_type, b.metadata, b.service_name, b.byte_size, b.checksum, b.created_at FROM active_storage_blobs b JOIN active_storage_attachments a ON a.blob_id = b.id WHERE a.record_type = 'Message' AND a.record_id = 933434611 AND a.name = 'attachment' ORDER BY a.id LIMIT 1
2026-10-05T12:03:41.516816403Z SQLTRACE end reader ThreadId(5) rows=0 SELECT b.id, b.key, b.filename, b.content_type, b.metadata, b.service_name, b.byte_size, b.checksum, b.created_at FROM active_storage_blobs b JOIN active_storage_attachments a ON a.blob_id = b.id WHERE a.record_type = ?1 AND a.record_id = ?2 AND a.name = ?3 ORDER BY a.id LIMIT 1
2026-10-05T12:03:41.516828612Z SQLTRACE start reader ThreadId(5) SELECT "boosts"."id", "boosts"."message_id", "boosts"."booster_id", "boosts"."content", "boosts"."created_at", "boosts"."updated_at" FROM "boosts" WHERE "boosts"."message_id" = 933434611 ORDER BY "boosts"."created_at" ASC
2026-10-05T12:03:41.516830070Z SQLTRACE end reader ThreadId(5) rows=0 SELECT "boosts"."id", "boosts"."message_id", "boosts"."booster_id", "boosts"."content", "boosts"."created_at", "boosts"."updated_at" FROM "boosts" WHERE "boosts"."message_id" = ? ORDER BY "boosts"."created_at" ASC
2026-10-05T12:03:41.516855862Z SQLTRACE start reader ThreadId(5) SELECT "action_text_rich_texts"."id", "action_text_rich_texts"."name", "action_text_rich_texts"."body", "action_text_rich_texts"."record_type", "action_text_rich_texts"."record_id", "action_text_rich_texts"."created_at", "action_text_rich_texts"."updated_at" FROM "action_text_rich_texts" WHERE "action_text_rich_texts"."record_id" = 933434612 AND "action_text_rich_texts"."record_type" = 'Message' AND "action_text_rich_texts"."name" = 'body' LIMIT 1
2026-10-05T12:03:41.516858321Z SQLTRACE end reader ThreadId(5) rows=1 SELECT "action_text_rich_texts"."id", "action_text_rich_texts"."name", "action_text_rich_texts"."body", "action_text_rich_texts"."record_type", "action_text_rich_texts"."record_id", "action_text_rich_texts"."created_at", "action_text_rich_texts"."updated_at" FROM "action_text_rich_texts" WHERE "action_text_rich_texts"."record_id" = ? AND "action_text_rich_texts"."record_type" = ? AND "action_text_rich_texts"."name" = ? LIMIT 1
2026-10-05T12:03:41.516922239Z SQLTRACE start reader ThreadId(5) SELECT "action_text_rich_texts"."id", "action_text_rich_texts"."name", "action_text_rich_texts"."body", "action_text_rich_texts"."record_type", "action_text_rich_texts"."record_id", "action_text_rich_texts"."created_at", "action_text_rich_texts"."updated_at" FROM "action_text_rich_texts" WHERE "action_text_rich_texts"."record_id" = 933434612 AND "action_text_rich_texts"."record_type" = 'Message' AND "action_text_rich_texts"."name" = 'body' LIMIT 1
2026-10-05T12:03:41.516926072Z SQLTRACE end reader ThreadId(5) rows=1 SELECT "action_text_rich_texts"."id", "action_text_rich_texts"."name", "action_text_rich_texts"."body", "action_text_rich_texts"."record_type", "action_text_rich_texts"."record_id", "action_text_rich_texts"."created_at", "action_text_rich_texts"."updated_at" FROM "action_text_rich_texts" WHERE "action_text_rich_texts"."record_id" = ? AND "action_text_rich_texts"."record_type" = ? AND "action_text_rich_texts"."name" = ? LIMIT 1
2026-10-05T12:03:41.516927364Z SQLTRACE start reader ThreadId(5) SELECT b.id, b.key, b.filename, b.content_type, b.metadata, b.service_name, b.byte_size, b.checksum, b.created_at FROM active_storage_blobs b JOIN active_storage_attachments a ON a.blob_id = b.id WHERE a.record_type = 'Message' AND a.record_id = 933434612 AND a.name = 'attachment' ORDER BY a.id LIMIT 1
2026-10-05T12:03:41.516928239Z SQLTRACE end reader ThreadId(5) rows=0 SELECT b.id, b.key, b.filename, b.content_type, b.metadata, b.service_name, b.byte_size, b.checksum, b.created_at FROM active_storage_blobs b JOIN active_storage_attachments a ON a.blob_id = b.id WHERE a.record_type = ?1 AND a.record_id = ?2 AND a.name = ?3 ORDER BY a.id LIMIT 1
2026-10-05T12:03:41.516972240Z SQLTRACE start reader ThreadId(5) SELECT "boosts"."id", "boosts"."message_id", "boosts"."booster_id", "boosts"."content", "boosts"."created_at", "boosts"."updated_at" FROM "boosts" WHERE "boosts"."message_id" = 933434612 ORDER BY "boosts"."created_at" ASC
2026-10-05T12:03:41.516974365Z SQLTRACE end reader ThreadId(5) rows=0 SELECT "boosts"."id", "boosts"."message_id", "boosts"."booster_id", "boosts"."content", "boosts"."created_at", "boosts"."updated_at" FROM "boosts" WHERE "boosts"."message_id" = ? ORDER BY "boosts"."created_at" ASC
2026-10-05T12:03:41.516975406Z SQLTRACE start reader ThreadId(5) SELECT "action_text_rich_texts"."id", "action_text_rich_texts"."name", "action_text_rich_texts"."body", "action_text_rich_texts"."record_type", "action_text_rich_texts"."record_id", "action_text_rich_texts"."created_at", "action_text_rich_texts"."updated_at" FROM "action_text_rich_texts" WHERE "action_text_rich_texts"."record_id" = 933434613 AND "action_text_rich_texts"."record_type" = 'Message' AND "action_text_rich_texts"."name" = 'body' LIMIT 1
2026-10-05T12:03:41.516976615Z SQLTRACE end reader ThreadId(5) rows=1 SELECT "action_text_rich_texts"."id", "action_text_rich_texts"."name", "action_text_rich_texts"."body", "action_text_rich_texts"."record_type", "action_text_rich_texts"."record_id", "action_text_rich_texts"."created_at", "action_text_rich_texts"."updated_at" FROM "action_text_rich_texts" WHERE "action_text_rich_texts"."record_id" = ? AND "action_text_rich_texts"."record_type" = ? AND "action_text_rich_texts"."name" = ? LIMIT 1
2026-10-05T12:03:41.516977823Z SQLTRACE start reader ThreadId(5) SELECT "action_text_rich_texts"."id", "action_text_rich_texts"."name", "action_text_rich_texts"."body", "action_text_rich_texts"."record_type", "action_text_rich_texts"."record_id", "action_text_rich_texts"."created_at", "action_text_rich_texts"."updated_at" FROM "action_text_rich_texts" WHERE "action_text_rich_texts"."record_id" = 933434613 AND "action_text_rich_texts"."record_type" = 'Message' AND "action_text_rich_texts"."name" = 'body' LIMIT 1
2026-10-05T12:03:41.516980990Z SQLTRACE end reader ThreadId(5) rows=1 SELECT "action_text_rich_texts"."id", "action_text_rich_texts"."name", "action_text_rich_texts"."body", "action_text_rich_texts"."record_type", "action_text_rich_texts"."record_id", "action_text_rich_texts"."created_at", "action_text_rich_texts"."updated_at" FROM "action_text_rich_texts" WHERE "action_text_rich_texts"."record_id" = ? AND "action_text_rich_texts"."record_type" = ? AND "action_text_rich_texts"."name" = ? LIMIT 1
2026-10-05T12:03:41.516983323Z SQLTRACE start reader ThreadId(5) SELECT b.id, b.key, b.filename, b.content_type, b.metadata, b.service_name, b.byte_size, b.checksum, b.created_at FROM active_storage_blobs b JOIN active_storage_attachments a ON a.blob_id = b.id WHERE a.record_type = 'Message' AND a.record_id = 933434613 AND a.name = 'attachment' ORDER BY a.id LIMIT 1
2026-10-05T12:03:41.516984365Z SQLTRACE end reader ThreadId(5) rows=0 SELECT b.id, b.key, b.filename, b.content_type, b.metadata, b.service_name, b.byte_size, b.checksum, b.created_at FROM active_storage_blobs b JOIN active_storage_attachments a ON a.blob_id = b.id WHERE a.record_type = ?1 AND a.record_id = ?2 AND a.name = ?3 ORDER BY a.id LIMIT 1
2026-10-05T12:03:41.516985282Z SQLTRACE start reader ThreadId(5) SELECT "boosts"."id", "boosts"."message_id", "boosts"."booster_id", "boosts"."content", "boosts"."created_at", "boosts"."updated_at" FROM "boosts" WHERE "boosts"."message_id" = 933434613 ORDER BY "boosts"."created_at" ASC
2026-10-05T12:03:41.516986240Z SQLTRACE end reader ThreadId(5) rows=0 SELECT "boosts"."id", "boosts"."message_id", "boosts"."booster_id", "boosts"."content", "boosts"."created_at", "boosts"."updated_at" FROM "boosts" WHERE "boosts"."message_id" = ? ORDER BY "boosts"."created_at" ASC
2026-10-05T12:03:41.516987198Z SQLTRACE start reader ThreadId(5) SELECT "action_text_rich_texts"."id", "action_text_rich_texts"."name", "action_text_rich_texts"."body", "action_text_rich_texts"."record_type", "action_text_rich_texts"."record_id", "action_text_rich_texts"."created_at", "action_text_rich_texts"."updated_at" FROM "action_text_rich_texts" WHERE "action_text_rich_texts"."record_id" = 933434614 AND "action_text_rich_texts"."record_type" = 'Message' AND "action_text_rich_texts"."name" = 'body' LIMIT 1
2026-10-05T12:03:41.516988490Z SQLTRACE end reader ThreadId(5) rows=1 SELECT "action_text_rich_texts"."id", "action_text_rich_texts"."name", "action_text_rich_texts"."body", "action_text_rich_texts"."record_type", "action_text_rich_texts"."record_id", "action_text_rich_texts"."created_at", "action_text_rich_texts"."updated_at" FROM "action_text_rich_texts" WHERE "action_text_rich_texts"."record_id" = ? AND "action_text_rich_texts"."record_type" = ? AND "action_text_rich_texts"."name" = ? LIMIT 1
2026-10-05T12:03:41.517056366Z SQLTRACE start reader ThreadId(5) SELECT "action_text_rich_texts"."id", "action_text_rich_texts"."name", "action_text_rich_texts"."body", "action_text_rich_texts"."record_type", "action_text_rich_texts"."record_id", "action_text_rich_texts"."created_at", "action_text_rich_texts"."updated_at" FROM "action_text_rich_texts" WHERE "action_text_rich_texts"."record_id" = 933434614 AND "action_text_rich_texts"."record_type" = 'Message' AND "action_text_rich_texts"."name" = 'body' LIMIT 1
2026-10-05T12:03:41.517058825Z SQLTRACE end reader ThreadId(5) rows=1 SELECT "action_text_rich_texts"."id", "action_text_rich_texts"."name", "action_text_rich_texts"."body", "action_text_rich_texts"."record_type", "action_text_rich_texts"."record_id", "action_text_rich_texts"."created_at", "action_text_rich_texts"."updated_at" FROM "action_text_rich_texts" WHERE "action_text_rich_texts"."record_id" = ? AND "action_text_rich_texts"."record_type" = ? AND "action_text_rich_texts"."name" = ? LIMIT 1
2026-10-05T12:03:41.517061908Z SQLTRACE start reader ThreadId(5) SELECT b.id, b.key, b.filename, b.content_type, b.metadata, b.service_name, b.byte_size, b.checksum, b.created_at FROM active_storage_blobs b JOIN active_storage_attachments a ON a.blob_id = b.id WHERE a.record_type = 'Message' AND a.record_id = 933434614 AND a.name = 'attachment' ORDER BY a.id LIMIT 1
2026-10-05T12:03:41.517062866Z SQLTRACE end reader ThreadId(5) rows=0 SELECT b.id, b.key, b.filename, b.content_type, b.metadata, b.service_name, b.byte_size, b.checksum, b.created_at FROM active_storage_blobs b JOIN active_storage_attachments a ON a.blob_id = b.id WHERE a.record_type = ?1 AND a.record_id = ?2 AND a.name = ?3 ORDER BY a.id LIMIT 1
2026-10-05T12:03:41.517063783Z SQLTRACE start reader ThreadId(5) SELECT "boosts"."id", "boosts"."message_id", "boosts"."booster_id", "boosts"."content", "boosts"."created_at", "boosts"."updated_at" FROM "boosts" WHERE "boosts"."message_id" = 933434614 ORDER BY "boosts"."created_at" ASC
2026-10-05T12:03:41.517064825Z SQLTRACE end reader ThreadId(5) rows=0 SELECT "boosts"."id", "boosts"."message_id", "boosts"."booster_id", "boosts"."content", "boosts"."created_at", "boosts"."updated_at" FROM "boosts" WHERE "boosts"."message_id" = ? ORDER BY "boosts"."created_at" ASC
2026-10-05T12:03:41.517065825Z SQLTRACE start reader ThreadId(5) SELECT "action_text_rich_texts"."id", "action_text_rich_texts"."name", "action_text_rich_texts"."body", "action_text_rich_texts"."record_type", "action_text_rich_texts"."record_id", "action_text_rich_texts"."created_at", "action_text_rich_texts"."updated_at" FROM "action_text_rich_texts" WHERE "action_text_rich_texts"."record_id" = 933434615 AND "action_text_rich_texts"."record_type" = 'Message' AND "action_text_rich_texts"."name" = 'body' LIMIT 1
2026-10-05T12:03:41.517067033Z SQLTRACE end reader ThreadId(5) rows=1 SELECT "action_text_rich_texts"."id", "action_text_rich_texts"."name", "action_text_rich_texts"."body", "action_text_rich_texts"."record_type", "action_text_rich_texts"."record_id", "action_text_rich_texts"."created_at", "action_text_rich_texts"."updated_at" FROM "action_text_rich_texts" WHERE "action_text_rich_texts"."record_id" = ? AND "action_text_rich_texts"."record_type" = ? AND "action_text_rich_texts"."name" = ? LIMIT 1
2026-10-05T12:03:41.517068200Z SQLTRACE start reader ThreadId(5) SELECT "action_text_rich_texts"."id", "action_text_rich_texts"."name", "action_text_rich_texts"."body", "action_text_rich_texts"."record_type", "action_text_rich_texts"."record_id", "action_text_rich_texts"."created_at", "action_text_rich_texts"."updated_at" FROM "action_text_rich_texts" WHERE "action_text_rich_texts"."record_id" = 933434615 AND "action_text_rich_texts"."record_type" = 'Message' AND "action_text_rich_texts"."name" = 'body' LIMIT 1
2026-10-05T12:03:41.517069408Z SQLTRACE end reader ThreadId(5) rows=1 SELECT "action_text_rich_texts"."id", "action_text_rich_texts"."name", "action_text_rich_texts"."body", "action_text_rich_texts"."record_type", "action_text_rich_texts"."record_id", "action_text_rich_texts"."created_at", "action_text_rich_texts"."updated_at" FROM "action_text_rich_texts" WHERE "action_text_rich_texts"."record_id" = ? AND "action_text_rich_texts"."record_type" = ? AND "action_text_rich_texts"."name" = ? LIMIT 1
2026-10-05T12:03:41.517071367Z SQLTRACE start reader ThreadId(5) SELECT b.id, b.key, b.filename, b.content_type, b.metadata, b.service_name, b.byte_size, b.checksum, b.created_at FROM active_storage_blobs b JOIN active_storage_attachments a ON a.blob_id = b.id WHERE a.record_type = 'Message' AND a.record_id = 933434615 AND a.name = 'attachment' ORDER BY a.id LIMIT 1
2026-10-05T12:03:41.517072450Z SQLTRACE end reader ThreadId(5) rows=0 SELECT b.id, b.key, b.filename, b.content_type, b.metadata, b.service_name, b.byte_size, b.checksum, b.created_at FROM active_storage_blobs b JOIN active_storage_attachments a ON a.blob_id = b.id WHERE a.record_type = ?1 AND a.record_id = ?2 AND a.name = ?3 ORDER BY a.id LIMIT 1
2026-10-05T12:03:41.517098825Z SQLTRACE start reader ThreadId(5) SELECT "boosts"."id", "boosts"."message_id", "boosts"."booster_id", "boosts"."content", "boosts"."created_at", "boosts"."updated_at" FROM "boosts" WHERE "boosts"."message_id" = 933434615 ORDER BY "boosts"."created_at" ASC
2026-10-05T12:03:41.517100909Z SQLTRACE end reader ThreadId(5) rows=0 SELECT "boosts"."id", "boosts"."message_id", "boosts"."booster_id", "boosts"."content", "boosts"."created_at", "boosts"."updated_at" FROM "boosts" WHERE "boosts"."message_id" = ? ORDER BY "boosts"."created_at" ASC
2026-10-05T12:03:41.517101909Z SQLTRACE start reader ThreadId(5) SELECT "action_text_rich_texts"."id", "action_text_rich_texts"."name", "action_text_rich_texts"."body", "action_text_rich_texts"."record_type", "action_text_rich_texts"."record_id", "action_text_rich_texts"."created_at", "action_text_rich_texts"."updated_at" FROM "action_text_rich_texts" WHERE "action_text_rich_texts"."record_id" = 933434616 AND "action_text_rich_texts"."record_type" = 'Message' AND "action_text_rich_texts"."name" = 'body' LIMIT 1
2026-10-05T12:03:41.517103325Z SQLTRACE end reader ThreadId(5) rows=1 SELECT "action_text_rich_texts"."id", "action_text_rich_texts"."name", "action_text_rich_texts"."body", "action_text_rich_texts"."record_type", "action_text_rich_texts"."record_id", "action_text_rich_texts"."created_at", "action_text_rich_texts"."updated_at" FROM "action_text_rich_texts" WHERE "action_text_rich_texts"."record_id" = ? AND "action_text_rich_texts"."record_type" = ? AND "action_text_rich_texts"."name" = ? LIMIT 1
2026-10-05T12:03:41.517104492Z SQLTRACE start reader ThreadId(5) SELECT "action_text_rich_texts"."id", "action_text_rich_texts"."name", "action_text_rich_texts"."body", "action_text_rich_texts"."record_type", "action_text_rich_texts"."record_id", "action_text_rich_texts"."created_at", "action_text_rich_texts"."updated_at" FROM "action_text_rich_texts" WHERE "action_text_rich_texts"."record_id" = 933434616 AND "action_text_rich_texts"."record_type" = 'Message' AND "action_text_rich_texts"."name" = 'body' LIMIT 1
2026-10-05T12:03:41.517105784Z SQLTRACE end reader ThreadId(5) rows=1 SELECT "action_text_rich_texts"."id", "action_text_rich_texts"."name", "action_text_rich_texts"."body", "action_text_rich_texts"."record_type", "action_text_rich_texts"."record_id", "action_text_rich_texts"."created_at", "action_text_rich_texts"."updated_at" FROM "action_text_rich_texts" WHERE "action_text_rich_texts"."record_id" = ? AND "action_text_rich_texts"."record_type" = ? AND "action_text_rich_texts"."name" = ? LIMIT 1
2026-10-05T12:03:41.517106951Z SQLTRACE start reader ThreadId(5) SELECT b.id, b.key, b.filename, b.content_type, b.metadata, b.service_name, b.byte_size, b.checksum, b.created_at FROM active_storage_blobs b JOIN active_storage_attachments a ON a.blob_id = b.id WHERE a.record_type = 'Message' AND a.record_id = 933434616 AND a.name = 'attachment' ORDER BY a.id LIMIT 1
2026-10-05T12:03:41.517108951Z SQLTRACE end reader ThreadId(5) rows=0 SELECT b.id, b.key, b.filename, b.content_type, b.metadata, b.service_name, b.byte_size, b.checksum, b.created_at FROM active_storage_blobs b JOIN active_storage_attachments a ON a.blob_id = b.id WHERE a.record_type = ?1 AND a.record_id = ?2 AND a.name = ?3 ORDER BY a.id LIMIT 1
2026-10-05T12:03:41.517109909Z SQLTRACE start reader ThreadId(5) SELECT "boosts"."id", "boosts"."message_id", "boosts"."booster_id", "boosts"."content", "boosts"."created_at", "boosts"."updated_at" FROM "boosts" WHERE "boosts"."message_id" = 933434616 ORDER BY "boosts"."created_at" ASC
2026-10-05T12:03:41.517110909Z SQLTRACE end reader ThreadId(5) rows=0 SELECT "boosts"."id", "boosts"."message_id", "boosts"."booster_id", "boosts"."content", "boosts"."created_at", "boosts"."updated_at" FROM "boosts" WHERE "boosts"."message_id" = ? ORDER BY "boosts"."created_at" ASC
2026-10-05T12:03:41.517113701Z SQLTRACE start reader ThreadId(5) SELECT "action_text_rich_texts"."id", "action_text_rich_texts"."name", "action_text_rich_texts"."body", "action_text_rich_texts"."record_type", "action_text_rich_texts"."record_id", "action_text_rich_texts"."created_at", "action_text_rich_texts"."updated_at" FROM "action_text_rich_texts" WHERE "action_text_rich_texts"."record_id" = 933434617 AND "action_text_rich_texts"."record_type" = 'Message' AND "action_text_rich_texts"."name" = 'body' LIMIT 1
2026-10-05T12:03:41.517114951Z SQLTRACE end reader ThreadId(5) rows=1 SELECT "action_text_rich_texts"."id", "action_text_rich_texts"."name", "action_text_rich_texts"."body", "action_text_rich_texts"."record_type", "action_text_rich_texts"."record_id", "action_text_rich_texts"."created_at", "action_text_rich_texts"."updated_at" FROM "action_text_rich_texts" WHERE "action_text_rich_texts"."record_id" = ? AND "action_text_rich_texts"."record_type" = ? AND "action_text_rich_texts"."name" = ? LIMIT 1
2026-10-05T12:03:41.517175535Z SQLTRACE start reader ThreadId(5) SELECT "action_text_rich_texts"."id", "action_text_rich_texts"."name", "action_text_rich_texts"."body", "action_text_rich_texts"."record_type", "action_text_rich_texts"."record_id", "action_text_rich_texts"."created_at", "action_text_rich_texts"."updated_at" FROM "action_text_rich_texts" WHERE "action_text_rich_texts"."record_id" = 933434617 AND "action_text_rich_texts"."record_type" = 'Message' AND "action_text_rich_texts"."name" = 'body' LIMIT 1
2026-10-05T12:03:41.517178244Z SQLTRACE end reader ThreadId(5) rows=1 SELECT "action_text_rich_texts"."id", "action_text_rich_texts"."name", "action_text_rich_texts"."body", "action_text_rich_texts"."record_type", "action_text_rich_texts"."record_id", "action_text_rich_texts"."created_at", "action_text_rich_texts"."updated_at" FROM "action_text_rich_texts" WHERE "action_text_rich_texts"."record_id" = ? AND "action_text_rich_texts"."record_type" = ? AND "action_text_rich_texts"."name" = ? LIMIT 1
2026-10-05T12:03:41.517179494Z SQLTRACE start reader ThreadId(5) SELECT b.id, b.key, b.filename, b.content_type, b.metadata, b.service_name, b.byte_size, b.checksum, b.created_at FROM active_storage_blobs b JOIN active_storage_attachments a ON a.blob_id = b.id WHERE a.record_type = 'Message' AND a.record_id = 933434617 AND a.name = 'attachment' ORDER BY a.id LIMIT 1
2026-10-05T12:03:41.517182077Z SQLTRACE end reader ThreadId(5) rows=0 SELECT b.id, b.key, b.filename, b.content_type, b.metadata, b.service_name, b.byte_size, b.checksum, b.created_at FROM active_storage_blobs b JOIN active_storage_attachments a ON a.blob_id = b.id WHERE a.record_type = ?1 AND a.record_id = ?2 AND a.name = ?3 ORDER BY a.id LIMIT 1
2026-10-05T12:03:41.517183035Z SQLTRACE start reader ThreadId(5) SELECT "boosts"."id", "boosts"."message_id", "boosts"."booster_id", "boosts"."content", "boosts"."created_at", "boosts"."updated_at" FROM "boosts" WHERE "boosts"."message_id" = 933434617 ORDER BY "boosts"."created_at" ASC
2026-10-05T12:03:41.517184202Z SQLTRACE end reader ThreadId(5) rows=0 SELECT "boosts"."id", "boosts"."message_id", "boosts"."booster_id", "boosts"."content", "boosts"."created_at", "boosts"."updated_at" FROM "boosts" WHERE "boosts"."message_id" = ? ORDER BY "boosts"."created_at" ASC
2026-10-05T12:03:41.517185244Z SQLTRACE start reader ThreadId(5) SELECT "action_text_rich_texts"."id", "action_text_rich_texts"."name", "action_text_rich_texts"."body", "action_text_rich_texts"."record_type", "action_text_rich_texts"."record_id", "action_text_rich_texts"."created_at", "action_text_rich_texts"."updated_at" FROM "action_text_rich_texts" WHERE "action_text_rich_texts"."record_id" = 933434618 AND "action_text_rich_texts"."record_type" = 'Message' AND "action_text_rich_texts"."name" = 'body' LIMIT 1
2026-10-05T12:03:41.517186452Z SQLTRACE end reader ThreadId(5) rows=1 SELECT "action_text_rich_texts"."id", "action_text_rich_texts"."name", "action_text_rich_texts"."body", "action_text_rich_texts"."record_type", "action_text_rich_texts"."record_id", "action_text_rich_texts"."created_at", "action_text_rich_texts"."updated_at" FROM "action_text_rich_texts" WHERE "action_text_rich_texts"."record_id" = ? AND "action_text_rich_texts"."record_type" = ? AND "action_text_rich_texts"."name" = ? LIMIT 1
2026-10-05T12:03:41.517187660Z SQLTRACE start reader ThreadId(5) SELECT "action_text_rich_texts"."id", "action_text_rich_texts"."name", "action_text_rich_texts"."body", "action_text_rich_texts"."record_type", "action_text_rich_texts"."record_id", "action_text_rich_texts"."created_at", "action_text_rich_texts"."updated_at" FROM "action_text_rich_texts" WHERE "action_text_rich_texts"."record_id" = 933434618 AND "action_text_rich_texts"."record_type" = 'Message' AND "action_text_rich_texts"."name" = 'body' LIMIT 1
2026-10-05T12:03:41.517188869Z SQLTRACE end reader ThreadId(5) rows=1 SELECT "action_text_rich_texts"."id", "action_text_rich_texts"."name", "action_text_rich_texts"."body", "action_text_rich_texts"."record_type", "action_text_rich_texts"."record_id", "action_text_rich_texts"."created_at", "action_text_rich_texts"."updated_at" FROM "action_text_rich_texts" WHERE "action_text_rich_texts"."record_id" = ? AND "action_text_rich_texts"."record_type" = ? AND "action_text_rich_texts"."name" = ? LIMIT 1
2026-10-05T12:03:41.517203036Z SQLTRACE start reader ThreadId(5) SELECT b.id, b.key, b.filename, b.content_type, b.metadata, b.service_name, b.byte_size, b.checksum, b.created_at FROM active_storage_blobs b JOIN active_storage_attachments a ON a.blob_id = b.id WHERE a.record_type = 'Message' AND a.record_id = 933434618 AND a.name = 'attachment' ORDER BY a.id LIMIT 1
2026-10-05T12:03:41.517206286Z SQLTRACE end reader ThreadId(5) rows=0 SELECT b.id, b.key, b.filename, b.content_type, b.metadata, b.service_name, b.byte_size, b.checksum, b.created_at FROM active_storage_blobs b JOIN active_storage_attachments a ON a.blob_id = b.id WHERE a.record_type = ?1 AND a.record_id = ?2 AND a.name = ?3 ORDER BY a.id LIMIT 1
2026-10-05T12:03:41.517243203Z SQLTRACE start reader ThreadId(5) SELECT "boosts"."id", "boosts"."message_id", "boosts"."booster_id", "boosts"."content", "boosts"."created_at", "boosts"."updated_at" FROM "boosts" WHERE "boosts"."message_id" = 933434618 ORDER BY "boosts"."created_at" ASC
2026-10-05T12:03:41.517245370Z SQLTRACE end reader ThreadId(5) rows=0 SELECT "boosts"."id", "boosts"."message_id", "boosts"."booster_id", "boosts"."content", "boosts"."created_at", "boosts"."updated_at" FROM "boosts" WHERE "boosts"."message_id" = ? ORDER BY "boosts"."created_at" ASC
2026-10-05T12:03:41.517246453Z SQLTRACE start reader ThreadId(5) SELECT "action_text_rich_texts"."id", "action_text_rich_texts"."name", "action_text_rich_texts"."body", "action_text_rich_texts"."record_type", "action_text_rich_texts"."record_id", "action_text_rich_texts"."created_at", "action_text_rich_texts"."updated_at" FROM "action_text_rich_texts" WHERE "action_text_rich_texts"."record_id" = 933434619 AND "action_text_rich_texts"."record_type" = 'Message' AND "action_text_rich_texts"."name" = 'body' LIMIT 1
2026-10-05T12:03:41.517247745Z SQLTRACE end reader ThreadId(5) rows=1 SELECT "action_text_rich_texts"."id", "action_text_rich_texts"."name", "action_text_rich_texts"."body", "action_text_rich_texts"."record_type", "action_text_rich_texts"."record_id", "action_text_rich_texts"."created_at", "action_text_rich_texts"."updated_at" FROM "action_text_rich_texts" WHERE "action_text_rich_texts"."record_id" = ? AND "action_text_rich_texts"."record_type" = ? AND "action_text_rich_texts"."name" = ? LIMIT 1
2026-10-05T12:03:41.517345538Z SQLTRACE start reader ThreadId(5) SELECT "action_text_rich_texts"."id", "action_text_rich_texts"."name", "action_text_rich_texts"."body", "action_text_rich_texts"."record_type", "action_text_rich_texts"."record_id", "action_text_rich_texts"."created_at", "action_text_rich_texts"."updated_at" FROM "action_text_rich_texts" WHERE "action_text_rich_texts"."record_id" = 933434619 AND "action_text_rich_texts"."record_type" = 'Message' AND "action_text_rich_texts"."name" = 'body' LIMIT 1
2026-10-05T12:03:41.517348705Z SQLTRACE end reader ThreadId(5) rows=1 SELECT "action_text_rich_texts"."id", "action_text_rich_texts"."name", "action_text_rich_texts"."body", "action_text_rich_texts"."record_type", "action_text_rich_texts"."record_id", "action_text_rich_texts"."created_at", "action_text_rich_texts"."updated_at" FROM "action_text_rich_texts" WHERE "action_text_rich_texts"."record_id" = ? AND "action_text_rich_texts"."record_type" = ? AND "action_text_rich_texts"."name" = ? LIMIT 1
2026-10-05T12:03:41.517350205Z SQLTRACE start reader ThreadId(5) SELECT b.id, b.key, b.filename, b.content_type, b.metadata, b.service_name, b.byte_size, b.checksum, b.created_at FROM active_storage_blobs b JOIN active_storage_attachments a ON a.blob_id = b.id WHERE a.record_type = 'Message' AND a.record_id = 933434619 AND a.name = 'attachment' ORDER BY a.id LIMIT 1
2026-10-05T12:03:41.517351205Z SQLTRACE end reader ThreadId(5) rows=0 SELECT b.id, b.key, b.filename, b.content_type, b.metadata, b.service_name, b.byte_size, b.checksum, b.created_at FROM active_storage_blobs b JOIN active_storage_attachments a ON a.blob_id = b.id WHERE a.record_type = ?1 AND a.record_id = ?2 AND a.name = ?3 ORDER BY a.id LIMIT 1
2026-10-05T12:03:41.517353539Z SQLTRACE start reader ThreadId(5) SELECT "boosts"."id", "boosts"."message_id", "boosts"."booster_id", "boosts"."content", "boosts"."created_at", "boosts"."updated_at" FROM "boosts" WHERE "boosts"."message_id" = 933434619 ORDER BY "boosts"."created_at" ASC
2026-10-05T12:03:41.517354914Z SQLTRACE end reader ThreadId(5) rows=0 SELECT "boosts"."id", "boosts"."message_id", "boosts"."booster_id", "boosts"."content", "boosts"."created_at", "boosts"."updated_at" FROM "boosts" WHERE "boosts"."message_id" = ? ORDER BY "boosts"."created_at" ASC
2026-10-05T12:03:41.517355997Z SQLTRACE start reader ThreadId(5) SELECT "action_text_rich_texts"."id", "action_text_rich_texts"."name", "action_text_rich_texts"."body", "action_text_rich_texts"."record_type", "action_text_rich_texts"."record_id", "action_text_rich_texts"."created_at", "action_text_rich_texts"."updated_at" FROM "action_text_rich_texts" WHERE "action_text_rich_texts"."record_id" = 933434620 AND "action_text_rich_texts"."record_type" = 'Message' AND "action_text_rich_texts"."name" = 'body' LIMIT 1
2026-10-05T12:03:41.517357372Z SQLTRACE end reader ThreadId(5) rows=1 SELECT "action_text_rich_texts"."id", "action_text_rich_texts"."name", "action_text_rich_texts"."body", "action_text_rich_texts"."record_type", "action_text_rich_texts"."record_id", "action_text_rich_texts"."created_at", "action_text_rich_texts"."updated_at" FROM "action_text_rich_texts" WHERE "action_text_rich_texts"."record_id" = ? AND "action_text_rich_texts"."record_type" = ? AND "action_text_rich_texts"."name" = ? LIMIT 1
2026-10-05T12:03:41.517358622Z SQLTRACE start reader ThreadId(5) SELECT "action_text_rich_texts"."id", "action_text_rich_texts"."name", "action_text_rich_texts"."body", "action_text_rich_texts"."record_type", "action_text_rich_texts"."record_id", "action_text_rich_texts"."created_at", "action_text_rich_texts"."updated_at" FROM "action_text_rich_texts" WHERE "action_text_rich_texts"."record_id" = 933434620 AND "action_text_rich_texts"."record_type" = 'Message' AND "action_text_rich_texts"."name" = 'body' LIMIT 1
2026-10-05T12:03:41.517359872Z SQLTRACE end reader ThreadId(5) rows=1 SELECT "action_text_rich_texts"."id", "action_text_rich_texts"."name", "action_text_rich_texts"."body", "action_text_rich_texts"."record_type", "action_text_rich_texts"."record_id", "action_text_rich_texts"."created_at", "action_text_rich_texts"."updated_at" FROM "action_text_rich_texts" WHERE "action_text_rich_texts"."record_id" = ? AND "action_text_rich_texts"."record_type" = ? AND "action_text_rich_texts"."name" = ? LIMIT 1
2026-10-05T12:03:41.517361164Z SQLTRACE start reader ThreadId(5) SELECT b.id, b.key, b.filename, b.content_type, b.metadata, b.service_name, b.byte_size, b.checksum, b.created_at FROM active_storage_blobs b JOIN active_storage_attachments a ON a.blob_id = b.id WHERE a.record_type = 'Message' AND a.record_id = 933434620 AND a.name = 'attachment' ORDER BY a.id LIMIT 1
2026-10-05T12:03:41.517362122Z SQLTRACE end reader ThreadId(5) rows=0 SELECT b.id, b.key, b.filename, b.content_type, b.metadata, b.service_name, b.byte_size, b.checksum, b.created_at FROM active_storage_blobs b JOIN active_storage_attachments a ON a.blob_id = b.id WHERE a.record_type = ?1 AND a.record_id = ?2 AND a.name = ?3 ORDER BY a.id LIMIT 1
2026-10-05T12:03:41.517373664Z SQLTRACE start reader ThreadId(5) SELECT "boosts"."id", "boosts"."message_id", "boosts"."booster_id", "boosts"."content", "boosts"."created_at", "boosts"."updated_at" FROM "boosts" WHERE "boosts"."message_id" = 933434620 ORDER BY "boosts"."created_at" ASC
2026-10-05T12:03:41.517376081Z SQLTRACE end reader ThreadId(5) rows=0 SELECT "boosts"."id", "boosts"."message_id", "boosts"."booster_id", "boosts"."content", "boosts"."created_at", "boosts"."updated_at" FROM "boosts" WHERE "boosts"."message_id" = ? ORDER BY "boosts"."created_at" ASC
2026-10-05T12:03:41.517377164Z SQLTRACE start reader ThreadId(5) SELECT "action_text_rich_texts"."id", "action_text_rich_texts"."name", "action_text_rich_texts"."body", "action_text_rich_texts"."record_type", "action_text_rich_texts"."record_id", "action_text_rich_texts"."created_at", "action_text_rich_texts"."updated_at" FROM "action_text_rich_texts" WHERE "action_text_rich_texts"."record_id" = 933434621 AND "action_text_rich_texts"."record_type" = 'Message' AND "action_text_rich_texts"."name" = 'body' LIMIT 1
2026-10-05T12:03:41.517378414Z SQLTRACE end reader ThreadId(5) rows=1 SELECT "action_text_rich_texts"."id", "action_text_rich_texts"."name", "action_text_rich_texts"."body", "action_text_rich_texts"."record_type", "action_text_rich_texts"."record_id", "action_text_rich_texts"."created_at", "action_text_rich_texts"."updated_at" FROM "action_text_rich_texts" WHERE "action_text_rich_texts"."record_id" = ? AND "action_text_rich_texts"."record_type" = ? AND "action_text_rich_texts"."name" = ? LIMIT 1
2026-10-05T12:03:41.517379664Z SQLTRACE start reader ThreadId(5) SELECT "action_text_rich_texts"."id", "action_text_rich_texts"."name", "action_text_rich_texts"."body", "action_text_rich_texts"."record_type", "action_text_rich_texts"."record_id", "action_text_rich_texts"."created_at", "action_text_rich_texts"."updated_at" FROM "action_text_rich_texts" WHERE "action_text_rich_texts"."record_id" = 933434621 AND "action_text_rich_texts"."record_type" = 'Message' AND "action_text_rich_texts"."name" = 'body' LIMIT 1
2026-10-05T12:03:41.517380997Z SQLTRACE end reader ThreadId(5) rows=1 SELECT "action_text_rich_texts"."id", "action_text_rich_texts"."name", "action_text_rich_texts"."body", "action_text_rich_texts"."record_type", "action_text_rich_texts"."record_id", "action_text_rich_texts"."created_at", "action_text_rich_texts"."updated_at" FROM "action_text_rich_texts" WHERE "action_text_rich_texts"."record_id" = ? AND "action_text_rich_texts"."record_type" = ? AND "action_text_rich_texts"."name" = ? LIMIT 1
2026-10-05T12:03:41.517423707Z SQLTRACE start reader ThreadId(5) SELECT b.id, b.key, b.filename, b.content_type, b.metadata, b.service_name, b.byte_size, b.checksum, b.created_at FROM active_storage_blobs b JOIN active_storage_attachments a ON a.blob_id = b.id WHERE a.record_type = 'Message' AND a.record_id = 933434621 AND a.name = 'attachment' ORDER BY a.id LIMIT 1
2026-10-05T12:03:41.517425915Z SQLTRACE end reader ThreadId(5) rows=0 SELECT b.id, b.key, b.filename, b.content_type, b.metadata, b.service_name, b.byte_size, b.checksum, b.created_at FROM active_storage_blobs b JOIN active_storage_attachments a ON a.blob_id = b.id WHERE a.record_type = ?1 AND a.record_id = ?2 AND a.name = ?3 ORDER BY a.id LIMIT 1
2026-10-05T12:03:41.517426873Z SQLTRACE start reader ThreadId(5) SELECT "boosts"."id", "boosts"."message_id", "boosts"."booster_id", "boosts"."content", "boosts"."created_at", "boosts"."updated_at" FROM "boosts" WHERE "boosts"."message_id" = 933434621 ORDER BY "boosts"."created_at" ASC
2026-10-05T12:03:41.517427873Z SQLTRACE end reader ThreadId(5) rows=0 SELECT "boosts"."id", "boosts"."message_id", "boosts"."booster_id", "boosts"."content", "boosts"."created_at", "boosts"."updated_at" FROM "boosts" WHERE "boosts"."message_id" = ? ORDER BY "boosts"."created_at" ASC
2026-10-05T12:03:41.517430207Z SQLTRACE start reader ThreadId(5) SELECT "action_text_rich_texts"."id", "action_text_rich_texts"."name", "action_text_rich_texts"."body", "action_text_rich_texts"."record_type", "action_text_rich_texts"."record_id", "action_text_rich_texts"."created_at", "action_text_rich_texts"."updated_at" FROM "action_text_rich_texts" WHERE "action_text_rich_texts"."record_id" = 933434622 AND "action_text_rich_texts"."record_type" = 'Message' AND "action_text_rich_texts"."name" = 'body' LIMIT 1
2026-10-05T12:03:41.517431582Z SQLTRACE end reader ThreadId(5) rows=1 SELECT "action_text_rich_texts"."id", "action_text_rich_texts"."name", "action_text_rich_texts"."body", "action_text_rich_texts"."record_type", "action_text_rich_texts"."record_id", "action_text_rich_texts"."created_at", "action_text_rich_texts"."updated_at" FROM "action_text_rich_texts" WHERE "action_text_rich_texts"."record_id" = ? AND "action_text_rich_texts"."record_type" = ? AND "action_text_rich_texts"."name" = ? LIMIT 1
2026-10-05T12:03:41.517432832Z SQLTRACE start reader ThreadId(5) SELECT "action_text_rich_texts"."id", "action_text_rich_texts"."name", "action_text_rich_texts"."body", "action_text_rich_texts"."record_type", "action_text_rich_texts"."record_id", "action_text_rich_texts"."created_at", "action_text_rich_texts"."updated_at" FROM "action_text_rich_texts" WHERE "action_text_rich_texts"."record_id" = 933434622 AND "action_text_rich_texts"."record_type" = 'Message' AND "action_text_rich_texts"."name" = 'body' LIMIT 1
2026-10-05T12:03:41.517434082Z SQLTRACE end reader ThreadId(5) rows=1 SELECT "action_text_rich_texts"."id", "action_text_rich_texts"."name", "action_text_rich_texts"."body", "action_text_rich_texts"."record_type", "action_text_rich_texts"."record_id", "action_text_rich_texts"."created_at", "action_text_rich_texts"."updated_at" FROM "action_text_rich_texts" WHERE "action_text_rich_texts"."record_id" = ? AND "action_text_rich_texts"."record_type" = ? AND "action_text_rich_texts"."name" = ? LIMIT 1
2026-10-05T12:03:41.517452749Z SQLTRACE start reader ThreadId(5) SELECT b.id, b.key, b.filename, b.content_type, b.metadata, b.service_name, b.byte_size, b.checksum, b.created_at FROM active_storage_blobs b JOIN active_storage_attachments a ON a.blob_id = b.id WHERE a.record_type = 'Message' AND a.record_id = 933434622 AND a.name = 'attachment' ORDER BY a.id LIMIT 1
2026-10-05T12:03:41.517456166Z SQLTRACE end reader ThreadId(5) rows=0 SELECT b.id, b.key, b.filename, b.content_type, b.metadata, b.service_name, b.byte_size, b.checksum, b.created_at FROM active_storage_blobs b JOIN active_storage_attachments a ON a.blob_id = b.id WHERE a.record_type = ?1 AND a.record_id = ?2 AND a.name = ?3 ORDER BY a.id LIMIT 1
2026-10-05T12:03:41.517502250Z SQLTRACE start reader ThreadId(5) SELECT "boosts"."id", "boosts"."message_id", "boosts"."booster_id", "boosts"."content", "boosts"."created_at", "boosts"."updated_at" FROM "boosts" WHERE "boosts"."message_id" = 933434622 ORDER BY "boosts"."created_at" ASC
2026-10-05T12:03:41.517504250Z SQLTRACE end reader ThreadId(5) rows=0 SELECT "boosts"."id", "boosts"."message_id", "boosts"."booster_id", "boosts"."content", "boosts"."created_at", "boosts"."updated_at" FROM "boosts" WHERE "boosts"."message_id" = ? ORDER BY "boosts"."created_at" ASC
2026-10-05T12:03:41.517510875Z SQLTRACE start reader ThreadId(5) SELECT "action_text_rich_texts"."id", "action_text_rich_texts"."name", "action_text_rich_texts"."body", "action_text_rich_texts"."record_type", "action_text_rich_texts"."record_id", "action_text_rich_texts"."created_at", "action_text_rich_texts"."updated_at" FROM "action_text_rich_texts" WHERE "action_text_rich_texts"."record_id" = 933434623 AND "action_text_rich_texts"."record_type" = 'Message' AND "action_text_rich_texts"."name" = 'body' LIMIT 1
2026-10-05T12:03:41.517512625Z SQLTRACE end reader ThreadId(5) rows=1 SELECT "action_text_rich_texts"."id", "action_text_rich_texts"."name", "action_text_rich_texts"."body", "action_text_rich_texts"."record_type", "action_text_rich_texts"."record_id", "action_text_rich_texts"."created_at", "action_text_rich_texts"."updated_at" FROM "action_text_rich_texts" WHERE "action_text_rich_texts"."record_id" = ? AND "action_text_rich_texts"."record_type" = ? AND "action_text_rich_texts"."name" = ? LIMIT 1
2026-10-05T12:03:41.517513833Z SQLTRACE start reader ThreadId(5) SELECT "action_text_rich_texts"."id", "action_text_rich_texts"."name", "action_text_rich_texts"."body", "action_text_rich_texts"."record_type", "action_text_rich_texts"."record_id", "action_text_rich_texts"."created_at", "action_text_rich_texts"."updated_at" FROM "action_text_rich_texts" WHERE "action_text_rich_texts"."record_id" = 933434623 AND "action_text_rich_texts"."record_type" = 'Message' AND "action_text_rich_texts"."name" = 'body' LIMIT 1
2026-10-05T12:03:41.517515417Z SQLTRACE end reader ThreadId(5) rows=1 SELECT "action_text_rich_texts"."id", "action_text_rich_texts"."name", "action_text_rich_texts"."body", "action_text_rich_texts"."record_type", "action_text_rich_texts"."record_id", "action_text_rich_texts"."created_at", "action_text_rich_texts"."updated_at" FROM "action_text_rich_texts" WHERE "action_text_rich_texts"."record_id" = ? AND "action_text_rich_texts"."record_type" = ? AND "action_text_rich_texts"."name" = ? LIMIT 1
2026-10-05T12:03:41.517516625Z SQLTRACE start reader ThreadId(5) SELECT b.id, b.key, b.filename, b.content_type, b.metadata, b.service_name, b.byte_size, b.checksum, b.created_at FROM active_storage_blobs b JOIN active_storage_attachments a ON a.blob_id = b.id WHERE a.record_type = 'Message' AND a.record_id = 933434623 AND a.name = 'attachment' ORDER BY a.id LIMIT 1
2026-10-05T12:03:41.517517542Z SQLTRACE end reader ThreadId(5) rows=0 SELECT b.id, b.key, b.filename, b.content_type, b.metadata, b.service_name, b.byte_size, b.checksum, b.created_at FROM active_storage_blobs b JOIN active_storage_attachments a ON a.blob_id = b.id WHERE a.record_type = ?1 AND a.record_id = ?2 AND a.name = ?3 ORDER BY a.id LIMIT 1
2026-10-05T12:03:41.517528542Z SQLTRACE start reader ThreadId(5) SELECT "boosts"."id", "boosts"."message_id", "boosts"."booster_id", "boosts"."content", "boosts"."created_at", "boosts"."updated_at" FROM "boosts" WHERE "boosts"."message_id" = 933434623 ORDER BY "boosts"."created_at" ASC
2026-10-05T12:03:41.517530834Z SQLTRACE end reader ThreadId(5) rows=0 SELECT "boosts"."id", "boosts"."message_id", "boosts"."booster_id", "boosts"."content", "boosts"."created_at", "boosts"."updated_at" FROM "boosts" WHERE "boosts"."message_id" = ? ORDER BY "boosts"."created_at" ASC
2026-10-05T12:03:41.517531875Z SQLTRACE start reader ThreadId(5) SELECT "action_text_rich_texts"."id", "action_text_rich_texts"."name", "action_text_rich_texts"."body", "action_text_rich_texts"."record_type", "action_text_rich_texts"."record_id", "action_text_rich_texts"."created_at", "action_text_rich_texts"."updated_at" FROM "action_text_rich_texts" WHERE "action_text_rich_texts"."record_id" = 933434624 AND "action_text_rich_texts"."record_type" = 'Message' AND "action_text_rich_texts"."name" = 'body' LIMIT 1
2026-10-05T12:03:41.517543292Z SQLTRACE end reader ThreadId(5) rows=1 SELECT "action_text_rich_texts"."id", "action_text_rich_texts"."name", "action_text_rich_texts"."body", "action_text_rich_texts"."record_type", "action_text_rich_texts"."record_id", "action_text_rich_texts"."created_at", "action_text_rich_texts"."updated_at" FROM "action_text_rich_texts" WHERE "action_text_rich_texts"."record_id" = ? AND "action_text_rich_texts"."record_type" = ? AND "action_text_rich_texts"."name" = ? LIMIT 1
2026-10-05T12:03:41.517546792Z SQLTRACE start reader ThreadId(5) SELECT "action_text_rich_texts"."id", "action_text_rich_texts"."name", "action_text_rich_texts"."body", "action_text_rich_texts"."record_type", "action_text_rich_texts"."record_id", "action_text_rich_texts"."created_at", "action_text_rich_texts"."updated_at" FROM "action_text_rich_texts" WHERE "action_text_rich_texts"."record_id" = 933434624 AND "action_text_rich_texts"."record_type" = 'Message' AND "action_text_rich_texts"."name" = 'body' LIMIT 1
2026-10-05T12:03:41.517548084Z SQLTRACE end reader ThreadId(5) rows=1 SELECT "action_text_rich_texts"."id", "action_text_rich_texts"."name", "action_text_rich_texts"."body", "action_text_rich_texts"."record_type", "action_text_rich_texts"."record_id", "action_text_rich_texts"."created_at", "action_text_rich_texts"."updated_at" FROM "action_text_rich_texts" WHERE "action_text_rich_texts"."record_id" = ? AND "action_text_rich_texts"."record_type" = ? AND "action_text_rich_texts"."name" = ? LIMIT 1
2026-10-05T12:03:41.517549292Z SQLTRACE start reader ThreadId(5) SELECT b.id, b.key, b.filename, b.content_type, b.metadata, b.service_name, b.byte_size, b.checksum, b.created_at FROM active_storage_blobs b JOIN active_storage_attachments a ON a.blob_id = b.id WHERE a.record_type = 'Message' AND a.record_id = 933434624 AND a.name = 'attachment' ORDER BY a.id LIMIT 1
2026-10-05T12:03:41.517570334Z SQLTRACE end reader ThreadId(5) rows=0 SELECT b.id, b.key, b.filename, b.content_type, b.metadata, b.service_name, b.byte_size, b.checksum, b.created_at FROM active_storage_blobs b JOIN active_storage_attachments a ON a.blob_id = b.id WHERE a.record_type = ?1 AND a.record_id = ?2 AND a.name = ?3 ORDER BY a.id LIMIT 1
2026-10-05T12:03:41.517585293Z SQLTRACE start reader ThreadId(5) SELECT "boosts"."id", "boosts"."message_id", "boosts"."booster_id", "boosts"."content", "boosts"."created_at", "boosts"."updated_at" FROM "boosts" WHERE "boosts"."message_id" = 933434624 ORDER BY "boosts"."created_at" ASC
2026-10-05T12:03:41.517588918Z SQLTRACE end reader ThreadId(5) rows=0 SELECT "boosts"."id", "boosts"."message_id", "boosts"."booster_id", "boosts"."content", "boosts"."created_at", "boosts"."updated_at" FROM "boosts" WHERE "boosts"."message_id" = ? ORDER BY "boosts"."created_at" ASC
2026-10-05T12:03:41.517591543Z SQLTRACE start reader ThreadId(5) SELECT "action_text_rich_texts"."id", "action_text_rich_texts"."name", "action_text_rich_texts"."body", "action_text_rich_texts"."record_type", "action_text_rich_texts"."record_id", "action_text_rich_texts"."created_at", "action_text_rich_texts"."updated_at" FROM "action_text_rich_texts" WHERE "action_text_rich_texts"."record_id" = 933434625 AND "action_text_rich_texts"."record_type" = 'Message' AND "action_text_rich_texts"."name" = 'body' LIMIT 1
2026-10-05T12:03:41.517609835Z SQLTRACE end reader ThreadId(5) rows=1 SELECT "action_text_rich_texts"."id", "action_text_rich_texts"."name", "action_text_rich_texts"."body", "action_text_rich_texts"."record_type", "action_text_rich_texts"."record_id", "action_text_rich_texts"."created_at", "action_text_rich_texts"."updated_at" FROM "action_text_rich_texts" WHERE "action_text_rich_texts"."record_id" = ? AND "action_text_rich_texts"."record_type" = ? AND "action_text_rich_texts"."name" = ? LIMIT 1
2026-10-05T12:03:41.517676211Z SQLTRACE start reader ThreadId(5) SELECT "action_text_rich_texts"."id", "action_text_rich_texts"."name", "action_text_rich_texts"."body", "action_text_rich_texts"."record_type", "action_text_rich_texts"."record_id", "action_text_rich_texts"."created_at", "action_text_rich_texts"."updated_at" FROM "action_text_rich_texts" WHERE "action_text_rich_texts"."record_id" = 933434625 AND "action_text_rich_texts"."record_type" = 'Message' AND "action_text_rich_texts"."name" = 'body' LIMIT 1
2026-10-05T12:03:41.517679253Z SQLTRACE end reader ThreadId(5) rows=1 SELECT "action_text_rich_texts"."id", "action_text_rich_texts"."name", "action_text_rich_texts"."body", "action_text_rich_texts"."record_type", "action_text_rich_texts"."record_id", "action_text_rich_texts"."created_at", "action_text_rich_texts"."updated_at" FROM "action_text_rich_texts" WHERE "action_text_rich_texts"."record_id" = ? AND "action_text_rich_texts"."record_type" = ? AND "action_text_rich_texts"."name" = ? LIMIT 1
2026-10-05T12:03:41.517680503Z SQLTRACE start reader ThreadId(5) SELECT b.id, b.key, b.filename, b.content_type, b.metadata, b.service_name, b.byte_size, b.checksum, b.created_at FROM active_storage_blobs b JOIN active_storage_attachments a ON a.blob_id = b.id WHERE a.record_type = 'Message' AND a.record_id = 933434625 AND a.name = 'attachment' ORDER BY a.id LIMIT 1
2026-10-05T12:03:41.517681503Z SQLTRACE end reader ThreadId(5) rows=0 SELECT b.id, b.key, b.filename, b.content_type, b.metadata, b.service_name, b.byte_size, b.checksum, b.created_at FROM active_storage_blobs b JOIN active_storage_attachments a ON a.blob_id = b.id WHERE a.record_type = ?1 AND a.record_id = ?2 AND a.name = ?3 ORDER BY a.id LIMIT 1
2026-10-05T12:03:41.517682420Z SQLTRACE start reader ThreadId(5) SELECT "boosts"."id", "boosts"."message_id", "boosts"."booster_id", "boosts"."content", "boosts"."created_at", "boosts"."updated_at" FROM "boosts" WHERE "boosts"."message_id" = 933434625 ORDER BY "boosts"."created_at" ASC
2026-10-05T12:03:41.517683587Z SQLTRACE end reader ThreadId(5) rows=0 SELECT "boosts"."id", "boosts"."message_id", "boosts"."booster_id", "boosts"."content", "boosts"."created_at", "boosts"."updated_at" FROM "boosts" WHERE "boosts"."message_id" = ? ORDER BY "boosts"."created_at" ASC
2026-10-05T12:03:41.517684587Z SQLTRACE start reader ThreadId(5) SELECT "action_text_rich_texts"."id", "action_text_rich_texts"."name", "action_text_rich_texts"."body", "action_text_rich_texts"."record_type", "action_text_rich_texts"."record_id", "action_text_rich_texts"."created_at", "action_text_rich_texts"."updated_at" FROM "action_text_rich_texts" WHERE "action_text_rich_texts"."record_id" = 933434626 AND "action_text_rich_texts"."record_type" = 'Message' AND "action_text_rich_texts"."name" = 'body' LIMIT 1
2026-10-05T12:03:41.517687087Z SQLTRACE end reader ThreadId(5) rows=1 SELECT "action_text_rich_texts"."id", "action_text_rich_texts"."name", "action_text_rich_texts"."body", "action_text_rich_texts"."record_type", "action_text_rich_texts"."record_id", "action_text_rich_texts"."created_at", "action_text_rich_texts"."updated_at" FROM "action_text_rich_texts" WHERE "action_text_rich_texts"."record_id" = ? AND "action_text_rich_texts"."record_type" = ? AND "action_text_rich_texts"."name" = ? LIMIT 1
2026-10-05T12:03:41.517688295Z SQLTRACE start reader ThreadId(5) SELECT "action_text_rich_texts"."id", "action_text_rich_texts"."name", "action_text_rich_texts"."body", "action_text_rich_texts"."record_type", "action_text_rich_texts"."record_id", "action_text_rich_texts"."created_at", "action_text_rich_texts"."updated_at" FROM "action_text_rich_texts" WHERE "action_text_rich_texts"."record_id" = 933434626 AND "action_text_rich_texts"."record_type" = 'Message' AND "action_text_rich_texts"."name" = 'body' LIMIT 1
2026-10-05T12:03:41.517689545Z SQLTRACE end reader ThreadId(5) rows=1 SELECT "action_text_rich_texts"."id", "action_text_rich_texts"."name", "action_text_rich_texts"."body", "action_text_rich_texts"."record_type", "action_text_rich_texts"."record_id", "action_text_rich_texts"."created_at", "action_text_rich_texts"."updated_at" FROM "action_text_rich_texts" WHERE "action_text_rich_texts"."record_id" = ? AND "action_text_rich_texts"."record_type" = ? AND "action_text_rich_texts"."name" = ? LIMIT 1
2026-10-05T12:03:41.517691795Z SQLTRACE start reader ThreadId(5) SELECT b.id, b.key, b.filename, b.content_type, b.metadata, b.service_name, b.byte_size, b.checksum, b.created_at FROM active_storage_blobs b JOIN active_storage_attachments a ON a.blob_id = b.id WHERE a.record_type = 'Message' AND a.record_id = 933434626 AND a.name = 'attachment' ORDER BY a.id LIMIT 1
2026-10-05T12:03:41.517692962Z SQLTRACE end reader ThreadId(5) rows=0 SELECT b.id, b.key, b.filename, b.content_type, b.metadata, b.service_name, b.byte_size, b.checksum, b.created_at FROM active_storage_blobs b JOIN active_storage_attachments a ON a.blob_id = b.id WHERE a.record_type = ?1 AND a.record_id = ?2 AND a.name = ?3 ORDER BY a.id LIMIT 1
2026-10-05T12:03:41.517695629Z SQLTRACE start reader ThreadId(5) SELECT "boosts"."id", "boosts"."message_id", "boosts"."booster_id", "boosts"."content", "boosts"."created_at", "boosts"."updated_at" FROM "boosts" WHERE "boosts"."message_id" = 933434626 ORDER BY "boosts"."created_at" ASC
2026-10-05T12:03:41.517696587Z SQLTRACE end reader ThreadId(5) rows=0 SELECT "boosts"."id", "boosts"."message_id", "boosts"."booster_id", "boosts"."content", "boosts"."created_at", "boosts"."updated_at" FROM "boosts" WHERE "boosts"."message_id" = ? ORDER BY "boosts"."created_at" ASC
2026-10-05T12:03:41.517697545Z SQLTRACE start reader ThreadId(5) SELECT "action_text_rich_texts"."id", "action_text_rich_texts"."name", "action_text_rich_texts"."body", "action_text_rich_texts"."record_type", "action_text_rich_texts"."record_id", "action_text_rich_texts"."created_at", "action_text_rich_texts"."updated_at" FROM "action_text_rich_texts" WHERE "action_text_rich_texts"."record_id" = 933434627 AND "action_text_rich_texts"."record_type" = 'Message' AND "action_text_rich_texts"."name" = 'body' LIMIT 1
2026-10-05T12:03:41.517700504Z SQLTRACE end reader ThreadId(5) rows=1 SELECT "action_text_rich_texts"."id", "action_text_rich_texts"."name", "action_text_rich_texts"."body", "action_text_rich_texts"."record_type", "action_text_rich_texts"."record_id", "action_text_rich_texts"."created_at", "action_text_rich_texts"."updated_at" FROM "action_text_rich_texts" WHERE "action_text_rich_texts"."record_id" = ? AND "action_text_rich_texts"."record_type" = ? AND "action_text_rich_texts"."name" = ? LIMIT 1
2026-10-05T12:03:41.517720921Z SQLTRACE start reader ThreadId(5) SELECT "action_text_rich_texts"."id", "action_text_rich_texts"."name", "action_text_rich_texts"."body", "action_text_rich_texts"."record_type", "action_text_rich_texts"."record_id", "action_text_rich_texts"."created_at", "action_text_rich_texts"."updated_at" FROM "action_text_rich_texts" WHERE "action_text_rich_texts"."record_id" = 933434627 AND "action_text_rich_texts"."record_type" = 'Message' AND "action_text_rich_texts"."name" = 'body' LIMIT 1
2026-10-05T12:03:41.517722504Z SQLTRACE end reader ThreadId(5) rows=1 SELECT "action_text_rich_texts"."id", "action_text_rich_texts"."name", "action_text_rich_texts"."body", "action_text_rich_texts"."record_type", "action_text_rich_texts"."record_id", "action_text_rich_texts"."created_at", "action_text_rich_texts"."updated_at" FROM "action_text_rich_texts" WHERE "action_text_rich_texts"."record_id" = ? AND "action_text_rich_texts"."record_type" = ? AND "action_text_rich_texts"."name" = ? LIMIT 1
2026-10-05T12:03:41.517723712Z SQLTRACE start reader ThreadId(5) SELECT b.id, b.key, b.filename, b.content_type, b.metadata, b.service_name, b.byte_size, b.checksum, b.created_at FROM active_storage_blobs b JOIN active_storage_attachments a ON a.blob_id = b.id WHERE a.record_type = 'Message' AND a.record_id = 933434627 AND a.name = 'attachment' ORDER BY a.id LIMIT 1
2026-10-05T12:03:41.517739629Z SQLTRACE end reader ThreadId(5) rows=0 SELECT b.id, b.key, b.filename, b.content_type, b.metadata, b.service_name, b.byte_size, b.checksum, b.created_at FROM active_storage_blobs b JOIN active_storage_attachments a ON a.blob_id = b.id WHERE a.record_type = ?1 AND a.record_id = ?2 AND a.name = ?3 ORDER BY a.id LIMIT 1
2026-10-05T12:03:41.517741004Z SQLTRACE start reader ThreadId(5) SELECT "boosts"."id", "boosts"."message_id", "boosts"."booster_id", "boosts"."content", "boosts"."created_at", "boosts"."updated_at" FROM "boosts" WHERE "boosts"."message_id" = 933434627 ORDER BY "boosts"."created_at" ASC
2026-10-05T12:03:41.517742004Z SQLTRACE end reader ThreadId(5) rows=0 SELECT "boosts"."id", "boosts"."message_id", "boosts"."booster_id", "boosts"."content", "boosts"."created_at", "boosts"."updated_at" FROM "boosts" WHERE "boosts"."message_id" = ? ORDER BY "boosts"."created_at" ASC
2026-10-05T12:03:41.517744421Z SQLTRACE start reader ThreadId(5) SELECT "action_text_rich_texts"."id", "action_text_rich_texts"."name", "action_text_rich_texts"."body", "action_text_rich_texts"."record_type", "action_text_rich_texts"."record_id", "action_text_rich_texts"."created_at", "action_text_rich_texts"."updated_at" FROM "action_text_rich_texts" WHERE "action_text_rich_texts"."record_id" = 933434628 AND "action_text_rich_texts"."record_type" = 'Message' AND "action_text_rich_texts"."name" = 'body' LIMIT 1
2026-10-05T12:03:41.517759005Z SQLTRACE end reader ThreadId(5) rows=1 SELECT "action_text_rich_texts"."id", "action_text_rich_texts"."name", "action_text_rich_texts"."body", "action_text_rich_texts"."record_type", "action_text_rich_texts"."record_id", "action_text_rich_texts"."created_at", "action_text_rich_texts"."updated_at" FROM "action_text_rich_texts" WHERE "action_text_rich_texts"."record_id" = ? AND "action_text_rich_texts"."record_type" = ? AND "action_text_rich_texts"."name" = ? LIMIT 1
2026-10-05T12:03:41.517761630Z SQLTRACE start reader ThreadId(5) SELECT "action_text_rich_texts"."id", "action_text_rich_texts"."name", "action_text_rich_texts"."body", "action_text_rich_texts"."record_type", "action_text_rich_texts"."record_id", "action_text_rich_texts"."created_at", "action_text_rich_texts"."updated_at" FROM "action_text_rich_texts" WHERE "action_text_rich_texts"."record_id" = 933434628 AND "action_text_rich_texts"."record_type" = 'Message' AND "action_text_rich_texts"."name" = 'body' LIMIT 1
2026-10-05T12:03:41.517764588Z SQLTRACE end reader ThreadId(5) rows=1 SELECT "action_text_rich_texts"."id", "action_text_rich_texts"."name", "action_text_rich_texts"."body", "action_text_rich_texts"."record_type", "action_text_rich_texts"."record_id", "action_text_rich_texts"."created_at", "action_text_rich_texts"."updated_at" FROM "action_text_rich_texts" WHERE "action_text_rich_texts"."record_id" = ? AND "action_text_rich_texts"."record_type" = ? AND "action_text_rich_texts"."name" = ? LIMIT 1
2026-10-05T12:03:41.517767338Z SQLTRACE start reader ThreadId(5) SELECT b.id, b.key, b.filename, b.content_type, b.metadata, b.service_name, b.byte_size, b.checksum, b.created_at FROM active_storage_blobs b JOIN active_storage_attachments a ON a.blob_id = b.id WHERE a.record_type = 'Message' AND a.record_id = 933434628 AND a.name = 'attachment' ORDER BY a.id LIMIT 1
2026-10-05T12:03:41.517795339Z SQLTRACE end reader ThreadId(5) rows=0 SELECT b.id, b.key, b.filename, b.content_type, b.metadata, b.service_name, b.byte_size, b.checksum, b.created_at FROM active_storage_blobs b JOIN active_storage_attachments a ON a.blob_id = b.id WHERE a.record_type = ?1 AND a.record_id = ?2 AND a.name = ?3 ORDER BY a.id LIMIT 1
2026-10-05T12:03:41.517829589Z SQLTRACE start reader ThreadId(5) SELECT "boosts"."id", "boosts"."message_id", "boosts"."booster_id", "boosts"."content", "boosts"."created_at", "boosts"."updated_at" FROM "boosts" WHERE "boosts"."message_id" = 933434628 ORDER BY "boosts"."created_at" ASC
2026-10-05T12:03:41.517831839Z SQLTRACE end reader ThreadId(5) rows=0 SELECT "boosts"."id", "boosts"."message_id", "boosts"."booster_id", "boosts"."content", "boosts"."created_at", "boosts"."updated_at" FROM "boosts" WHERE "boosts"."message_id" = ? ORDER BY "boosts"."created_at" ASC
2026-10-05T12:03:41.517832840Z SQLTRACE start reader ThreadId(5) SELECT "action_text_rich_texts"."id", "action_text_rich_texts"."name", "action_text_rich_texts"."body", "action_text_rich_texts"."record_type", "action_text_rich_texts"."record_id", "action_text_rich_texts"."created_at", "action_text_rich_texts"."updated_at" FROM "action_text_rich_texts" WHERE "action_text_rich_texts"."record_id" = 933434629 AND "action_text_rich_texts"."record_type" = 'Message' AND "action_text_rich_texts"."name" = 'body' LIMIT 1
2026-10-05T12:03:41.517834090Z SQLTRACE end reader ThreadId(5) rows=1 SELECT "action_text_rich_texts"."id", "action_text_rich_texts"."name", "action_text_rich_texts"."body", "action_text_rich_texts"."record_type", "action_text_rich_texts"."record_id", "action_text_rich_texts"."created_at", "action_text_rich_texts"."updated_at" FROM "action_text_rich_texts" WHERE "action_text_rich_texts"."record_id" = ? AND "action_text_rich_texts"."record_type" = ? AND "action_text_rich_texts"."name" = ? LIMIT 1
2026-10-05T12:03:41.517835298Z SQLTRACE start reader ThreadId(5) SELECT "action_text_rich_texts"."id", "action_text_rich_texts"."name", "action_text_rich_texts"."body", "action_text_rich_texts"."record_type", "action_text_rich_texts"."record_id", "action_text_rich_texts"."created_at", "action_text_rich_texts"."updated_at" FROM "action_text_rich_texts" WHERE "action_text_rich_texts"."record_id" = 933434629 AND "action_text_rich_texts"."record_type" = 'Message' AND "action_text_rich_texts"."name" = 'body' LIMIT 1
2026-10-05T12:03:41.517840506Z SQLTRACE end reader ThreadId(5) rows=1 SELECT "action_text_rich_texts"."id", "action_text_rich_texts"."name", "action_text_rich_texts"."body", "action_text_rich_texts"."record_type", "action_text_rich_texts"."record_id", "action_text_rich_texts"."created_at", "action_text_rich_texts"."updated_at" FROM "action_text_rich_texts" WHERE "action_text_rich_texts"."record_id" = ? AND "action_text_rich_texts"."record_type" = ? AND "action_text_rich_texts"."name" = ? LIMIT 1
2026-10-05T12:03:41.517841798Z SQLTRACE start reader ThreadId(5) SELECT b.id, b.key, b.filename, b.content_type, b.metadata, b.service_name, b.byte_size, b.checksum, b.created_at FROM active_storage_blobs b JOIN active_storage_attachments a ON a.blob_id = b.id WHERE a.record_type = 'Message' AND a.record_id = 933434629 AND a.name = 'attachment' ORDER BY a.id LIMIT 1
2026-10-05T12:03:41.517842715Z SQLTRACE end reader ThreadId(5) rows=0 SELECT b.id, b.key, b.filename, b.content_type, b.metadata, b.service_name, b.byte_size, b.checksum, b.created_at FROM active_storage_blobs b JOIN active_storage_attachments a ON a.blob_id = b.id WHERE a.record_type = ?1 AND a.record_id = ?2 AND a.name = ?3 ORDER BY a.id LIMIT 1
2026-10-05T12:03:41.517879924Z SQLTRACE start reader ThreadId(5) SELECT "boosts"."id", "boosts"."message_id", "boosts"."booster_id", "boosts"."content", "boosts"."created_at", "boosts"."updated_at" FROM "boosts" WHERE "boosts"."message_id" = 933434629 ORDER BY "boosts"."created_at" ASC
2026-10-05T12:03:41.517882090Z SQLTRACE end reader ThreadId(5) rows=0 SELECT "boosts"."id", "boosts"."message_id", "boosts"."booster_id", "boosts"."content", "boosts"."created_at", "boosts"."updated_at" FROM "boosts" WHERE "boosts"."message_id" = ? ORDER BY "boosts"."created_at" ASC
2026-10-05T12:03:41.517883132Z SQLTRACE start reader ThreadId(5) SELECT "action_text_rich_texts"."id", "action_text_rich_texts"."name", "action_text_rich_texts"."body", "action_text_rich_texts"."record_type", "action_text_rich_texts"."record_id", "action_text_rich_texts"."created_at", "action_text_rich_texts"."updated_at" FROM "action_text_rich_texts" WHERE "action_text_rich_texts"."record_id" = 933434481 AND "action_text_rich_texts"."record_type" = 'Message' AND "action_text_rich_texts"."name" = 'body' LIMIT 1
2026-10-05T12:03:41.517884340Z SQLTRACE end reader ThreadId(5) rows=1 SELECT "action_text_rich_texts"."id", "action_text_rich_texts"."name", "action_text_rich_texts"."body", "action_text_rich_texts"."record_type", "action_text_rich_texts"."record_id", "action_text_rich_texts"."created_at", "action_text_rich_texts"."updated_at" FROM "action_text_rich_texts" WHERE "action_text_rich_texts"."record_id" = ? AND "action_text_rich_texts"."record_type" = ? AND "action_text_rich_texts"."name" = ? LIMIT 1
2026-10-05T12:03:41.517885591Z SQLTRACE start reader ThreadId(5) SELECT "users"."id", "users"."name", "users"."email_address", "users"."password_digest", "users"."role", "users"."status", "users"."bio", "users"."bot_token", "users"."created_at", "users"."updated_at" FROM "users" WHERE "users"."id" = 773523953 LIMIT 1
2026-10-05T12:03:41.517887882Z SQLTRACE end reader ThreadId(5) rows=1 SELECT "users"."id", "users"."name", "users"."email_address", "users"."password_digest", "users"."role", "users"."status", "users"."bio", "users"."bot_token", "users"."created_at", "users"."updated_at" FROM "users" WHERE "users"."id" = ? LIMIT 1
2026-10-05T12:03:41.517925508Z SQLTRACE start reader ThreadId(5) SELECT "action_text_rich_texts"."id", "action_text_rich_texts"."name", "action_text_rich_texts"."body", "action_text_rich_texts"."record_type", "action_text_rich_texts"."record_id", "action_text_rich_texts"."created_at", "action_text_rich_texts"."updated_at" FROM "action_text_rich_texts" WHERE "action_text_rich_texts"."record_id" = 933434481 AND "action_text_rich_texts"."record_type" = 'Message' AND "action_text_rich_texts"."name" = 'body' LIMIT 1
2026-10-05T12:03:41.517928050Z SQLTRACE end reader ThreadId(5) rows=1 SELECT "action_text_rich_texts"."id", "action_text_rich_texts"."name", "action_text_rich_texts"."body", "action_text_rich_texts"."record_type", "action_text_rich_texts"."record_id", "action_text_rich_texts"."created_at", "action_text_rich_texts"."updated_at" FROM "action_text_rich_texts" WHERE "action_text_rich_texts"."record_id" = ? AND "action_text_rich_texts"."record_type" = ? AND "action_text_rich_texts"."name" = ? LIMIT 1
2026-10-05T12:03:41.517929300Z SQLTRACE start reader ThreadId(5) SELECT b.id, b.key, b.filename, b.content_type, b.metadata, b.service_name, b.byte_size, b.checksum, b.created_at FROM active_storage_blobs b JOIN active_storage_attachments a ON a.blob_id = b.id WHERE a.record_type = 'Message' AND a.record_id = 933434481 AND a.name = 'attachment' ORDER BY a.id LIMIT 1
2026-10-05T12:03:41.517930258Z SQLTRACE end reader ThreadId(5) rows=0 SELECT b.id, b.key, b.filename, b.content_type, b.metadata, b.service_name, b.byte_size, b.checksum, b.created_at FROM active_storage_blobs b JOIN active_storage_attachments a ON a.blob_id = b.id WHERE a.record_type = ?1 AND a.record_id = ?2 AND a.name = ?3 ORDER BY a.id LIMIT 1
2026-10-05T12:03:41.517962967Z SQLTRACE start reader ThreadId(5) SELECT "boosts"."id", "boosts"."message_id", "boosts"."booster_id", "boosts"."content", "boosts"."created_at", "boosts"."updated_at" FROM "boosts" WHERE "boosts"."message_id" = 933434481 ORDER BY "boosts"."created_at" ASC
2026-10-05T12:03:41.517965009Z SQLTRACE end reader ThreadId(5) rows=1 SELECT "boosts"."id", "boosts"."message_id", "boosts"."booster_id", "boosts"."content", "boosts"."created_at", "boosts"."updated_at" FROM "boosts" WHERE "boosts"."message_id" = ? ORDER BY "boosts"."created_at" ASC
2026-10-05T12:03:41.517966092Z SQLTRACE start reader ThreadId(5) SELECT "action_text_rich_texts"."id", "action_text_rich_texts"."name", "action_text_rich_texts"."body", "action_text_rich_texts"."record_type", "action_text_rich_texts"."record_id", "action_text_rich_texts"."created_at", "action_text_rich_texts"."updated_at" FROM "action_text_rich_texts" WHERE "action_text_rich_texts"."record_id" = 303968118 AND "action_text_rich_texts"."record_type" = 'Message' AND "action_text_rich_texts"."name" = 'body' LIMIT 1
2026-10-05T12:03:41.517968800Z SQLTRACE end reader ThreadId(5) rows=1 SELECT "action_text_rich_texts"."id", "action_text_rich_texts"."name", "action_text_rich_texts"."body", "action_text_rich_texts"."record_type", "action_text_rich_texts"."record_id", "action_text_rich_texts"."created_at", "action_text_rich_texts"."updated_at" FROM "action_text_rich_texts" WHERE "action_text_rich_texts"."record_id" = ? AND "action_text_rich_texts"."record_type" = ? AND "action_text_rich_texts"."name" = ? LIMIT 1
2026-10-05T12:03:41.517993801Z SQLTRACE start reader ThreadId(5) SELECT "action_text_rich_texts"."id", "action_text_rich_texts"."name", "action_text_rich_texts"."body", "action_text_rich_texts"."record_type", "action_text_rich_texts"."record_id", "action_text_rich_texts"."created_at", "action_text_rich_texts"."updated_at" FROM "action_text_rich_texts" WHERE "action_text_rich_texts"."record_id" = 303968118 AND "action_text_rich_texts"."record_type" = 'Message' AND "action_text_rich_texts"."name" = 'body' LIMIT 1
2026-10-05T12:03:41.517995926Z SQLTRACE end reader ThreadId(5) rows=1 SELECT "action_text_rich_texts"."id", "action_text_rich_texts"."name", "action_text_rich_texts"."body", "action_text_rich_texts"."record_type", "action_text_rich_texts"."record_id", "action_text_rich_texts"."created_at", "action_text_rich_texts"."updated_at" FROM "action_text_rich_texts" WHERE "action_text_rich_texts"."record_id" = ? AND "action_text_rich_texts"."record_type" = ? AND "action_text_rich_texts"."name" = ? LIMIT 1
2026-10-05T12:03:41.517997468Z SQLTRACE start reader ThreadId(5) SELECT b.id, b.key, b.filename, b.content_type, b.metadata, b.service_name, b.byte_size, b.checksum, b.created_at FROM active_storage_blobs b JOIN active_storage_attachments a ON a.blob_id = b.id WHERE a.record_type = 'Message' AND a.record_id = 303968118 AND a.name = 'attachment' ORDER BY a.id LIMIT 1
2026-10-05T12:03:41.518019468Z SQLTRACE end reader ThreadId(5) rows=0 SELECT b.id, b.key, b.filename, b.content_type, b.metadata, b.service_name, b.byte_size, b.checksum, b.created_at FROM active_storage_blobs b JOIN active_storage_attachments a ON a.blob_id = b.id WHERE a.record_type = ?1 AND a.record_id = ?2 AND a.name = ?3 ORDER BY a.id LIMIT 1
2026-10-05T12:03:41.518021051Z SQLTRACE start reader ThreadId(5) SELECT "boosts"."id", "boosts"."message_id", "boosts"."booster_id", "boosts"."content", "boosts"."created_at", "boosts"."updated_at" FROM "boosts" WHERE "boosts"."message_id" = 303968118 ORDER BY "boosts"."created_at" ASC
2026-10-05T12:03:41.518024510Z SQLTRACE end reader ThreadId(5) rows=0 SELECT "boosts"."id", "boosts"."message_id", "boosts"."booster_id", "boosts"."content", "boosts"."created_at", "boosts"."updated_at" FROM "boosts" WHERE "boosts"."message_id" = ? ORDER BY "boosts"."created_at" ASC
2026-10-05T12:03:41.518025760Z SQLTRACE start reader ThreadId(5) SELECT "action_text_rich_texts"."id", "action_text_rich_texts"."name", "action_text_rich_texts"."body", "action_text_rich_texts"."record_type", "action_text_rich_texts"."record_id", "action_text_rich_texts"."created_at", "action_text_rich_texts"."updated_at" FROM "action_text_rich_texts" WHERE "action_text_rich_texts"."record_id" = 749124092 AND "action_text_rich_texts"."record_type" = 'Message' AND "action_text_rich_texts"."name" = 'body' LIMIT 1
2026-10-05T12:03:41.518055135Z SQLTRACE end reader ThreadId(5) rows=1 SELECT "action_text_rich_texts"."id", "action_text_rich_texts"."name", "action_text_rich_texts"."body", "action_text_rich_texts"."record_type", "action_text_rich_texts"."record_id", "action_text_rich_texts"."created_at", "action_text_rich_texts"."updated_at" FROM "action_text_rich_texts" WHERE "action_text_rich_texts"."record_id" = ? AND "action_text_rich_texts"."record_type" = ? AND "action_text_rich_texts"."name" = ? LIMIT 1
2026-10-05T12:03:41.518065011Z SQLTRACE start reader ThreadId(5) SELECT "action_text_rich_texts"."id", "action_text_rich_texts"."name", "action_text_rich_texts"."body", "action_text_rich_texts"."record_type", "action_text_rich_texts"."record_id", "action_text_rich_texts"."created_at", "action_text_rich_texts"."updated_at" FROM "action_text_rich_texts" WHERE "action_text_rich_texts"."record_id" = 749124092 AND "action_text_rich_texts"."record_type" = 'Message' AND "action_text_rich_texts"."name" = 'body' LIMIT 1
2026-10-05T12:03:41.518066302Z SQLTRACE end reader ThreadId(5) rows=1 SELECT "action_text_rich_texts"."id", "action_text_rich_texts"."name", "action_text_rich_texts"."body", "action_text_rich_texts"."record_type", "action_text_rich_texts"."record_id", "action_text_rich_texts"."created_at", "action_text_rich_texts"."updated_at" FROM "action_text_rich_texts" WHERE "action_text_rich_texts"."record_id" = ? AND "action_text_rich_texts"."record_type" = ? AND "action_text_rich_texts"."name" = ? LIMIT 1
2026-10-05T12:03:41.518069052Z SQLTRACE start reader ThreadId(5) SELECT b.id, b.key, b.filename, b.content_type, b.metadata, b.service_name, b.byte_size, b.checksum, b.created_at FROM active_storage_blobs b JOIN active_storage_attachments a ON a.blob_id = b.id WHERE a.record_type = 'Message' AND a.record_id = 749124092 AND a.name = 'attachment' ORDER BY a.id LIMIT 1
2026-10-05T12:03:41.518070011Z SQLTRACE end reader ThreadId(5) rows=0 SELECT b.id, b.key, b.filename, b.content_type, b.metadata, b.service_name, b.byte_size, b.checksum, b.created_at FROM active_storage_blobs b JOIN active_storage_attachments a ON a.blob_id = b.id WHERE a.record_type = ?1 AND a.record_id = ?2 AND a.name = ?3 ORDER BY a.id LIMIT 1
2026-10-05T12:03:41.518110261Z SQLTRACE start reader ThreadId(5) SELECT "boosts"."id", "boosts"."message_id", "boosts"."booster_id", "boosts"."content", "boosts"."created_at", "boosts"."updated_at" FROM "boosts" WHERE "boosts"."message_id" = 749124092 ORDER BY "boosts"."created_at" ASC
2026-10-05T12:03:41.518111637Z SQLTRACE end reader ThreadId(5) rows=0 SELECT "boosts"."id", "boosts"."message_id", "boosts"."booster_id", "boosts"."content", "boosts"."created_at", "boosts"."updated_at" FROM "boosts" WHERE "boosts"."message_id" = ? ORDER BY "boosts"."created_at" ASC
2026-10-05T12:03:41.518112637Z SQLTRACE start reader ThreadId(5) SELECT "action_text_rich_texts"."id", "action_text_rich_texts"."name", "action_text_rich_texts"."body", "action_text_rich_texts"."record_type", "action_text_rich_texts"."record_id", "action_text_rich_texts"."created_at", "action_text_rich_texts"."updated_at" FROM "action_text_rich_texts" WHERE "action_text_rich_texts"."record_id" = 684468941 AND "action_text_rich_texts"."record_type" = 'Message' AND "action_text_rich_texts"."name" = 'body' LIMIT 1
2026-10-05T12:03:41.518113845Z SQLTRACE end reader ThreadId(5) rows=1 SELECT "action_text_rich_texts"."id", "action_text_rich_texts"."name", "action_text_rich_texts"."body", "action_text_rich_texts"."record_type", "action_text_rich_texts"."record_id", "action_text_rich_texts"."created_at", "action_text_rich_texts"."updated_at" FROM "action_text_rich_texts" WHERE "action_text_rich_texts"."record_id" = ? AND "action_text_rich_texts"."record_type" = ? AND "action_text_rich_texts"."name" = ? LIMIT 1
2026-10-05T12:03:41.518115012Z SQLTRACE start reader ThreadId(5) SELECT "action_text_rich_texts"."id", "action_text_rich_texts"."name", "action_text_rich_texts"."body", "action_text_rich_texts"."record_type", "action_text_rich_texts"."record_id", "action_text_rich_texts"."created_at", "action_text_rich_texts"."updated_at" FROM "action_text_rich_texts" WHERE "action_text_rich_texts"."record_id" = 684468941 AND "action_text_rich_texts"."record_type" = 'Message' AND "action_text_rich_texts"."name" = 'body' LIMIT 1
2026-10-05T12:03:41.518118887Z SQLTRACE end reader ThreadId(5) rows=1 SELECT "action_text_rich_texts"."id", "action_text_rich_texts"."name", "action_text_rich_texts"."body", "action_text_rich_texts"."record_type", "action_text_rich_texts"."record_id", "action_text_rich_texts"."created_at", "action_text_rich_texts"."updated_at" FROM "action_text_rich_texts" WHERE "action_text_rich_texts"."record_id" = ? AND "action_text_rich_texts"."record_type" = ? AND "action_text_rich_texts"."name" = ? LIMIT 1
2026-10-05T12:03:41.518145637Z SQLTRACE start reader ThreadId(5) SELECT b.id, b.key, b.filename, b.content_type, b.metadata, b.service_name, b.byte_size, b.checksum, b.created_at FROM active_storage_blobs b JOIN active_storage_attachments a ON a.blob_id = b.id WHERE a.record_type = 'Message' AND a.record_id = 684468941 AND a.name = 'attachment' ORDER BY a.id LIMIT 1
2026-10-05T12:03:41.518147721Z SQLTRACE end reader ThreadId(5) rows=0 SELECT b.id, b.key, b.filename, b.content_type, b.metadata, b.service_name, b.byte_size, b.checksum, b.created_at FROM active_storage_blobs b JOIN active_storage_attachments a ON a.blob_id = b.id WHERE a.record_type = ?1 AND a.record_id = ?2 AND a.name = ?3 ORDER BY a.id LIMIT 1
2026-10-05T12:03:41.518148637Z SQLTRACE start reader ThreadId(5) SELECT "boosts"."id", "boosts"."message_id", "boosts"."booster_id", "boosts"."content", "boosts"."created_at", "boosts"."updated_at" FROM "boosts" WHERE "boosts"."message_id" = 684468941 ORDER BY "boosts"."created_at" ASC
2026-10-05T12:03:41.518149596Z SQLTRACE end reader ThreadId(5) rows=0 SELECT "boosts"."id", "boosts"."message_id", "boosts"."booster_id", "boosts"."content", "boosts"."created_at", "boosts"."updated_at" FROM "boosts" WHERE "boosts"."message_id" = ? ORDER BY "boosts"."created_at" ASC
2026-10-05T12:03:41.518150679Z SQLTRACE start reader ThreadId(5) SELECT "action_text_rich_texts"."id", "action_text_rich_texts"."name", "action_text_rich_texts"."body", "action_text_rich_texts"."record_type", "action_text_rich_texts"."record_id", "action_text_rich_texts"."created_at", "action_text_rich_texts"."updated_at" FROM "action_text_rich_texts" WHERE "action_text_rich_texts"."record_id" = 366357198 AND "action_text_rich_texts"."record_type" = 'Message' AND "action_text_rich_texts"."name" = 'body' LIMIT 1
2026-10-05T12:03:41.518180221Z SQLTRACE end reader ThreadId(5) rows=1 SELECT "action_text_rich_texts"."id", "action_text_rich_texts"."name", "action_text_rich_texts"."body", "action_text_rich_texts"."record_type", "action_text_rich_texts"."record_id", "action_text_rich_texts"."created_at", "action_text_rich_texts"."updated_at" FROM "action_text_rich_texts" WHERE "action_text_rich_texts"."record_id" = ? AND "action_text_rich_texts"."record_type" = ? AND "action_text_rich_texts"."name" = ? LIMIT 1
2026-10-05T12:03:41.518182263Z SQLTRACE start reader ThreadId(5) SELECT "action_text_rich_texts"."id", "action_text_rich_texts"."name", "action_text_rich_texts"."body", "action_text_rich_texts"."record_type", "action_text_rich_texts"."record_id", "action_text_rich_texts"."created_at", "action_text_rich_texts"."updated_at" FROM "action_text_rich_texts" WHERE "action_text_rich_texts"."record_id" = 366357198 AND "action_text_rich_texts"."record_type" = 'Message' AND "action_text_rich_texts"."name" = 'body' LIMIT 1
2026-10-05T12:03:41.518190388Z SQLTRACE end reader ThreadId(5) rows=1 SELECT "action_text_rich_texts"."id", "action_text_rich_texts"."name", "action_text_rich_texts"."body", "action_text_rich_texts"."record_type", "action_text_rich_texts"."record_id", "action_text_rich_texts"."created_at", "action_text_rich_texts"."updated_at" FROM "action_text_rich_texts" WHERE "action_text_rich_texts"."record_id" = ? AND "action_text_rich_texts"."record_type" = ? AND "action_text_rich_texts"."name" = ? LIMIT 1
2026-10-05T12:03:41.518192555Z SQLTRACE start reader ThreadId(5) SELECT b.id, b.key, b.filename, b.content_type, b.metadata, b.service_name, b.byte_size, b.checksum, b.created_at FROM active_storage_blobs b JOIN active_storage_attachments a ON a.blob_id = b.id WHERE a.record_type = 'Message' AND a.record_id = 366357198 AND a.name = 'attachment' ORDER BY a.id LIMIT 1
2026-10-05T12:03:41.518195971Z SQLTRACE end reader ThreadId(5) rows=0 SELECT b.id, b.key, b.filename, b.content_type, b.metadata, b.service_name, b.byte_size, b.checksum, b.created_at FROM active_storage_blobs b JOIN active_storage_attachments a ON a.blob_id = b.id WHERE a.record_type = ?1 AND a.record_id = ?2 AND a.name = ?3 ORDER BY a.id LIMIT 1
2026-10-05T12:03:41.518201097Z SQLTRACE start reader ThreadId(5) SELECT "boosts"."id", "boosts"."message_id", "boosts"."booster_id", "boosts"."content", "boosts"."created_at", "boosts"."updated_at" FROM "boosts" WHERE "boosts"."message_id" = 366357198 ORDER BY "boosts"."created_at" ASC
2026-10-05T12:03:41.518203763Z SQLTRACE end reader ThreadId(5) rows=0 SELECT "boosts"."id", "boosts"."message_id", "boosts"."booster_id", "boosts"."content", "boosts"."created_at", "boosts"."updated_at" FROM "boosts" WHERE "boosts"."message_id" = ? ORDER BY "boosts"."created_at" ASC
2026-10-05T12:03:41.518205055Z SQLTRACE start reader ThreadId(5) SELECT "action_text_rich_texts"."id", "action_text_rich_texts"."name", "action_text_rich_texts"."body", "action_text_rich_texts"."record_type", "action_text_rich_texts"."record_id", "action_text_rich_texts"."created_at", "action_text_rich_texts"."updated_at" FROM "action_text_rich_texts" WHERE "action_text_rich_texts"."record_id" = 746403085 AND "action_text_rich_texts"."record_type" = 'Message' AND "action_text_rich_texts"."name" = 'body' LIMIT 1
2026-10-05T12:03:41.518241431Z SQLTRACE end reader ThreadId(5) rows=1 SELECT "action_text_rich_texts"."id", "action_text_rich_texts"."name", "action_text_rich_texts"."body", "action_text_rich_texts"."record_type", "action_text_rich_texts"."record_id", "action_text_rich_texts"."created_at", "action_text_rich_texts"."updated_at" FROM "action_text_rich_texts" WHERE "action_text_rich_texts"."record_id" = ? AND "action_text_rich_texts"."record_type" = ? AND "action_text_rich_texts"."name" = ? LIMIT 1
2026-10-05T12:03:41.518244431Z SQLTRACE start reader ThreadId(5) SELECT "action_text_rich_texts"."id", "action_text_rich_texts"."name", "action_text_rich_texts"."body", "action_text_rich_texts"."record_type", "action_text_rich_texts"."record_id", "action_text_rich_texts"."created_at", "action_text_rich_texts"."updated_at" FROM "action_text_rich_texts" WHERE "action_text_rich_texts"."record_id" = 746403085 AND "action_text_rich_texts"."record_type" = 'Message' AND "action_text_rich_texts"."name" = 'body' LIMIT 1
2026-10-05T12:03:41.518246014Z SQLTRACE end reader ThreadId(5) rows=1 SELECT "action_text_rich_texts"."id", "action_text_rich_texts"."name", "action_text_rich_texts"."body", "action_text_rich_texts"."record_type", "action_text_rich_texts"."record_id", "action_text_rich_texts"."created_at", "action_text_rich_texts"."updated_at" FROM "action_text_rich_texts" WHERE "action_text_rich_texts"."record_id" = ? AND "action_text_rich_texts"."record_type" = ? AND "action_text_rich_texts"."name" = ? LIMIT 1
2026-10-05T12:03:41.518248889Z SQLTRACE start reader ThreadId(5) SELECT b.id, b.key, b.filename, b.content_type, b.metadata, b.service_name, b.byte_size, b.checksum, b.created_at FROM active_storage_blobs b JOIN active_storage_attachments a ON a.blob_id = b.id WHERE a.record_type = 'Message' AND a.record_id = 746403085 AND a.name = 'attachment' ORDER BY a.id LIMIT 1
2026-10-05T12:03:41.518250223Z SQLTRACE end reader ThreadId(5) rows=0 SELECT b.id, b.key, b.filename, b.content_type, b.metadata, b.service_name, b.byte_size, b.checksum, b.created_at FROM active_storage_blobs b JOIN active_storage_attachments a ON a.blob_id = b.id WHERE a.record_type = ?1 AND a.record_id = ?2 AND a.name = ?3 ORDER BY a.id LIMIT 1
2026-10-05T12:03:41.518254514Z SQLTRACE start reader ThreadId(5) SELECT "boosts"."id", "boosts"."message_id", "boosts"."booster_id", "boosts"."content", "boosts"."created_at", "boosts"."updated_at" FROM "boosts" WHERE "boosts"."message_id" = 746403085 ORDER BY "boosts"."created_at" ASC
2026-10-05T12:03:41.518255806Z SQLTRACE end reader ThreadId(5) rows=0 SELECT "boosts"."id", "boosts"."message_id", "boosts"."booster_id", "boosts"."content", "boosts"."created_at", "boosts"."updated_at" FROM "boosts" WHERE "boosts"."message_id" = ? ORDER BY "boosts"."created_at" ASC
2026-10-05T12:03:41.518257014Z SQLTRACE start reader ThreadId(5) SELECT "action_text_rich_texts"."id", "action_text_rich_texts"."name", "action_text_rich_texts"."body", "action_text_rich_texts"."record_type", "action_text_rich_texts"."record_id", "action_text_rich_texts"."created_at", "action_text_rich_texts"."updated_at" FROM "action_text_rich_texts" WHERE "action_text_rich_texts"."record_id" = 217777555 AND "action_text_rich_texts"."record_type" = 'Message' AND "action_text_rich_texts"."name" = 'body' LIMIT 1
2026-10-05T12:03:41.518260098Z SQLTRACE end reader ThreadId(5) rows=1 SELECT "action_text_rich_texts"."id", "action_text_rich_texts"."name", "action_text_rich_texts"."body", "action_text_rich_texts"."record_type", "action_text_rich_texts"."record_id", "action_text_rich_texts"."created_at", "action_text_rich_texts"."updated_at" FROM "action_text_rich_texts" WHERE "action_text_rich_texts"."record_id" = ? AND "action_text_rich_texts"."record_type" = ? AND "action_text_rich_texts"."name" = ? LIMIT 1
2026-10-05T12:03:41.518291223Z SQLTRACE start reader ThreadId(5) SELECT "action_text_rich_texts"."id", "action_text_rich_texts"."name", "action_text_rich_texts"."body", "action_text_rich_texts"."record_type", "action_text_rich_texts"."record_id", "action_text_rich_texts"."created_at", "action_text_rich_texts"."updated_at" FROM "action_text_rich_texts" WHERE "action_text_rich_texts"."record_id" = 217777555 AND "action_text_rich_texts"."record_type" = 'Message' AND "action_text_rich_texts"."name" = 'body' LIMIT 1
2026-10-05T12:03:41.518293557Z SQLTRACE end reader ThreadId(5) rows=1 SELECT "action_text_rich_texts"."id", "action_text_rich_texts"."name", "action_text_rich_texts"."body", "action_text_rich_texts"."record_type", "action_text_rich_texts"."record_id", "action_text_rich_texts"."created_at", "action_text_rich_texts"."updated_at" FROM "action_text_rich_texts" WHERE "action_text_rich_texts"."record_id" = ? AND "action_text_rich_texts"."record_type" = ? AND "action_text_rich_texts"."name" = ? LIMIT 1
2026-10-05T12:03:41.518295973Z SQLTRACE start reader ThreadId(5) SELECT b.id, b.key, b.filename, b.content_type, b.metadata, b.service_name, b.byte_size, b.checksum, b.created_at FROM active_storage_blobs b JOIN active_storage_attachments a ON a.blob_id = b.id WHERE a.record_type = 'Message' AND a.record_id = 217777555 AND a.name = 'attachment' ORDER BY a.id LIMIT 1
2026-10-05T12:03:41.518296932Z SQLTRACE end reader ThreadId(5) rows=0 SELECT b.id, b.key, b.filename, b.content_type, b.metadata, b.service_name, b.byte_size, b.checksum, b.created_at FROM active_storage_blobs b JOIN active_storage_attachments a ON a.blob_id = b.id WHERE a.record_type = ?1 AND a.record_id = ?2 AND a.name = ?3 ORDER BY a.id LIMIT 1
2026-10-05T12:03:41.518326016Z SQLTRACE start reader ThreadId(5) SELECT "boosts"."id", "boosts"."message_id", "boosts"."booster_id", "boosts"."content", "boosts"."created_at", "boosts"."updated_at" FROM "boosts" WHERE "boosts"."message_id" = 217777555 ORDER BY "boosts"."created_at" ASC
2026-10-05T12:03:41.518327974Z SQLTRACE end reader ThreadId(5) rows=0 SELECT "boosts"."id", "boosts"."message_id", "boosts"."booster_id", "boosts"."content", "boosts"."created_at", "boosts"."updated_at" FROM "boosts" WHERE "boosts"."message_id" = ? ORDER BY "boosts"."created_at" ASC
2026-10-05T12:03:41.518328974Z SQLTRACE start reader ThreadId(5) SELECT "action_text_rich_texts"."id", "action_text_rich_texts"."name", "action_text_rich_texts"."body", "action_text_rich_texts"."record_type", "action_text_rich_texts"."record_id", "action_text_rich_texts"."created_at", "action_text_rich_texts"."updated_at" FROM "action_text_rich_texts" WHERE "action_text_rich_texts"."record_id" = 421488677 AND "action_text_rich_texts"."record_type" = 'Message' AND "action_text_rich_texts"."name" = 'body' LIMIT 1
2026-10-05T12:03:41.518330224Z SQLTRACE end reader ThreadId(5) rows=1 SELECT "action_text_rich_texts"."id", "action_text_rich_texts"."name", "action_text_rich_texts"."body", "action_text_rich_texts"."record_type", "action_text_rich_texts"."record_id", "action_text_rich_texts"."created_at", "action_text_rich_texts"."updated_at" FROM "action_text_rich_texts" WHERE "action_text_rich_texts"."record_id" = ? AND "action_text_rich_texts"."record_type" = ? AND "action_text_rich_texts"."name" = ? LIMIT 1
2026-10-05T12:03:41.518349349Z SQLTRACE start reader ThreadId(5) SELECT "action_text_rich_texts"."id", "action_text_rich_texts"."name", "action_text_rich_texts"."body", "action_text_rich_texts"."record_type", "action_text_rich_texts"."record_id", "action_text_rich_texts"."created_at", "action_text_rich_texts"."updated_at" FROM "action_text_rich_texts" WHERE "action_text_rich_texts"."record_id" = 421488677 AND "action_text_rich_texts"."record_type" = 'Message' AND "action_text_rich_texts"."name" = 'body' LIMIT 1
2026-10-05T12:03:41.518352141Z SQLTRACE end reader ThreadId(5) rows=1 SELECT "action_text_rich_texts"."id", "action_text_rich_texts"."name", "action_text_rich_texts"."body", "action_text_rich_texts"."record_type", "action_text_rich_texts"."record_id", "action_text_rich_texts"."created_at", "action_text_rich_texts"."updated_at" FROM "action_text_rich_texts" WHERE "action_text_rich_texts"."record_id" = ? AND "action_text_rich_texts"."record_type" = ? AND "action_text_rich_texts"."name" = ? LIMIT 1
2026-10-05T12:03:41.518354808Z SQLTRACE start reader ThreadId(5) SELECT b.id, b.key, b.filename, b.content_type, b.metadata, b.service_name, b.byte_size, b.checksum, b.created_at FROM active_storage_blobs b JOIN active_storage_attachments a ON a.blob_id = b.id WHERE a.record_type = 'Message' AND a.record_id = 421488677 AND a.name = 'attachment' ORDER BY a.id LIMIT 1
2026-10-05T12:03:41.518355975Z SQLTRACE end reader ThreadId(5) rows=0 SELECT b.id, b.key, b.filename, b.content_type, b.metadata, b.service_name, b.byte_size, b.checksum, b.created_at FROM active_storage_blobs b JOIN active_storage_attachments a ON a.blob_id = b.id WHERE a.record_type = ?1 AND a.record_id = ?2 AND a.name = ?3 ORDER BY a.id LIMIT 1
2026-10-05T12:03:41.518385142Z SQLTRACE start reader ThreadId(5) SELECT "boosts"."id", "boosts"."message_id", "boosts"."booster_id", "boosts"."content", "boosts"."created_at", "boosts"."updated_at" FROM "boosts" WHERE "boosts"."message_id" = 421488677 ORDER BY "boosts"."created_at" ASC
2026-10-05T12:03:41.518387392Z SQLTRACE end reader ThreadId(5) rows=0 SELECT "boosts"."id", "boosts"."message_id", "boosts"."booster_id", "boosts"."content", "boosts"."created_at", "boosts"."updated_at" FROM "boosts" WHERE "boosts"."message_id" = ? ORDER BY "boosts"."created_at" ASC
2026-10-05T12:03:41.518388600Z SQLTRACE start reader ThreadId(5) SELECT "action_text_rich_texts"."id", "action_text_rich_texts"."name", "action_text_rich_texts"."body", "action_text_rich_texts"."record_type", "action_text_rich_texts"."record_id", "action_text_rich_texts"."created_at", "action_text_rich_texts"."updated_at" FROM "action_text_rich_texts" WHERE "action_text_rich_texts"."record_id" = 925779126 AND "action_text_rich_texts"."record_type" = 'Message' AND "action_text_rich_texts"."name" = 'body' LIMIT 1
2026-10-05T12:03:41.518390142Z SQLTRACE end reader ThreadId(5) rows=1 SELECT "action_text_rich_texts"."id", "action_text_rich_texts"."name", "action_text_rich_texts"."body", "action_text_rich_texts"."record_type", "action_text_rich_texts"."record_id", "action_text_rich_texts"."created_at", "action_text_rich_texts"."updated_at" FROM "action_text_rich_texts" WHERE "action_text_rich_texts"."record_id" = ? AND "action_text_rich_texts"."record_type" = ? AND "action_text_rich_texts"."name" = ? LIMIT 1
2026-10-05T12:03:41.518391600Z SQLTRACE start reader ThreadId(5) SELECT "action_text_rich_texts"."id", "action_text_rich_texts"."name", "action_text_rich_texts"."body", "action_text_rich_texts"."record_type", "action_text_rich_texts"."record_id", "action_text_rich_texts"."created_at", "action_text_rich_texts"."updated_at" FROM "action_text_rich_texts" WHERE "action_text_rich_texts"."record_id" = 925779126 AND "action_text_rich_texts"."record_type" = 'Message' AND "action_text_rich_texts"."name" = 'body' LIMIT 1
2026-10-05T12:03:41.518393184Z SQLTRACE end reader ThreadId(5) rows=1 SELECT "action_text_rich_texts"."id", "action_text_rich_texts"."name", "action_text_rich_texts"."body", "action_text_rich_texts"."record_type", "action_text_rich_texts"."record_id", "action_text_rich_texts"."created_at", "action_text_rich_texts"."updated_at" FROM "action_text_rich_texts" WHERE "action_text_rich_texts"."record_id" = ? AND "action_text_rich_texts"."record_type" = ? AND "action_text_rich_texts"."name" = ? LIMIT 1
2026-10-05T12:03:41.518416101Z SQLTRACE start reader ThreadId(5) SELECT b.id, b.key, b.filename, b.content_type, b.metadata, b.service_name, b.byte_size, b.checksum, b.created_at FROM active_storage_blobs b JOIN active_storage_attachments a ON a.blob_id = b.id WHERE a.record_type = 'Message' AND a.record_id = 925779126 AND a.name = 'attachment' ORDER BY a.id LIMIT 1
2026-10-05T12:03:41.518418642Z SQLTRACE end reader ThreadId(5) rows=0 SELECT b.id, b.key, b.filename, b.content_type, b.metadata, b.service_name, b.byte_size, b.checksum, b.created_at FROM active_storage_blobs b JOIN active_storage_attachments a ON a.blob_id = b.id WHERE a.record_type = ?1 AND a.record_id = ?2 AND a.name = ?3 ORDER BY a.id LIMIT 1
2026-10-05T12:03:41.518419559Z SQLTRACE start reader ThreadId(5) SELECT "boosts"."id", "boosts"."message_id", "boosts"."booster_id", "boosts"."content", "boosts"."created_at", "boosts"."updated_at" FROM "boosts" WHERE "boosts"."message_id" = 925779126 ORDER BY "boosts"."created_at" ASC
2026-10-05T12:03:41.518420517Z SQLTRACE end reader ThreadId(5) rows=0 SELECT "boosts"."id", "boosts"."message_id", "boosts"."booster_id", "boosts"."content", "boosts"."created_at", "boosts"."updated_at" FROM "boosts" WHERE "boosts"."message_id" = ? ORDER BY "boosts"."created_at" ASC
2026-10-05T12:03:41.518421476Z SQLTRACE start reader ThreadId(5) SELECT "action_text_rich_texts"."id", "action_text_rich_texts"."name", "action_text_rich_texts"."body", "action_text_rich_texts"."record_type", "action_text_rich_texts"."record_id", "action_text_rich_texts"."created_at", "action_text_rich_texts"."updated_at" FROM "action_text_rich_texts" WHERE "action_text_rich_texts"."record_id" = 933434630 AND "action_text_rich_texts"."record_type" = 'Message' AND "action_text_rich_texts"."name" = 'body' LIMIT 1
2026-10-05T12:03:41.518456351Z SQLTRACE end reader ThreadId(5) rows=1 SELECT "action_text_rich_texts"."id", "action_text_rich_texts"."name", "action_text_rich_texts"."body", "action_text_rich_texts"."record_type", "action_text_rich_texts"."record_id", "action_text_rich_texts"."created_at", "action_text_rich_texts"."updated_at" FROM "action_text_rich_texts" WHERE "action_text_rich_texts"."record_id" = ? AND "action_text_rich_texts"."record_type" = ? AND "action_text_rich_texts"."name" = ? LIMIT 1
2026-10-05T12:03:41.518459435Z SQLTRACE start reader ThreadId(5) SELECT "action_text_rich_texts"."id", "action_text_rich_texts"."name", "action_text_rich_texts"."body", "action_text_rich_texts"."record_type", "action_text_rich_texts"."record_id", "action_text_rich_texts"."created_at", "action_text_rich_texts"."updated_at" FROM "action_text_rich_texts" WHERE "action_text_rich_texts"."record_id" = 933434630 AND "action_text_rich_texts"."record_type" = 'Message' AND "action_text_rich_texts"."name" = 'body' LIMIT 1
2026-10-05T12:03:41.518460685Z SQLTRACE end reader ThreadId(5) rows=1 SELECT "action_text_rich_texts"."id", "action_text_rich_texts"."name", "action_text_rich_texts"."body", "action_text_rich_texts"."record_type", "action_text_rich_texts"."record_id", "action_text_rich_texts"."created_at", "action_text_rich_texts"."updated_at" FROM "action_text_rich_texts" WHERE "action_text_rich_texts"."record_id" = ? AND "action_text_rich_texts"."record_type" = ? AND "action_text_rich_texts"."name" = ? LIMIT 1
2026-10-05T12:03:41.518461893Z SQLTRACE start reader ThreadId(5) SELECT b.id, b.key, b.filename, b.content_type, b.metadata, b.service_name, b.byte_size, b.checksum, b.created_at FROM active_storage_blobs b JOIN active_storage_attachments a ON a.blob_id = b.id WHERE a.record_type = 'Message' AND a.record_id = 933434630 AND a.name = 'attachment' ORDER BY a.id LIMIT 1
2026-10-05T12:03:41.518512436Z SQLTRACE end reader ThreadId(5) rows=0 SELECT b.id, b.key, b.filename, b.content_type, b.metadata, b.service_name, b.byte_size, b.checksum, b.created_at FROM active_storage_blobs b JOIN active_storage_attachments a ON a.blob_id = b.id WHERE a.record_type = ?1 AND a.record_id = ?2 AND a.name = ?3 ORDER BY a.id LIMIT 1
2026-10-05T12:03:41.518514853Z SQLTRACE start reader ThreadId(5) SELECT "boosts"."id", "boosts"."message_id", "boosts"."booster_id", "boosts"."content", "boosts"."created_at", "boosts"."updated_at" FROM "boosts" WHERE "boosts"."message_id" = 933434630 ORDER BY "boosts"."created_at" ASC
2026-10-05T12:03:41.518516103Z SQLTRACE end reader ThreadId(5) rows=0 SELECT "boosts"."id", "boosts"."message_id", "boosts"."booster_id", "boosts"."content", "boosts"."created_at", "boosts"."updated_at" FROM "boosts" WHERE "boosts"."message_id" = ? ORDER BY "boosts"."created_at" ASC
2026-10-05T12:03:41.518517311Z SQLTRACE start reader ThreadId(5) SELECT "action_text_rich_texts"."id", "action_text_rich_texts"."name", "action_text_rich_texts"."body", "action_text_rich_texts"."record_type", "action_text_rich_texts"."record_id", "action_text_rich_texts"."created_at", "action_text_rich_texts"."updated_at" FROM "action_text_rich_texts" WHERE "action_text_rich_texts"."record_id" = 136976342 AND "action_text_rich_texts"."record_type" = 'Message' AND "action_text_rich_texts"."name" = 'body' LIMIT 1
2026-10-05T12:03:41.518518853Z SQLTRACE end reader ThreadId(5) rows=1 SELECT "action_text_rich_texts"."id", "action_text_rich_texts"."name", "action_text_rich_texts"."body", "action_text_rich_texts"."record_type", "action_text_rich_texts"."record_id", "action_text_rich_texts"."created_at", "action_text_rich_texts"."updated_at" FROM "action_text_rich_texts" WHERE "action_text_rich_texts"."record_id" = ? AND "action_text_rich_texts"."record_type" = ? AND "action_text_rich_texts"."name" = ? LIMIT 1
2026-10-05T12:03:41.518520394Z SQLTRACE start reader ThreadId(5) SELECT "action_text_rich_texts"."id", "action_text_rich_texts"."name", "action_text_rich_texts"."body", "action_text_rich_texts"."record_type", "action_text_rich_texts"."record_id", "action_text_rich_texts"."created_at", "action_text_rich_texts"."updated_at" FROM "action_text_rich_texts" WHERE "action_text_rich_texts"."record_id" = 136976342 AND "action_text_rich_texts"."record_type" = 'Message' AND "action_text_rich_texts"."name" = 'body' LIMIT 1
2026-10-05T12:03:41.518521894Z SQLTRACE end reader ThreadId(5) rows=1 SELECT "action_text_rich_texts"."id", "action_text_rich_texts"."name", "action_text_rich_texts"."body", "action_text_rich_texts"."record_type", "action_text_rich_texts"."record_id", "action_text_rich_texts"."created_at", "action_text_rich_texts"."updated_at" FROM "action_text_rich_texts" WHERE "action_text_rich_texts"."record_id" = ? AND "action_text_rich_texts"."record_type" = ? AND "action_text_rich_texts"."name" = ? LIMIT 1
2026-10-05T12:03:41.518523353Z SQLTRACE start reader ThreadId(5) SELECT b.id, b.key, b.filename, b.content_type, b.metadata, b.service_name, b.byte_size, b.checksum, b.created_at FROM active_storage_blobs b JOIN active_storage_attachments a ON a.blob_id = b.id WHERE a.record_type = 'Message' AND a.record_id = 136976342 AND a.name = 'attachment' ORDER BY a.id LIMIT 1
2026-10-05T12:03:41.518524478Z SQLTRACE end reader ThreadId(5) rows=0 SELECT b.id, b.key, b.filename, b.content_type, b.metadata, b.service_name, b.byte_size, b.checksum, b.created_at FROM active_storage_blobs b JOIN active_storage_attachments a ON a.blob_id = b.id WHERE a.record_type = ?1 AND a.record_id = ?2 AND a.name = ?3 ORDER BY a.id LIMIT 1
2026-10-05T12:03:41.518528145Z SQLTRACE start reader ThreadId(5) SELECT "boosts"."id", "boosts"."message_id", "boosts"."booster_id", "boosts"."content", "boosts"."created_at", "boosts"."updated_at" FROM "boosts" WHERE "boosts"."message_id" = 136976342 ORDER BY "boosts"."created_at" ASC
2026-10-05T12:03:41.518529353Z SQLTRACE end reader ThreadId(5) rows=1 SELECT "boosts"."id", "boosts"."message_id", "boosts"."booster_id", "boosts"."content", "boosts"."created_at", "boosts"."updated_at" FROM "boosts" WHERE "boosts"."message_id" = ? ORDER BY "boosts"."created_at" ASC
2026-10-05T12:03:41.518530811Z SQLTRACE start reader ThreadId(5) SELECT "accounts"."id", "accounts"."name", "accounts"."join_code", "accounts"."custom_styles", "accounts"."settings", "accounts"."singleton_guard", "accounts"."created_at", "accounts"."updated_at" FROM "accounts" ORDER BY "accounts"."id" ASC LIMIT 1
2026-10-05T12:03:41.518557978Z SQLTRACE end reader ThreadId(5) rows=1 SELECT "accounts"."id", "accounts"."name", "accounts"."join_code", "accounts"."custom_styles", "accounts"."settings", "accounts"."singleton_guard", "accounts"."created_at", "accounts"."updated_at" FROM "accounts" ORDER BY "accounts"."id" ASC LIMIT 1
2026-10-05T12:03:41.518731982Z SQLTRACE start reader ThreadId(5) SELECT "accounts"."id", "accounts"."name", "accounts"."join_code", "accounts"."custom_styles", "accounts"."settings", "accounts"."singleton_guard", "accounts"."created_at", "accounts"."updated_at" FROM "accounts" ORDER BY "accounts"."id" ASC LIMIT 1
2026-10-05T12:03:41.518734107Z SQLTRACE end reader ThreadId(5) rows=1 SELECT "accounts"."id", "accounts"."name", "accounts"."join_code", "accounts"."custom_styles", "accounts"."settings", "accounts"."singleton_guard", "accounts"."created_at", "accounts"."updated_at" FROM "accounts" ORDER BY "accounts"."id" ASC LIMIT 1
2026-10-05T12:03:41.518735190Z SQLTRACE start reader ThreadId(5) SELECT b.id, b.key, b.filename, b.content_type, b.metadata, b.service_name, b.byte_size, b.checksum, b.created_at FROM active_storage_blobs b JOIN active_storage_attachments a ON a.blob_id = b.id WHERE a.record_type = 'Account' AND a.record_id = 873240054 AND a.name = 'logo' ORDER BY a.id LIMIT 1
2026-10-05T12:03:41.518736107Z SQLTRACE end reader ThreadId(5) rows=0 SELECT b.id, b.key, b.filename, b.content_type, b.metadata, b.service_name, b.byte_size, b.checksum, b.created_at FROM active_storage_blobs b JOIN active_storage_attachments a ON a.blob_id = b.id WHERE a.record_type = ?1 AND a.record_id = ?2 AND a.name = ?3 ORDER BY a.id LIMIT 1
2026-10-05T12:03:41.518737024Z SQLTRACE start reader ThreadId(5) SELECT "rooms"."id", "rooms"."name", "rooms"."type", "rooms"."creator_id", "rooms"."created_at", "rooms"."updated_at" FROM "rooms" INNER JOIN "memberships" ON "rooms"."id" = "memberships"."room_id" WHERE "memberships"."user_id" = 127326141 AND "rooms"."id" = 486777696 LIMIT 1
2026-10-05T12:03:41.518738315Z SQLTRACE end reader ThreadId(5) rows=1 SELECT "rooms"."id", "rooms"."name", "rooms"."type", "rooms"."creator_id", "rooms"."created_at", "rooms"."updated_at" FROM "rooms" INNER JOIN "memberships" ON "rooms"."id" = "memberships"."room_id" WHERE "memberships"."user_id" = ? AND "rooms"."id" = ? LIMIT 1
2026-10-05T12:03:41.519381369Z [2m2026-10-05T12:03:41.519321Z[0m [32m INFO[0m [2mthruster[0m[2m:[0m Request [3mpath[0m[2m=[0m/rooms/486777696 [3mstatus[0m[2m=[0m200 [3mdur[0m[2m=[0m4 [3mmethod[0m[2m=[0mGET [3mreq_content_length[0m[2m=[0m0 [3mreq_content_type[0m[2m=[0m [3mresp_content_length[0m[2m=[0m416122 [3mresp_content_type[0m[2m=[0mtext/html; charset=utf-8 [3mremote_addr[0m[2m=[0m127.0.0.1:47408 [3muser_agent[0m[2m=[0m [3mcache[0m[2m=[0mmiss [3mquery[0m[2m=[0m [3mproto[0m[2m=[0m"HTTP/1.1"
2026-10-05T12:03:41.520392347Z SQLTRACE start reader ThreadId(2) SELECT "sessions"."id", "sessions"."user_id", "sessions"."token", "sessions"."ip_address", "sessions"."user_agent", "sessions"."last_active_at", "sessions"."created_at", "sessions"."updated_at" FROM "sessions" WHERE "sessions"."token" = 'vZuXbHrmde1pgqLcyxsVoq6x' LIMIT 1
2026-10-05T12:03:41.520395889Z SQLTRACE end reader ThreadId(2) rows=1 SELECT "sessions"."id", "sessions"."user_id", "sessions"."token", "sessions"."ip_address", "sessions"."user_agent", "sessions"."last_active_at", "sessions"."created_at", "sessions"."updated_at" FROM "sessions" WHERE "sessions"."token" = ? LIMIT 1
2026-10-05T12:03:41.520420889Z SQLTRACE start reader ThreadId(2) SELECT "users"."id", "users"."name", "users"."email_address", "users"."password_digest", "users"."role", "users"."status", "users"."bio", "users"."bot_token", "users"."created_at", "users"."updated_at" FROM "users" WHERE "users"."id" = 127326141 LIMIT 1
2026-10-05T12:03:41.520423598Z SQLTRACE end reader ThreadId(2) rows=1 SELECT "users"."id", "users"."name", "users"."email_address", "users"."password_digest", "users"."role", "users"."status", "users"."bio", "users"."bot_token", "users"."created_at", "users"."updated_at" FROM "users" WHERE "users"."id" = ? LIMIT 1
2026-10-05T12:03:41.520492849Z SQLTRACE start reader ThreadId(2) SELECT "memberships"."id", "memberships"."room_id", "memberships"."user_id", "memberships"."involvement", "memberships"."unread_at", "memberships"."connected_at", "memberships"."connections", "memberships"."created_at", "memberships"."updated_at", "rooms"."id", "rooms"."name", "rooms"."type", "rooms"."creator_id", "rooms"."created_at", "rooms"."updated_at" FROM "memberships" INNER JOIN "rooms" ON "rooms"."id" = "memberships"."room_id" WHERE "memberships"."user_id" = 127326141 AND "memberships"."involvement" != 'invisible' ORDER BY LOWER(rooms.name)
2026-10-05T12:03:41.520498391Z SQLTRACE end reader ThreadId(2) rows=9 SELECT "memberships"."id", "memberships"."room_id", "memberships"."user_id", "memberships"."involvement", "memberships"."unread_at", "memberships"."connected_at", "memberships"."connections", "memberships"."created_at", "memberships"."updated_at", "rooms"."id", "rooms"."name", "rooms"."type", "rooms"."creator_id", "rooms"."created_at", "rooms"."updated_at" FROM "memberships" INNER JOIN "rooms" ON "rooms"."id" = "memberships"."room_id" WHERE "memberships"."user_id" = ? AND "memberships"."involvement" != 'invisible' ORDER BY LOWER(rooms.name)
2026-10-05T12:03:41.520531891Z SQLTRACE start reader ThreadId(2) SELECT "users"."id", "users"."name", "users"."email_address", "users"."password_digest", "users"."role", "users"."status", "users"."bio", "users"."bot_token", "users"."created_at", "users"."updated_at" FROM "users" INNER JOIN "memberships" ON "users"."id" = "memberships"."user_id" WHERE "memberships"."room_id" = 699448325
2026-10-05T12:03:41.520538141Z SQLTRACE end reader ThreadId(2) rows=2 SELECT "users"."id", "users"."name", "users"."email_address", "users"."password_digest", "users"."role", "users"."status", "users"."bio", "users"."bot_token", "users"."created_at", "users"."updated_at" FROM "users" INNER JOIN "memberships" ON "users"."id" = "memberships"."user_id" WHERE "memberships"."room_id" = ?
2026-10-05T12:03:41.520542100Z SQLTRACE start reader ThreadId(2) SELECT "users"."id", "users"."name", "users"."email_address", "users"."password_digest", "users"."role", "users"."status", "users"."bio", "users"."bot_token", "users"."created_at", "users"."updated_at" FROM "users" INNER JOIN "memberships" ON "users"."id" = "memberships"."user_id" WHERE "memberships"."room_id" = 699448329
2026-10-05T12:03:41.520543558Z SQLTRACE end reader ThreadId(2) rows=4 SELECT "users"."id", "users"."name", "users"."email_address", "users"."password_digest", "users"."role", "users"."status", "users"."bio", "users"."bot_token", "users"."created_at", "users"."updated_at" FROM "users" INNER JOIN "memberships" ON "users"."id" = "memberships"."user_id" WHERE "memberships"."room_id" = ?
2026-10-05T12:03:41.520607893Z SQLTRACE start reader ThreadId(2) SELECT "users"."id", "users"."name", "users"."email_address", "users"."password_digest", "users"."role", "users"."status", "users"."bio", "users"."bot_token", "users"."created_at", "users"."updated_at" FROM "users" INNER JOIN "memberships" ON "users"."id" = "memberships"."user_id" WHERE "memberships"."room_id" = 186869642
2026-10-05T12:03:41.520610268Z SQLTRACE end reader ThreadId(2) rows=2 SELECT "users"."id", "users"."name", "users"."email_address", "users"."password_digest", "users"."role", "users"."status", "users"."bio", "users"."bot_token", "users"."created_at", "users"."updated_at" FROM "users" INNER JOIN "memberships" ON "users"."id" = "memberships"."user_id" WHERE "memberships"."room_id" = ?
2026-10-05T12:03:41.520611476Z SQLTRACE start reader ThreadId(2) SELECT "rooms"."id", "rooms"."name", "rooms"."type", "rooms"."creator_id", "rooms"."created_at", "rooms"."updated_at" FROM "rooms" INNER JOIN "memberships" ON "rooms"."id" = "memberships"."room_id" WHERE "memberships"."user_id" = 127326141 AND "rooms"."type" = 'Rooms::Direct'
2026-10-05T12:03:41.520612685Z SQLTRACE end reader ThreadId(2) rows=3 SELECT "rooms"."id", "rooms"."name", "rooms"."type", "rooms"."creator_id", "rooms"."created_at", "rooms"."updated_at" FROM "rooms" INNER JOIN "memberships" ON "rooms"."id" = "memberships"."room_id" WHERE "memberships"."user_id" = ? AND "rooms"."type" = ?
2026-10-05T12:03:41.520629143Z SQLTRACE start reader ThreadId(2) SELECT "memberships"."user_id" FROM "memberships" WHERE "memberships"."room_id" IN (186869642, 699448325, 699448329)
2026-10-05T12:03:41.520632602Z SQLTRACE end reader ThreadId(2) rows=8 SELECT "memberships"."user_id" FROM "memberships" WHERE "memberships"."room_id" IN (?, ?, ?)
2026-10-05T12:03:41.520673186Z SQLTRACE start reader ThreadId(2) SELECT "users"."id", "users"."name", "users"."email_address", "users"."password_digest", "users"."role", "users"."status", "users"."bio", "users"."bot_token", "users"."created_at", "users"."updated_at" FROM "users" WHERE "users"."status" = 0 AND "users"."id" NOT IN (127326141, 149087659, 712064548, 773523953, 127326141) ORDER BY "users"."created_at" ASC LIMIT 15
2026-10-05T12:03:41.520720937Z SQLTRACE end reader ThreadId(2) rows=3 SELECT "users"."id", "users"."name", "users"."email_address", "users"."password_digest", "users"."role", "users"."status", "users"."bio", "users"."bot_token", "users"."created_at", "users"."updated_at" FROM "users" WHERE "users"."status" = 0 AND "users"."id" NOT IN (?, ?, ?, ?, ?) ORDER BY "users"."created_at" ASC LIMIT 15
2026-10-05T12:03:41.520723645Z SQLTRACE start reader ThreadId(2) SELECT "accounts"."id", "accounts"."name", "accounts"."join_code", "accounts"."custom_styles", "accounts"."settings", "accounts"."singleton_guard", "accounts"."created_at", "accounts"."updated_at" FROM "accounts" ORDER BY "accounts"."id" ASC LIMIT 1
2026-10-05T12:03:41.520724770Z SQLTRACE end reader ThreadId(2) rows=1 SELECT "accounts"."id", "accounts"."name", "accounts"."join_code", "accounts"."custom_styles", "accounts"."settings", "accounts"."singleton_guard", "accounts"."created_at", "accounts"."updated_at" FROM "accounts" ORDER BY "accounts"."id" ASC LIMIT 1
2026-10-05T12:03:41.520725770Z SQLTRACE start reader ThreadId(2) SELECT "accounts"."id", "accounts"."name", "accounts"."join_code", "accounts"."custom_styles", "accounts"."settings", "accounts"."singleton_guard", "accounts"."created_at", "accounts"."updated_at" FROM "accounts" ORDER BY "accounts"."id" ASC LIMIT 1
2026-10-05T12:03:41.520726770Z SQLTRACE end reader ThreadId(2) rows=1 SELECT "accounts"."id", "accounts"."name", "accounts"."join_code", "accounts"."custom_styles", "accounts"."settings", "accounts"."singleton_guard", "accounts"."created_at", "accounts"."updated_at" FROM "accounts" ORDER BY "accounts"."id" ASC LIMIT 1
2026-10-05T12:03:41.520727770Z SQLTRACE start reader ThreadId(2) SELECT b.id, b.key, b.filename, b.content_type, b.metadata, b.service_name, b.byte_size, b.checksum, b.created_at FROM active_storage_blobs b JOIN active_storage_attachments a ON a.blob_id = b.id WHERE a.record_type = 'Account' AND a.record_id = 873240054 AND a.name = 'logo' ORDER BY a.id LIMIT 1
2026-10-05T12:03:41.520730103Z SQLTRACE end reader ThreadId(2) rows=0 SELECT b.id, b.key, b.filename, b.content_type, b.metadata, b.service_name, b.byte_size, b.checksum, b.created_at FROM active_storage_blobs b JOIN active_storage_attachments a ON a.blob_id = b.id WHERE a.record_type = ?1 AND a.record_id = ?2 AND a.name = ?3 ORDER BY a.id LIMIT 1
2026-10-05T12:03:41.520763104Z SQLTRACE start reader ThreadId(2) SELECT "rooms"."id", "rooms"."name", "rooms"."type", "rooms"."creator_id", "rooms"."created_at", "rooms"."updated_at" FROM "rooms" INNER JOIN "memberships" ON "rooms"."id" = "memberships"."room_id" WHERE "memberships"."user_id" = 127326141 ORDER BY "rooms"."created_at" ASC LIMIT 1
2026-10-05T12:03:41.520765479Z SQLTRACE end reader ThreadId(2) rows=1 SELECT "rooms"."id", "rooms"."name", "rooms"."type", "rooms"."creator_id", "rooms"."created_at", "rooms"."updated_at" FROM "rooms" INNER JOIN "memberships" ON "rooms"."id" = "memberships"."room_id" WHERE "memberships"."user_id" = ? ORDER BY "rooms"."created_at" ASC LIMIT 1
2026-10-05T12:03:41.520905315Z [2m2026-10-05T12:03:41.520854Z[0m [32m INFO[0m [2mthruster[0m[2m:[0m Request [3mpath[0m[2m=[0m/users/me/sidebar [3mstatus[0m[2m=[0m200 [3mdur[0m[2m=[0m0 [3mmethod[0m[2m=[0mGET [3mreq_content_length[0m[2m=[0m0 [3mreq_content_type[0m[2m=[0m [3mresp_content_length[0m[2m=[0m30763 [3mresp_content_type[0m[2m=[0mtext/html; charset=utf-8 [3mremote_addr[0m[2m=[0m127.0.0.1:47416 [3muser_agent[0m[2m=[0m [3mcache[0m[2m=[0mmiss [3mquery[0m[2m=[0m [3mproto[0m[2m=[0m"HTTP/1.1"
2026-10-05T12:03:43.834151828Z SQLTRACE start reader ThreadId(5) SELECT "sessions"."id", "sessions"."user_id", "sessions"."token", "sessions"."ip_address", "sessions"."user_agent", "sessions"."last_active_at", "sessions"."created_at", "sessions"."updated_at" FROM "sessions" WHERE "sessions"."token" = 'vZuXbHrmde1pgqLcyxsVoq6x' LIMIT 1
2026-10-05T12:03:43.834213788Z SQLTRACE end reader ThreadId(5) rows=1 SELECT "sessions"."id", "sessions"."user_id", "sessions"."token", "sessions"."ip_address", "sessions"."user_agent", "sessions"."last_active_at", "sessions"."created_at", "sessions"."updated_at" FROM "sessions" WHERE "sessions"."token" = ? LIMIT 1
2026-10-05T12:03:43.834216788Z SQLTRACE start reader ThreadId(5) SELECT "users"."id", "users"."name", "users"."email_address", "users"."password_digest", "users"."role", "users"."status", "users"."bio", "users"."bot_token", "users"."created_at", "users"."updated_at" FROM "users" WHERE "users"."id" = 127326141 LIMIT 1
2026-10-05T12:03:43.834219371Z SQLTRACE end reader ThreadId(5) rows=1 SELECT "users"."id", "users"."name", "users"."email_address", "users"."password_digest", "users"."role", "users"."status", "users"."bio", "users"."bot_token", "users"."created_at", "users"."updated_at" FROM "users" WHERE "users"."id" = ? LIMIT 1
2026-10-05T12:03:43.834221621Z SQLTRACE start reader ThreadId(5) SELECT "rooms"."id", "rooms"."name", "rooms"."type", "rooms"."creator_id", "rooms"."created_at", "rooms"."updated_at" FROM "rooms" INNER JOIN "memberships" ON "rooms"."id" = "memberships"."room_id" WHERE "memberships"."user_id" = 127326141 AND "rooms"."id" = 486777696 LIMIT 1
2026-10-05T12:03:43.834224121Z SQLTRACE end reader ThreadId(5) rows=1 SELECT "rooms"."id", "rooms"."name", "rooms"."type", "rooms"."creator_id", "rooms"."created_at", "rooms"."updated_at" FROM "rooms" INNER JOIN "memberships" ON "rooms"."id" = "memberships"."room_id" WHERE "memberships"."user_id" = ? AND "rooms"."id" = ? LIMIT 1
2026-10-05T12:03:43.834231955Z SQLTRACE start reader ThreadId(5) SELECT "messages"."id", "messages"."room_id", "messages"."creator_id", "messages"."client_message_id", "messages"."created_at", "messages"."updated_at" FROM "messages" WHERE "messages"."room_id" = 486777696 ORDER BY "messages"."created_at" DESC LIMIT 40
2026-10-05T12:03:43.834269289Z SQLTRACE end reader ThreadId(5) rows=40 SELECT "messages"."id", "messages"."room_id", "messages"."creator_id", "messages"."client_message_id", "messages"."created_at", "messages"."updated_at" FROM "messages" WHERE "messages"."room_id" = ? ORDER BY "messages"."created_at" DESC LIMIT 40
2026-10-05T12:03:43.834301748Z SQLTRACE start reader ThreadId(5) SELECT "rooms"."id", "rooms"."name", "rooms"."type", "rooms"."creator_id", "rooms"."created_at", "rooms"."updated_at" FROM "rooms" ORDER BY "rooms"."created_at" ASC LIMIT 1
2026-10-05T12:03:43.834305539Z SQLTRACE end reader ThreadId(5) rows=1 SELECT "rooms"."id", "rooms"."name", "rooms"."type", "rooms"."creator_id", "rooms"."created_at", "rooms"."updated_at" FROM "rooms" ORDER BY "rooms"."created_at" ASC LIMIT 1
2026-10-05T12:03:43.834393291Z SQLTRACE start reader ThreadId(5) SELECT "accounts"."id", "accounts"."name", "accounts"."join_code", "accounts"."custom_styles", "accounts"."settings", "accounts"."singleton_guard", "accounts"."created_at", "accounts"."updated_at" FROM "accounts" ORDER BY "accounts"."id" ASC LIMIT 1
2026-10-05T12:03:43.834399791Z SQLTRACE end reader ThreadId(5) rows=1 SELECT "accounts"."id", "accounts"."name", "accounts"."join_code", "accounts"."custom_styles", "accounts"."settings", "accounts"."singleton_guard", "accounts"."created_at", "accounts"."updated_at" FROM "accounts" ORDER BY "accounts"."id" ASC LIMIT 1
2026-10-05T12:03:43.834406541Z SQLTRACE start reader ThreadId(5) SELECT "accounts"."id", "accounts"."name", "accounts"."join_code", "accounts"."custom_styles", "accounts"."settings", "accounts"."singleton_guard", "accounts"."created_at", "accounts"."updated_at" FROM "accounts" ORDER BY "accounts"."id" ASC LIMIT 1
2026-10-05T12:03:43.834409208Z SQLTRACE end reader ThreadId(5) rows=1 SELECT "accounts"."id", "accounts"."name", "accounts"."join_code", "accounts"."custom_styles", "accounts"."settings", "accounts"."singleton_guard", "accounts"."created_at", "accounts"."updated_at" FROM "accounts" ORDER BY "accounts"."id" ASC LIMIT 1
2026-10-05T12:03:43.834494960Z SQLTRACE start reader ThreadId(5) SELECT b.id, b.key, b.filename, b.content_type, b.metadata, b.service_name, b.byte_size, b.checksum, b.created_at FROM active_storage_blobs b JOIN active_storage_attachments a ON a.blob_id = b.id WHERE a.record_type = 'Account' AND a.record_id = 873240054 AND a.name = 'logo' ORDER BY a.id LIMIT 1
2026-10-05T12:03:43.834517293Z SQLTRACE end reader ThreadId(5) rows=0 SELECT b.id, b.key, b.filename, b.content_type, b.metadata, b.service_name, b.byte_size, b.checksum, b.created_at FROM active_storage_blobs b JOIN active_storage_attachments a ON a.blob_id = b.id WHERE a.record_type = ?1 AND a.record_id = ?2 AND a.name = ?3 ORDER BY a.id LIMIT 1
2026-10-05T12:03:43.834628587Z SQLTRACE start reader ThreadId(5) SELECT "rooms"."id", "rooms"."name", "rooms"."type", "rooms"."creator_id", "rooms"."created_at", "rooms"."updated_at" FROM "rooms" INNER JOIN "memberships" ON "rooms"."id" = "memberships"."room_id" WHERE "memberships"."user_id" = 127326141 AND "rooms"."id" = 486777696 LIMIT 1
2026-10-05T12:03:43.834643296Z SQLTRACE end reader ThreadId(5) rows=1 SELECT "rooms"."id", "rooms"."name", "rooms"."type", "rooms"."creator_id", "rooms"."created_at", "rooms"."updated_at" FROM "rooms" INNER JOIN "memberships" ON "rooms"."id" = "memberships"."room_id" WHERE "memberships"."user_id" = ? AND "rooms"."id" = ? LIMIT 1
2026-10-05T12:03:43.841108585Z [2m2026-10-05T12:03:43.840748Z[0m [32m INFO[0m [2mthruster[0m[2m:[0m Request [3mpath[0m[2m=[0m/rooms/486777696 [3mstatus[0m[2m=[0m200 [3mdur[0m[2m=[0m6 [3mmethod[0m[2m=[0mGET [3mreq_content_length[0m[2m=[0m0 [3mreq_content_type[0m[2m=[0m [3mresp_content_length[0m[2m=[0m24231 [3mresp_content_type[0m[2m=[0mtext/html; charset=utf-8 [3mremote_addr[0m[2m=[0m127.0.0.1:47442 [3muser_agent[0m[2m=[0m [3mcache[0m[2m=[0mmiss [3mquery[0m[2m=[0m [3mproto[0m[2m=[0m"HTTP/1.1"
2026-10-05T12:03:45.464210518Z SQLTRACE start reader ThreadId(2) SELECT "sessions"."id", "sessions"."user_id", "sessions"."token", "sessions"."ip_address", "sessions"."user_agent", "sessions"."last_active_at", "sessions"."created_at", "sessions"."updated_at" FROM "sessions" WHERE "sessions"."token" = 'vZuXbHrmde1pgqLcyxsVoq6x' LIMIT 1
2026-10-05T12:03:45.464290520Z SQLTRACE end reader ThreadId(2) rows=1 SELECT "sessions"."id", "sessions"."user_id", "sessions"."token", "sessions"."ip_address", "sessions"."user_agent", "sessions"."last_active_at", "sessions"."created_at", "sessions"."updated_at" FROM "sessions" WHERE "sessions"."token" = ? LIMIT 1
2026-10-05T12:03:45.464300728Z SQLTRACE start reader ThreadId(2) SELECT "users"."id", "users"."name", "users"."email_address", "users"."password_digest", "users"."role", "users"."status", "users"."bio", "users"."bot_token", "users"."created_at", "users"."updated_at" FROM "users" WHERE "users"."id" = 127326141 LIMIT 1
2026-10-05T12:03:45.464307728Z SQLTRACE end reader ThreadId(2) rows=1 SELECT "users"."id", "users"."name", "users"."email_address", "users"."password_digest", "users"."role", "users"."status", "users"."bio", "users"."bot_token", "users"."created_at", "users"."updated_at" FROM "users" WHERE "users"."id" = ? LIMIT 1
2026-10-05T12:03:45.464320062Z SQLTRACE start reader ThreadId(2) SELECT "rooms"."id", "rooms"."name", "rooms"."type", "rooms"."creator_id", "rooms"."created_at", "rooms"."updated_at" FROM "rooms" INNER JOIN "memberships" ON "rooms"."id" = "memberships"."room_id" WHERE "memberships"."user_id" = 127326141 AND "rooms"."id" = 486777696 LIMIT 1
2026-10-05T12:03:45.464326437Z SQLTRACE end reader ThreadId(2) rows=1 SELECT "rooms"."id", "rooms"."name", "rooms"."type", "rooms"."creator_id", "rooms"."created_at", "rooms"."updated_at" FROM "rooms" INNER JOIN "memberships" ON "rooms"."id" = "memberships"."room_id" WHERE "memberships"."user_id" = ? AND "rooms"."id" = ? LIMIT 1
2026-10-05T12:03:45.464409063Z SQLTRACE start reader ThreadId(2) SELECT "messages"."id", "messages"."room_id", "messages"."creator_id", "messages"."client_message_id", "messages"."created_at", "messages"."updated_at" FROM "messages" WHERE "messages"."room_id" = 486777696 ORDER BY "messages"."created_at" DESC LIMIT 40
2026-10-05T12:03:45.464545941Z SQLTRACE end reader ThreadId(2) rows=40 SELECT "messages"."id", "messages"."room_id", "messages"."creator_id", "messages"."client_message_id", "messages"."created_at", "messages"."updated_at" FROM "messages" WHERE "messages"."room_id" = ? ORDER BY "messages"."created_at" DESC LIMIT 40
2026-10-05T12:03:45.464568900Z SQLTRACE start reader ThreadId(2) SELECT "rooms"."id", "rooms"."name", "rooms"."type", "rooms"."creator_id", "rooms"."created_at", "rooms"."updated_at" FROM "rooms" ORDER BY "rooms"."created_at" ASC LIMIT 1
2026-10-05T12:03:45.464609651Z SQLTRACE end reader ThreadId(2) rows=1 SELECT "rooms"."id", "rooms"."name", "rooms"."type", "rooms"."creator_id", "rooms"."created_at", "rooms"."updated_at" FROM "rooms" ORDER BY "rooms"."created_at" ASC LIMIT 1
2026-10-05T12:03:45.464754653Z SQLTRACE start reader ThreadId(2) SELECT "accounts"."id", "accounts"."name", "accounts"."join_code", "accounts"."custom_styles", "accounts"."settings", "accounts"."singleton_guard", "accounts"."created_at", "accounts"."updated_at" FROM "accounts" ORDER BY "accounts"."id" ASC LIMIT 1
2026-10-05T12:03:45.464773029Z SQLTRACE end reader ThreadId(2) rows=1 SELECT "accounts"."id", "accounts"."name", "accounts"."join_code", "accounts"."custom_styles", "accounts"."settings", "accounts"."singleton_guard", "accounts"."created_at", "accounts"."updated_at" FROM "accounts" ORDER BY "accounts"."id" ASC LIMIT 1
2026-10-05T12:03:45.464965991Z SQLTRACE start reader ThreadId(2) SELECT "accounts"."id", "accounts"."name", "accounts"."join_code", "accounts"."custom_styles", "accounts"."settings", "accounts"."singleton_guard", "accounts"."created_at", "accounts"."updated_at" FROM "accounts" ORDER BY "accounts"."id" ASC LIMIT 1
2026-10-05T12:03:45.464984366Z SQLTRACE end reader ThreadId(2) rows=1 SELECT "accounts"."id", "accounts"."name", "accounts"."join_code", "accounts"."custom_styles", "accounts"."settings", "accounts"."singleton_guard", "accounts"."created_at", "accounts"."updated_at" FROM "accounts" ORDER BY "accounts"."id" ASC LIMIT 1
2026-10-05T12:03:45.464991824Z SQLTRACE start reader ThreadId(2) SELECT b.id, b.key, b.filename, b.content_type, b.metadata, b.service_name, b.byte_size, b.checksum, b.created_at FROM active_storage_blobs b JOIN active_storage_attachments a ON a.blob_id = b.id WHERE a.record_type = 'Account' AND a.record_id = 873240054 AND a.name = 'logo' ORDER BY a.id LIMIT 1
2026-10-05T12:03:45.465028242Z SQLTRACE end reader ThreadId(2) rows=0 SELECT b.id, b.key, b.filename, b.content_type, b.metadata, b.service_name, b.byte_size, b.checksum, b.created_at FROM active_storage_blobs b JOIN active_storage_attachments a ON a.blob_id = b.id WHERE a.record_type = ?1 AND a.record_id = ?2 AND a.name = ?3 ORDER BY a.id LIMIT 1
2026-10-05T12:03:45.465035575Z SQLTRACE start reader ThreadId(2) SELECT "rooms"."id", "rooms"."name", "rooms"."type", "rooms"."creator_id", "rooms"."created_at", "rooms"."updated_at" FROM "rooms" INNER JOIN "memberships" ON "rooms"."id" = "memberships"."room_id" WHERE "memberships"."user_id" = 127326141 AND "rooms"."id" = 486777696 LIMIT 1
2026-10-05T12:03:45.465042492Z SQLTRACE end reader ThreadId(2) rows=1 SELECT "rooms"."id", "rooms"."name", "rooms"."type", "rooms"."creator_id", "rooms"."created_at", "rooms"."updated_at" FROM "rooms" INNER JOIN "memberships" ON "rooms"."id" = "memberships"."room_id" WHERE "memberships"."user_id" = ? AND "rooms"."id" = ? LIMIT 1
2026-10-05T12:03:45.465597127Z [2m2026-10-05T12:03:45.465383Z[0m [32m INFO[0m [2mthruster[0m[2m:[0m Request [3mpath[0m[2m=[0m/rooms/486777696 [3mstatus[0m[2m=[0m200 [3mdur[0m[2m=[0m2 [3mmethod[0m[2m=[0mGET [3mreq_content_length[0m[2m=[0m0 [3mreq_content_type[0m[2m=[0m [3mresp_content_length[0m[2m=[0m24231 [3mresp_content_type[0m[2m=[0mtext/html; charset=utf-8 [3mremote_addr[0m[2m=[0m127.0.0.1:47476 [3muser_agent[0m[2m=[0m [3mcache[0m[2m=[0mmiss [3mquery[0m[2m=[0m [3mproto[0m[2m=[0m"HTTP/1.1"
2026-10-05T12:03:47.091652829Z SQLTRACE start reader ThreadId(5) SELECT "sessions"."id", "sessions"."user_id", "sessions"."token", "sessions"."ip_address", "sessions"."user_agent", "sessions"."last_active_at", "sessions"."created_at", "sessions"."updated_at" FROM "sessions" WHERE "sessions"."token" = 'vZuXbHrmde1pgqLcyxsVoq6x' LIMIT 1
2026-10-05T12:03:47.091696414Z SQLTRACE end reader ThreadId(5) rows=1 SELECT "sessions"."id", "sessions"."user_id", "sessions"."token", "sessions"."ip_address", "sessions"."user_agent", "sessions"."last_active_at", "sessions"."created_at", "sessions"."updated_at" FROM "sessions" WHERE "sessions"."token" = ? LIMIT 1
2026-10-05T12:03:47.091700664Z SQLTRACE start reader ThreadId(5) SELECT "users"."id", "users"."name", "users"."email_address", "users"."password_digest", "users"."role", "users"."status", "users"."bio", "users"."bot_token", "users"."created_at", "users"."updated_at" FROM "users" WHERE "users"."id" = 127326141 LIMIT 1
2026-10-05T12:03:47.091703914Z SQLTRACE end reader ThreadId(5) rows=1 SELECT "users"."id", "users"."name", "users"."email_address", "users"."password_digest", "users"."role", "users"."status", "users"."bio", "users"."bot_token", "users"."created_at", "users"."updated_at" FROM "users" WHERE "users"."id" = ? LIMIT 1
2026-10-05T12:03:47.091728914Z SQLTRACE start reader ThreadId(5) SELECT "rooms"."id", "rooms"."name", "rooms"."type", "rooms"."creator_id", "rooms"."created_at", "rooms"."updated_at" FROM "rooms" INNER JOIN "memberships" ON "rooms"."id" = "memberships"."room_id" WHERE "memberships"."user_id" = 127326141 AND "rooms"."id" = 486777696 LIMIT 1
2026-10-05T12:03:47.091744039Z SQLTRACE end reader ThreadId(5) rows=1 SELECT "rooms"."id", "rooms"."name", "rooms"."type", "rooms"."creator_id", "rooms"."created_at", "rooms"."updated_at" FROM "rooms" INNER JOIN "memberships" ON "rooms"."id" = "memberships"."room_id" WHERE "memberships"."user_id" = ? AND "rooms"."id" = ? LIMIT 1
2026-10-05T12:03:47.091748165Z SQLTRACE start reader ThreadId(5) SELECT "messages"."id", "messages"."room_id", "messages"."creator_id", "messages"."client_message_id", "messages"."created_at", "messages"."updated_at" FROM "messages" WHERE "messages"."room_id" = 486777696 ORDER BY "messages"."created_at" DESC LIMIT 40
2026-10-05T12:03:47.091865667Z SQLTRACE end reader ThreadId(5) rows=40 SELECT "messages"."id", "messages"."room_id", "messages"."creator_id", "messages"."client_message_id", "messages"."created_at", "messages"."updated_at" FROM "messages" WHERE "messages"."room_id" = ? ORDER BY "messages"."created_at" DESC LIMIT 40
2026-10-05T12:03:47.091877209Z SQLTRACE start reader ThreadId(5) SELECT "rooms"."id", "rooms"."name", "rooms"."type", "rooms"."creator_id", "rooms"."created_at", "rooms"."updated_at" FROM "rooms" ORDER BY "rooms"."created_at" ASC LIMIT 1
2026-10-05T12:03:47.091922501Z SQLTRACE end reader ThreadId(5) rows=1 SELECT "rooms"."id", "rooms"."name", "rooms"."type", "rooms"."creator_id", "rooms"."created_at", "rooms"."updated_at" FROM "rooms" ORDER BY "rooms"."created_at" ASC LIMIT 1
2026-10-05T12:03:47.092007794Z SQLTRACE start reader ThreadId(5) SELECT "accounts"."id", "accounts"."name", "accounts"."join_code", "accounts"."custom_styles", "accounts"."settings", "accounts"."singleton_guard", "accounts"."created_at", "accounts"."updated_at" FROM "accounts" ORDER BY "accounts"."id" ASC LIMIT 1
2026-10-05T12:03:47.092013044Z SQLTRACE end reader ThreadId(5) rows=1 SELECT "accounts"."id", "accounts"."name", "accounts"."join_code", "accounts"."custom_styles", "accounts"."settings", "accounts"."singleton_guard", "accounts"."created_at", "accounts"."updated_at" FROM "accounts" ORDER BY "accounts"."id" ASC LIMIT 1
2026-10-05T12:03:47.092015211Z SQLTRACE start reader ThreadId(5) SELECT "accounts"."id", "accounts"."name", "accounts"."join_code", "accounts"."custom_styles", "accounts"."settings", "accounts"."singleton_guard", "accounts"."created_at", "accounts"."updated_at" FROM "accounts" ORDER BY "accounts"."id" ASC LIMIT 1
2026-10-05T12:03:47.092017628Z SQLTRACE end reader ThreadId(5) rows=1 SELECT "accounts"."id", "accounts"."name", "accounts"."join_code", "accounts"."custom_styles", "accounts"."settings", "accounts"."singleton_guard", "accounts"."created_at", "accounts"."updated_at" FROM "accounts" ORDER BY "accounts"."id" ASC LIMIT 1
2026-10-05T12:03:47.092057045Z SQLTRACE start reader ThreadId(5) SELECT b.id, b.key, b.filename, b.content_type, b.metadata, b.service_name, b.byte_size, b.checksum, b.created_at FROM active_storage_blobs b JOIN active_storage_attachments a ON a.blob_id = b.id WHERE a.record_type = 'Account' AND a.record_id = 873240054 AND a.name = 'logo' ORDER BY a.id LIMIT 1
2026-10-05T12:03:47.092062879Z SQLTRACE end reader ThreadId(5) rows=0 SELECT b.id, b.key, b.filename, b.content_type, b.metadata, b.service_name, b.byte_size, b.checksum, b.created_at FROM active_storage_blobs b JOIN active_storage_attachments a ON a.blob_id = b.id WHERE a.record_type = ?1 AND a.record_id = ?2 AND a.name = ?3 ORDER BY a.id LIMIT 1
2026-10-05T12:03:47.092065170Z SQLTRACE start reader ThreadId(5) SELECT "rooms"."id", "rooms"."name", "rooms"."type", "rooms"."creator_id", "rooms"."created_at", "rooms"."updated_at" FROM "rooms" INNER JOIN "memberships" ON "rooms"."id" = "memberships"."room_id" WHERE "memberships"."user_id" = 127326141 AND "rooms"."id" = 486777696 LIMIT 1
2026-10-05T12:03:47.092067962Z SQLTRACE end reader ThreadId(5) rows=1 SELECT "rooms"."id", "rooms"."name", "rooms"."type", "rooms"."creator_id", "rooms"."created_at", "rooms"."updated_at" FROM "rooms" INNER JOIN "memberships" ON "rooms"."id" = "memberships"."room_id" WHERE "memberships"."user_id" = ? AND "rooms"."id" = ? LIMIT 1
2026-10-05T12:03:47.092388593Z [2m2026-10-05T12:03:47.092273Z[0m [32m INFO[0m [2mthruster[0m[2m:[0m Request [3mpath[0m[2m=[0m/rooms/486777696 [3mstatus[0m[2m=[0m200 [3mdur[0m[2m=[0m1 [3mmethod[0m[2m=[0mGET [3mreq_content_length[0m[2m=[0m0 [3mreq_content_type[0m[2m=[0m [3mresp_content_length[0m[2m=[0m24231 [3mresp_content_type[0m[2m=[0mtext/html; charset=utf-8 [3mremote_addr[0m[2m=[0m127.0.0.1:47496 [3muser_agent[0m[2m=[0m [3mcache[0m[2m=[0mmiss [3mquery[0m[2m=[0m [3mproto[0m[2m=[0m"HTTP/1.1"
2026-10-05T12:03:48.712388076Z SQLTRACE start reader ThreadId(2) SELECT "sessions"."id", "sessions"."user_id", "sessions"."token", "sessions"."ip_address", "sessions"."user_agent", "sessions"."last_active_at", "sessions"."created_at", "sessions"."updated_at" FROM "sessions" WHERE "sessions"."token" = 'vZuXbHrmde1pgqLcyxsVoq6x' LIMIT 1
2026-10-05T12:03:48.712479494Z SQLTRACE end reader ThreadId(2) rows=1 SELECT "sessions"."id", "sessions"."user_id", "sessions"."token", "sessions"."ip_address", "sessions"."user_agent", "sessions"."last_active_at", "sessions"."created_at", "sessions"."updated_at" FROM "sessions" WHERE "sessions"."token" = ? LIMIT 1
2026-10-05T12:03:48.712489036Z SQLTRACE start reader ThreadId(2) SELECT "users"."id", "users"."name", "users"."email_address", "users"."password_digest", "users"."role", "users"."status", "users"."bio", "users"."bot_token", "users"."created_at", "users"."updated_at" FROM "users" WHERE "users"."id" = 127326141 LIMIT 1
2026-10-05T12:03:48.712493953Z SQLTRACE end reader ThreadId(2) rows=1 SELECT "users"."id", "users"."name", "users"."email_address", "users"."password_digest", "users"."role", "users"."status", "users"."bio", "users"."bot_token", "users"."created_at", "users"."updated_at" FROM "users" WHERE "users"."id" = ? LIMIT 1
2026-10-05T12:03:48.712502578Z SQLTRACE start reader ThreadId(2) SELECT "rooms"."id", "rooms"."name", "rooms"."type", "rooms"."creator_id", "rooms"."created_at", "rooms"."updated_at" FROM "rooms" INNER JOIN "memberships" ON "rooms"."id" = "memberships"."room_id" WHERE "memberships"."user_id" = 127326141 AND "rooms"."id" = 486777696 LIMIT 1
2026-10-05T12:03:48.712507161Z SQLTRACE end reader ThreadId(2) rows=1 SELECT "rooms"."id", "rooms"."name", "rooms"."type", "rooms"."creator_id", "rooms"."created_at", "rooms"."updated_at" FROM "rooms" INNER JOIN "memberships" ON "rooms"."id" = "memberships"."room_id" WHERE "memberships"."user_id" = ? AND "rooms"."id" = ? LIMIT 1
2026-10-05T12:03:48.712617163Z SQLTRACE start reader ThreadId(2) SELECT "messages"."id", "messages"."room_id", "messages"."creator_id", "messages"."client_message_id", "messages"."created_at", "messages"."updated_at" FROM "messages" WHERE "messages"."room_id" = 486777696 ORDER BY "messages"."created_at" DESC LIMIT 40
2026-10-05T12:03:48.712771874Z SQLTRACE end reader ThreadId(2) rows=40 SELECT "messages"."id", "messages"."room_id", "messages"."creator_id", "messages"."client_message_id", "messages"."created_at", "messages"."updated_at" FROM "messages" WHERE "messages"."room_id" = ? ORDER BY "messages"."created_at" DESC LIMIT 40
2026-10-05T12:03:48.712790625Z SQLTRACE start reader ThreadId(2) SELECT "rooms"."id", "rooms"."name", "rooms"."type", "rooms"."creator_id", "rooms"."created_at", "rooms"."updated_at" FROM "rooms" ORDER BY "rooms"."created_at" ASC LIMIT 1
2026-10-05T12:03:48.712797458Z SQLTRACE end reader ThreadId(2) rows=1 SELECT "rooms"."id", "rooms"."name", "rooms"."type", "rooms"."creator_id", "rooms"."created_at", "rooms"."updated_at" FROM "rooms" ORDER BY "rooms"."created_at" ASC LIMIT 1
2026-10-05T12:03:48.713007004Z SQLTRACE start reader ThreadId(2) SELECT "accounts"."id", "accounts"."name", "accounts"."join_code", "accounts"."custom_styles", "accounts"."settings", "accounts"."singleton_guard", "accounts"."created_at", "accounts"."updated_at" FROM "accounts" ORDER BY "accounts"."id" ASC LIMIT 1
2026-10-05T12:03:48.713024671Z SQLTRACE end reader ThreadId(2) rows=1 SELECT "accounts"."id", "accounts"."name", "accounts"."join_code", "accounts"."custom_styles", "accounts"."settings", "accounts"."singleton_guard", "accounts"."created_at", "accounts"."updated_at" FROM "accounts" ORDER BY "accounts"."id" ASC LIMIT 1
2026-10-05T12:03:48.713066505Z SQLTRACE start reader ThreadId(2) SELECT "accounts"."id", "accounts"."name", "accounts"."join_code", "accounts"."custom_styles", "accounts"."settings", "accounts"."singleton_guard", "accounts"."created_at", "accounts"."updated_at" FROM "accounts" ORDER BY "accounts"."id" ASC LIMIT 1
2026-10-05T12:03:48.713074797Z SQLTRACE end reader ThreadId(2) rows=1 SELECT "accounts"."id", "accounts"."name", "accounts"."join_code", "accounts"."custom_styles", "accounts"."settings", "accounts"."singleton_guard", "accounts"."created_at", "accounts"."updated_at" FROM "accounts" ORDER BY "accounts"."id" ASC LIMIT 1
2026-10-05T12:03:48.713080380Z SQLTRACE start reader ThreadId(2) SELECT b.id, b.key, b.filename, b.content_type, b.metadata, b.service_name, b.byte_size, b.checksum, b.created_at FROM active_storage_blobs b JOIN active_storage_attachments a ON a.blob_id = b.id WHERE a.record_type = 'Account' AND a.record_id = 873240054 AND a.name = 'logo' ORDER BY a.id LIMIT 1
2026-10-05T12:03:48.713096339Z SQLTRACE end reader ThreadId(2) rows=0 SELECT b.id, b.key, b.filename, b.content_type, b.metadata, b.service_name, b.byte_size, b.checksum, b.created_at FROM active_storage_blobs b JOIN active_storage_attachments a ON a.blob_id = b.id WHERE a.record_type = ?1 AND a.record_id = ?2 AND a.name = ?3 ORDER BY a.id LIMIT 1
2026-10-05T12:03:48.713173840Z SQLTRACE start reader ThreadId(2) SELECT "rooms"."id", "rooms"."name", "rooms"."type", "rooms"."creator_id", "rooms"."created_at", "rooms"."updated_at" FROM "rooms" INNER JOIN "memberships" ON "rooms"."id" = "memberships"."room_id" WHERE "memberships"."user_id" = 127326141 AND "rooms"."id" = 486777696 LIMIT 1
2026-10-05T12:03:48.713182965Z SQLTRACE end reader ThreadId(2) rows=1 SELECT "rooms"."id", "rooms"."name", "rooms"."type", "rooms"."creator_id", "rooms"."created_at", "rooms"."updated_at" FROM "rooms" INNER JOIN "memberships" ON "rooms"."id" = "memberships"."room_id" WHERE "memberships"."user_id" = ? AND "rooms"."id" = ? LIMIT 1
2026-10-05T12:03:48.714472739Z [2m2026-10-05T12:03:48.714194Z[0m [32m INFO[0m [2mthruster[0m[2m:[0m Request [3mpath[0m[2m=[0m/rooms/486777696 [3mstatus[0m[2m=[0m200 [3mdur[0m[2m=[0m2 [3mmethod[0m[2m=[0mGET [3mreq_content_length[0m[2m=[0m0 [3mreq_content_type[0m[2m=[0m [3mresp_content_length[0m[2m=[0m416122 [3mresp_content_type[0m[2m=[0mtext/html; charset=utf-8 [3mremote_addr[0m[2m=[0m127.0.0.1:47526 [3muser_agent[0m[2m=[0m [3mcache[0m[2m=[0mmiss [3mquery[0m[2m=[0m [3mproto[0m[2m=[0m"HTTP/1.1"
2026-10-05T12:03:50.340695298Z SQLTRACE start reader ThreadId(5) SELECT "sessions"."id", "sessions"."user_id", "sessions"."token", "sessions"."ip_address", "sessions"."user_agent", "sessions"."last_active_at", "sessions"."created_at", "sessions"."updated_at" FROM "sessions" WHERE "sessions"."token" = 'vZuXbHrmde1pgqLcyxsVoq6x' LIMIT 1
2026-10-05T12:03:50.340762716Z SQLTRACE end reader ThreadId(5) rows=1 SELECT "sessions"."id", "sessions"."user_id", "sessions"."token", "sessions"."ip_address", "sessions"."user_agent", "sessions"."last_active_at", "sessions"."created_at", "sessions"."updated_at" FROM "sessions" WHERE "sessions"."token" = ? LIMIT 1
2026-10-05T12:03:50.340771133Z SQLTRACE start reader ThreadId(5) SELECT "users"."id", "users"."name", "users"."email_address", "users"."password_digest", "users"."role", "users"."status", "users"."bio", "users"."bot_token", "users"."created_at", "users"."updated_at" FROM "users" WHERE "users"."id" = 127326141 LIMIT 1
2026-10-05T12:03:50.340778550Z SQLTRACE end reader ThreadId(5) rows=1 SELECT "users"."id", "users"."name", "users"."email_address", "users"."password_digest", "users"."role", "users"."status", "users"."bio", "users"."bot_token", "users"."created_at", "users"."updated_at" FROM "users" WHERE "users"."id" = ? LIMIT 1
2026-10-05T12:03:50.340784675Z SQLTRACE start reader ThreadId(5) SELECT "rooms"."id", "rooms"."name", "rooms"."type", "rooms"."creator_id", "rooms"."created_at", "rooms"."updated_at" FROM "rooms" INNER JOIN "memberships" ON "rooms"."id" = "memberships"."room_id" WHERE "memberships"."user_id" = 127326141 AND "rooms"."id" = 486777696 LIMIT 1
2026-10-05T12:03:50.340796342Z SQLTRACE end reader ThreadId(5) rows=1 SELECT "rooms"."id", "rooms"."name", "rooms"."type", "rooms"."creator_id", "rooms"."created_at", "rooms"."updated_at" FROM "rooms" INNER JOIN "memberships" ON "rooms"."id" = "memberships"."room_id" WHERE "memberships"."user_id" = ? AND "rooms"."id" = ? LIMIT 1
2026-10-05T12:03:50.340933469Z SQLTRACE start reader ThreadId(5) SELECT "messages"."id", "messages"."room_id", "messages"."creator_id", "messages"."client_message_id", "messages"."created_at", "messages"."updated_at" FROM "messages" WHERE "messages"."room_id" = 486777696 ORDER BY "messages"."created_at" DESC LIMIT 40
2026-10-05T12:03:50.340956137Z SQLTRACE end reader ThreadId(5) rows=40 SELECT "messages"."id", "messages"."room_id", "messages"."creator_id", "messages"."client_message_id", "messages"."created_at", "messages"."updated_at" FROM "messages" WHERE "messages"."room_id" = ? ORDER BY "messages"."created_at" DESC LIMIT 40
2026-10-05T12:03:50.340963470Z SQLTRACE start reader ThreadId(5) SELECT "rooms"."id", "rooms"."name", "rooms"."type", "rooms"."creator_id", "rooms"."created_at", "rooms"."updated_at" FROM "rooms" ORDER BY "rooms"."created_at" ASC LIMIT 1
2026-10-05T12:03:50.341078097Z SQLTRACE end reader ThreadId(5) rows=1 SELECT "rooms"."id", "rooms"."name", "rooms"."type", "rooms"."creator_id", "rooms"."created_at", "rooms"."updated_at" FROM "rooms" ORDER BY "rooms"."created_at" ASC LIMIT 1
2026-10-05T12:03:50.341204516Z SQLTRACE start reader ThreadId(5) SELECT "accounts"."id", "accounts"."name", "accounts"."join_code", "accounts"."custom_styles", "accounts"."settings", "accounts"."singleton_guard", "accounts"."created_at", "accounts"."updated_at" FROM "accounts" ORDER BY "accounts"."id" ASC LIMIT 1
2026-10-05T12:03:50.341249184Z SQLTRACE end reader ThreadId(5) rows=1 SELECT "accounts"."id", "accounts"."name", "accounts"."join_code", "accounts"."custom_styles", "accounts"."settings", "accounts"."singleton_guard", "accounts"."created_at", "accounts"."updated_at" FROM "accounts" ORDER BY "accounts"."id" ASC LIMIT 1
2026-10-05T12:03:50.341288018Z SQLTRACE start reader ThreadId(5) SELECT "accounts"."id", "accounts"."name", "accounts"."join_code", "accounts"."custom_styles", "accounts"."settings", "accounts"."singleton_guard", "accounts"."created_at", "accounts"."updated_at" FROM "accounts" ORDER BY "accounts"."id" ASC LIMIT 1
2026-10-05T12:03:50.341316601Z SQLTRACE end reader ThreadId(5) rows=1 SELECT "accounts"."id", "accounts"."name", "accounts"."join_code", "accounts"."custom_styles", "accounts"."settings", "accounts"."singleton_guard", "accounts"."created_at", "accounts"."updated_at" FROM "accounts" ORDER BY "accounts"."id" ASC LIMIT 1
2026-10-05T12:03:50.341322227Z SQLTRACE start reader ThreadId(5) SELECT b.id, b.key, b.filename, b.content_type, b.metadata, b.service_name, b.byte_size, b.checksum, b.created_at FROM active_storage_blobs b JOIN active_storage_attachments a ON a.blob_id = b.id WHERE a.record_type = 'Account' AND a.record_id = 873240054 AND a.name = 'logo' ORDER BY a.id LIMIT 1
2026-10-05T12:03:50.341415353Z SQLTRACE end reader ThreadId(5) rows=0 SELECT b.id, b.key, b.filename, b.content_type, b.metadata, b.service_name, b.byte_size, b.checksum, b.created_at FROM active_storage_blobs b JOIN active_storage_attachments a ON a.blob_id = b.id WHERE a.record_type = ?1 AND a.record_id = ?2 AND a.name = ?3 ORDER BY a.id LIMIT 1
2026-10-05T12:03:50.341425562Z SQLTRACE start reader ThreadId(5) SELECT "rooms"."id", "rooms"."name", "rooms"."type", "rooms"."creator_id", "rooms"."created_at", "rooms"."updated_at" FROM "rooms" INNER JOIN "memberships" ON "rooms"."id" = "memberships"."room_id" WHERE "memberships"."user_id" = 127326141 AND "rooms"."id" = 486777696 LIMIT 1
2026-10-05T12:03:50.341430645Z SQLTRACE end reader ThreadId(5) rows=1 SELECT "rooms"."id", "rooms"."name", "rooms"."type", "rooms"."creator_id", "rooms"."created_at", "rooms"."updated_at" FROM "rooms" INNER JOIN "memberships" ON "rooms"."id" = "memberships"."room_id" WHERE "memberships"."user_id" = ? AND "rooms"."id" = ? LIMIT 1
2026-10-05T12:03:50.342466706Z [2m2026-10-05T12:03:50.342264Z[0m [32m INFO[0m [2mthruster[0m[2m:[0m Request [3mpath[0m[2m=[0m/rooms/486777696 [3mstatus[0m[2m=[0m200 [3mdur[0m[2m=[0m2 [3mmethod[0m[2m=[0mGET [3mreq_content_length[0m[2m=[0m0 [3mreq_content_type[0m[2m=[0m [3mresp_content_length[0m[2m=[0m416122 [3mresp_content_type[0m[2m=[0mtext/html; charset=utf-8 [3mremote_addr[0m[2m=[0m127.0.0.1:48334 [3muser_agent[0m[2m=[0m [3mcache[0m[2m=[0mmiss [3mquery[0m[2m=[0m [3mproto[0m[2m=[0m"HTTP/1.1"
2026-10-05T12:03:51.964424615Z SQLTRACE start reader ThreadId(2) SELECT "sessions"."id", "sessions"."user_id", "sessions"."token", "sessions"."ip_address", "sessions"."user_agent", "sessions"."last_active_at", "sessions"."created_at", "sessions"."updated_at" FROM "sessions" WHERE "sessions"."token" = 'vZuXbHrmde1pgqLcyxsVoq6x' LIMIT 1
2026-10-05T12:03:51.964566285Z SQLTRACE end reader ThreadId(2) rows=1 SELECT "sessions"."id", "sessions"."user_id", "sessions"."token", "sessions"."ip_address", "sessions"."user_agent", "sessions"."last_active_at", "sessions"."created_at", "sessions"."updated_at" FROM "sessions" WHERE "sessions"."token" = ? LIMIT 1
2026-10-05T12:03:51.964576993Z SQLTRACE start reader ThreadId(2) SELECT "users"."id", "users"."name", "users"."email_address", "users"."password_digest", "users"."role", "users"."status", "users"."bio", "users"."bot_token", "users"."created_at", "users"."updated_at" FROM "users" WHERE "users"."id" = 127326141 LIMIT 1
2026-10-05T12:03:51.964585618Z SQLTRACE end reader ThreadId(2) rows=1 SELECT "users"."id", "users"."name", "users"."email_address", "users"."password_digest", "users"."role", "users"."status", "users"."bio", "users"."bot_token", "users"."created_at", "users"."updated_at" FROM "users" WHERE "users"."id" = ? LIMIT 1
2026-10-05T12:03:51.964598702Z SQLTRACE start reader ThreadId(2) SELECT "rooms"."id", "rooms"."name", "rooms"."type", "rooms"."creator_id", "rooms"."created_at", "rooms"."updated_at" FROM "rooms" INNER JOIN "memberships" ON "rooms"."id" = "memberships"."room_id" WHERE "memberships"."user_id" = 127326141 AND "rooms"."id" = 486777696 LIMIT 1
2026-10-05T12:03:51.964604910Z SQLTRACE end reader ThreadId(2) rows=1 SELECT "rooms"."id", "rooms"."name", "rooms"."type", "rooms"."creator_id", "rooms"."created_at", "rooms"."updated_at" FROM "rooms" INNER JOIN "memberships" ON "rooms"."id" = "memberships"."room_id" WHERE "memberships"."user_id" = ? AND "rooms"."id" = ? LIMIT 1
2026-10-05T12:03:51.964734746Z SQLTRACE start reader ThreadId(2) SELECT "messages"."id", "messages"."room_id", "messages"."creator_id", "messages"."client_message_id", "messages"."created_at", "messages"."updated_at" FROM "messages" WHERE "messages"."room_id" = 486777696 ORDER BY "messages"."created_at" DESC LIMIT 40
2026-10-05T12:03:51.964873207Z SQLTRACE end reader ThreadId(2) rows=40 SELECT "messages"."id", "messages"."room_id", "messages"."creator_id", "messages"."client_message_id", "messages"."created_at", "messages"."updated_at" FROM "messages" WHERE "messages"."room_id" = ? ORDER BY "messages"."created_at" DESC LIMIT 40
2026-10-05T12:03:51.964891582Z SQLTRACE start reader ThreadId(2) SELECT "rooms"."id", "rooms"."name", "rooms"."type", "rooms"."creator_id", "rooms"."created_at", "rooms"."updated_at" FROM "rooms" ORDER BY "rooms"."created_at" ASC LIMIT 1
2026-10-05T12:03:51.964898249Z SQLTRACE end reader ThreadId(2) rows=1 SELECT "rooms"."id", "rooms"."name", "rooms"."type", "rooms"."creator_id", "rooms"."created_at", "rooms"."updated_at" FROM "rooms" ORDER BY "rooms"."created_at" ASC LIMIT 1
2026-10-05T12:03:51.965092586Z SQLTRACE start reader ThreadId(2) SELECT "accounts"."id", "accounts"."name", "accounts"."join_code", "accounts"."custom_styles", "accounts"."settings", "accounts"."singleton_guard", "accounts"."created_at", "accounts"."updated_at" FROM "accounts" ORDER BY "accounts"."id" ASC LIMIT 1
2026-10-05T12:03:51.965126378Z SQLTRACE end reader ThreadId(2) rows=1 SELECT "accounts"."id", "accounts"."name", "accounts"."join_code", "accounts"."custom_styles", "accounts"."settings", "accounts"."singleton_guard", "accounts"."created_at", "accounts"."updated_at" FROM "accounts" ORDER BY "accounts"."id" ASC LIMIT 1
2026-10-05T12:03:51.965166670Z SQLTRACE start reader ThreadId(2) SELECT "accounts"."id", "accounts"."name", "accounts"."join_code", "accounts"."custom_styles", "accounts"."settings", "accounts"."singleton_guard", "accounts"."created_at", "accounts"."updated_at" FROM "accounts" ORDER BY "accounts"."id" ASC LIMIT 1
2026-10-05T12:03:51.965183254Z SQLTRACE end reader ThreadId(2) rows=1 SELECT "accounts"."id", "accounts"."name", "accounts"."join_code", "accounts"."custom_styles", "accounts"."settings", "accounts"."singleton_guard", "accounts"."created_at", "accounts"."updated_at" FROM "accounts" ORDER BY "accounts"."id" ASC LIMIT 1
2026-10-05T12:03:51.965190712Z SQLTRACE start reader ThreadId(2) SELECT b.id, b.key, b.filename, b.content_type, b.metadata, b.service_name, b.byte_size, b.checksum, b.created_at FROM active_storage_blobs b JOIN active_storage_attachments a ON a.blob_id = b.id WHERE a.record_type = 'Account' AND a.record_id = 873240054 AND a.name = 'logo' ORDER BY a.id LIMIT 1
2026-10-05T12:03:51.965317215Z SQLTRACE end reader ThreadId(2) rows=0 SELECT b.id, b.key, b.filename, b.content_type, b.metadata, b.service_name, b.byte_size, b.checksum, b.created_at FROM active_storage_blobs b JOIN active_storage_attachments a ON a.blob_id = b.id WHERE a.record_type = ?1 AND a.record_id = ?2 AND a.name = ?3 ORDER BY a.id LIMIT 1
2026-10-05T12:03:51.965332715Z SQLTRACE start reader ThreadId(2) SELECT "rooms"."id", "rooms"."name", "rooms"."type", "rooms"."creator_id", "rooms"."created_at", "rooms"."updated_at" FROM "rooms" INNER JOIN "memberships" ON "rooms"."id" = "memberships"."room_id" WHERE "memberships"."user_id" = 127326141 AND "rooms"."id" = 486777696 LIMIT 1
2026-10-05T12:03:51.965341465Z SQLTRACE end reader ThreadId(2) rows=1 SELECT "rooms"."id", "rooms"."name", "rooms"."type", "rooms"."creator_id", "rooms"."created_at", "rooms"."updated_at" FROM "rooms" INNER JOIN "memberships" ON "rooms"."id" = "memberships"."room_id" WHERE "memberships"."user_id" = ? AND "rooms"."id" = ? LIMIT 1
2026-10-05T12:03:51.966531362Z [2m2026-10-05T12:03:51.966292Z[0m [32m INFO[0m [2mthruster[0m[2m:[0m Request [3mpath[0m[2m=[0m/rooms/486777696 [3mstatus[0m[2m=[0m200 [3mdur[0m[2m=[0m2 [3mmethod[0m[2m=[0mGET [3mreq_content_length[0m[2m=[0m0 [3mreq_content_type[0m[2m=[0m [3mresp_content_length[0m[2m=[0m416122 [3mresp_content_type[0m[2m=[0mtext/html; charset=utf-8 [3mremote_addr[0m[2m=[0m127.0.0.1:48380 [3muser_agent[0m[2m=[0m [3mcache[0m[2m=[0mmiss [3mquery[0m[2m=[0m [3mproto[0m[2m=[0m"HTTP/1.1"
2026-10-05T12:03:53.284094657Z [2m2026-10-05T12:03:53.283797Z[0m [32m INFO[0m [2mthruster[0m[2m:[0m Request [3mpath[0m[2m=[0m/up [3mstatus[0m[2m=[0m200 [3mdur[0m[2m=[0m0 [3mmethod[0m[2m=[0mGET [3mreq_content_length[0m[2m=[0m0 [3mreq_content_type[0m[2m=[0m [3mresp_content_length[0m[2m=[0m73 [3mresp_content_type[0m[2m=[0mtext/html; charset=utf-8 [3mremote_addr[0m[2m=[0m127.0.0.1:48406 [3muser_agent[0m[2m=[0m [3mcache[0m[2m=[0mmiss [3mquery[0m[2m=[0mmark=loadgen-validate.before [3mproto[0m[2m=[0m"HTTP/1.1"
2026-10-05T12:03:53.291292161Z SQLTRACE start reader ThreadId(5) SELECT 1 AS one FROM "bans" WHERE "bans"."ip_address" = '127.0.0.1' LIMIT 1
2026-10-05T12:03:53.291326786Z SQLTRACE end reader ThreadId(5) rows=0 SELECT 1 AS one FROM "bans" WHERE "bans"."ip_address" = ? LIMIT 1
2026-10-05T12:03:53.291332078Z SQLTRACE start reader ThreadId(5) SELECT "sessions"."id", "sessions"."user_id", "sessions"."token", "sessions"."ip_address", "sessions"."user_agent", "sessions"."last_active_at", "sessions"."created_at", "sessions"."updated_at" FROM "sessions" WHERE "sessions"."token" = 'vZuXbHrmde1pgqLcyxsVoq6x' LIMIT 1
2026-10-05T12:03:53.291373579Z SQLTRACE end reader ThreadId(5) rows=1 SELECT "sessions"."id", "sessions"."user_id", "sessions"."token", "sessions"."ip_address", "sessions"."user_agent", "sessions"."last_active_at", "sessions"."created_at", "sessions"."updated_at" FROM "sessions" WHERE "sessions"."token" = ? LIMIT 1
2026-10-05T12:03:53.291378912Z SQLTRACE start reader ThreadId(5) SELECT "users"."id", "users"."name", "users"."email_address", "users"."password_digest", "users"."role", "users"."status", "users"."bio", "users"."bot_token", "users"."created_at", "users"."updated_at" FROM "users" WHERE "users"."id" = 127326141 LIMIT 1
2026-10-05T12:03:53.291385079Z SQLTRACE end reader ThreadId(5) rows=1 SELECT "users"."id", "users"."name", "users"."email_address", "users"."password_digest", "users"."role", "users"."status", "users"."bio", "users"."bot_token", "users"."created_at", "users"."updated_at" FROM "users" WHERE "users"."id" = ? LIMIT 1
2026-10-05T12:03:53.291572291Z SQLTRACE start reader ThreadId(5) SELECT "memberships"."id", "memberships"."room_id", "memberships"."user_id", "memberships"."involvement", "memberships"."unread_at", "memberships"."connected_at", "memberships"."connections", "memberships"."created_at", "memberships"."updated_at" FROM "memberships" WHERE "memberships"."room_id" = 201306877 AND "memberships"."user_id" = 127326141 LIMIT 1
2026-10-05T12:03:53.291584624Z SQLTRACE end reader ThreadId(5) rows=1 SELECT "memberships"."id", "memberships"."room_id", "memberships"."user_id", "memberships"."involvement", "memberships"."unread_at", "memberships"."connected_at", "memberships"."connections", "memberships"."created_at", "memberships"."updated_at" FROM "memberships" WHERE "memberships"."room_id" = ? AND "memberships"."user_id" = ? LIMIT 1
2026-10-05T12:03:53.291588332Z SQLTRACE start reader ThreadId(5) SELECT "rooms"."id", "rooms"."name", "rooms"."type", "rooms"."creator_id", "rooms"."created_at", "rooms"."updated_at" FROM "rooms" WHERE "rooms"."id" = 201306877 LIMIT 1
2026-10-05T12:03:53.291590666Z SQLTRACE end reader ThreadId(5) rows=1 SELECT "rooms"."id", "rooms"."name", "rooms"."type", "rooms"."creator_id", "rooms"."created_at", "rooms"."updated_at" FROM "rooms" WHERE "rooms"."id" = ? LIMIT 1
2026-10-05T12:03:53.291758627Z SQLTRACE start writer ThreadId(8) BEGIN IMMEDIATE
2026-10-05T12:03:53.291765294Z SQLTRACE end writer ThreadId(8) rows=0 BEGIN IMMEDIATE
2026-10-05T12:03:53.291889880Z SQLTRACE start writer ThreadId(8) INSERT INTO "messages" ("client_message_id", "created_at", "creator_id", "room_id", "updated_at") VALUES ('18dba093c251c4e50', '2026-10-05 12:03:53.291725', 127326141, 201306877, '2026-10-05 12:03:53.291725') RETURNING "id"
2026-10-05T12:03:53.291946881Z SQLTRACE end writer ThreadId(8) rows=1 INSERT INTO "messages" ("client_message_id", "created_at", "creator_id", "room_id", "updated_at") VALUES (?, ?, ?, ?, ?) RETURNING "id"
2026-10-05T12:03:53.292009632Z SQLTRACE start writer ThreadId(8) INSERT INTO "action_text_rich_texts" ("body", "created_at", "name", "record_id", "record_type", "updated_at") VALUES ('bench write 1', '2026-10-05 12:03:53.291922', 'body', 933434638, 'Message', '2026-10-05 12:03:53.291922') RETURNING "id"
2026-10-05T12:03:53.292048466Z SQLTRACE end writer ThreadId(8) rows=1 INSERT INTO "action_text_rich_texts" ("body", "created_at", "name", "record_id", "record_type", "updated_at") VALUES (?, ?, ?, ?, ?, ?) RETURNING "id"
2026-10-05T12:03:53.292086425Z SQLTRACE start writer ThreadId(8) UPDATE "messages" SET "updated_at" = '2026-10-05 12:03:53.292015' WHERE "messages"."id" = 933434638
2026-10-05T12:03:53.292089925Z SQLTRACE end writer ThreadId(8) rows=0 UPDATE "messages" SET "updated_at" = ? WHERE "messages"."id" = ?
2026-10-05T12:03:53.292091758Z SQLTRACE start writer ThreadId(8) UPDATE "rooms" SET "updated_at" = '2026-10-05 12:03:53.292057' WHERE "rooms"."id" = 201306877
2026-10-05T12:03:53.292109675Z SQLTRACE end writer ThreadId(8) rows=0 UPDATE "rooms" SET "updated_at" = ? WHERE "rooms"."id" = ?
2026-10-05T12:03:53.292114009Z SQLTRACE start writer ThreadId(8) COMMIT
2026-10-05T12:03:53.292219885Z SQLTRACE end writer ThreadId(8) rows=0 COMMIT
2026-10-05T12:03:53.292261595Z SQLTRACE start writer ThreadId(8) SELECT "action_text_rich_texts"."id", "action_text_rich_texts"."name", "action_text_rich_texts"."body", "action_text_rich_texts"."record_type", "action_text_rich_texts"."record_id", "action_text_rich_texts"."created_at", "action_text_rich_texts"."updated_at" FROM "action_text_rich_texts" WHERE "action_text_rich_texts"."record_id" = 933434638 AND "action_text_rich_texts"."record_type" = 'Message' AND "action_text_rich_texts"."name" = 'body' LIMIT 1
2026-10-05T12:03:53.292267136Z SQLTRACE end writer ThreadId(8) rows=1 SELECT "action_text_rich_texts"."id", "action_text_rich_texts"."name", "action_text_rich_texts"."body", "action_text_rich_texts"."record_type", "action_text_rich_texts"."record_id", "action_text_rich_texts"."created_at", "action_text_rich_texts"."updated_at" FROM "action_text_rich_texts" WHERE "action_text_rich_texts"."record_id" = ? AND "action_text_rich_texts"."record_type" = ? AND "action_text_rich_texts"."name" = ? LIMIT 1
2026-10-05T12:03:53.292392180Z SQLTRACE start writer ThreadId(8) SELECT k, v FROM 'main'.'message_search_index_config'
2026-10-05T12:03:53.292396264Z SQLTRACE end writer ThreadId(8) rows=1 SELECT k, v FROM 'main'.'message_search_index_config'
2026-10-05T12:03:53.292398097Z SQLTRACE start writer ThreadId(8) insert into message_search_index(rowid, body) values (933434638, 'bench write 1')
2026-10-05T12:03:53.292425889Z SQLTRACE start writer ThreadId(8) -- PRAGMA 'main'.data_version
2026-10-05T12:03:53.292430306Z SQLTRACE end writer ThreadId(8) rows=1 PRAGMA 'main'.data_version
2026-10-05T12:03:53.292434723Z SQLTRACE start writer ThreadId(8) -- INSERT INTO 'main'.'message_search_index_content' VALUES(?1,?2)
2026-10-05T12:03:53.292507016Z SQLTRACE end writer ThreadId(8) rows=0 INSERT INTO 'main'.'message_search_index_content' VALUES(?1,?2)
2026-10-05T12:03:53.292546933Z SQLTRACE start writer ThreadId(8) -- REPLACE INTO 'main'.'message_search_index_docsize' VALUES(?,?)
2026-10-05T12:03:53.292549850Z SQLTRACE end writer ThreadId(8) rows=1 REPLACE INTO 'main'.'message_search_index_docsize' VALUES(?,?)
2026-10-05T12:03:53.292551391Z SQLTRACE start writer ThreadId(8) -- REPLACE INTO 'main'.'message_search_index_data'(id, block) VALUES(?,?)
2026-10-05T12:03:53.292552808Z SQLTRACE end writer ThreadId(8) rows=0 REPLACE INTO 'main'.'message_search_index_data'(id, block) VALUES(?,?)
2026-10-05T12:03:53.292598101Z SQLTRACE start writer ThreadId(8) -- PRAGMA 'main'.data_version
2026-10-05T12:03:53.292601476Z SQLTRACE end writer ThreadId(8) rows=1 PRAGMA 'main'.data_version
2026-10-05T12:03:53.292602892Z SQLTRACE start writer ThreadId(8) -- SELECT k, v FROM 'main'.'message_search_index_config'
2026-10-05T12:03:53.292604267Z SQLTRACE end writer ThreadId(8) rows=2 SELECT k, v FROM 'main'.'message_search_index_config'
2026-10-05T12:03:53.292640185Z SQLTRACE start writer ThreadId(8) -- REPLACE INTO 'main'.'message_search_index_data'(id, block) VALUES(?,?)
2026-10-05T12:03:53.292684894Z SQLTRACE end writer ThreadId(8) rows=0 REPLACE INTO 'main'.'message_search_index_data'(id, block) VALUES(?,?)
2026-10-05T12:03:53.292688685Z SQLTRACE start writer ThreadId(8) -- INSERT INTO 'main'.'message_search_index_idx'(segid,term,pgno) VALUES(?,?,?)
2026-10-05T12:03:53.292690227Z SQLTRACE end writer ThreadId(8) rows=0 INSERT INTO 'main'.'message_search_index_idx'(segid,term,pgno) VALUES(?,?,?)
2026-10-05T12:03:53.292823313Z SQLTRACE start writer ThreadId(8) -- REPLACE INTO 'main'.'message_search_index_data'(id, block) VALUES(?,?)
2026-10-05T12:03:53.292827355Z SQLTRACE end writer ThreadId(8) rows=16 REPLACE INTO 'main'.'message_search_index_data'(id, block) VALUES(?,?)
2026-10-05T12:03:53.292828896Z SQLTRACE start writer ThreadId(8) -- INSERT INTO 'main'.'message_search_index_idx'(segid,term,pgno) VALUES(?,?,?)
2026-10-05T12:03:53.292830313Z SQLTRACE end writer ThreadId(8) rows=0 INSERT INTO 'main'.'message_search_index_idx'(segid,term,pgno) VALUES(?,?,?)
2026-10-05T12:03:53.292864689Z SQLTRACE start writer ThreadId(8) -- REPLACE INTO 'main'.'message_search_index_data'(id, block) VALUES(?,?)
2026-10-05T12:03:53.292868605Z SQLTRACE end writer ThreadId(8) rows=0 REPLACE INTO 'main'.'message_search_index_data'(id, block) VALUES(?,?)
2026-10-05T12:03:53.292870147Z SQLTRACE start writer ThreadId(8) -- INSERT INTO 'main'.'message_search_index_idx'(segid,term,pgno) VALUES(?,?,?)
2026-10-05T12:03:53.292871564Z SQLTRACE end writer ThreadId(8) rows=0 INSERT INTO 'main'.'message_search_index_idx'(segid,term,pgno) VALUES(?,?,?)
2026-10-05T12:03:53.292911564Z SQLTRACE start writer ThreadId(8) -- DELETE FROM 'main'.'message_search_index_data' WHERE id>=? AND id<=?
2026-10-05T12:03:53.292916106Z SQLTRACE end writer ThreadId(8) rows=0 DELETE FROM 'main'.'message_search_index_data' WHERE id>=? AND id<=?
2026-10-05T12:03:53.292917648Z SQLTRACE start writer ThreadId(8) -- DELETE FROM 'main'.'message_search_index_idx' WHERE segid=?
2026-10-05T12:03:53.292965149Z SQLTRACE end writer ThreadId(8) rows=0 DELETE FROM 'main'.'message_search_index_idx' WHERE segid=?
2026-10-05T12:03:53.292971316Z SQLTRACE start writer ThreadId(8) -- DELETE FROM 'main'.'message_search_index_data' WHERE id>=? AND id<=?
2026-10-05T12:03:53.292973816Z SQLTRACE end writer ThreadId(8) rows=0 DELETE FROM 'main'.'message_search_index_data' WHERE id>=? AND id<=?
2026-10-05T12:03:53.292975607Z SQLTRACE start writer ThreadId(8) -- DELETE FROM 'main'.'message_search_index_idx' WHERE segid=?
2026-10-05T12:03:53.292977107Z SQLTRACE end writer ThreadId(8) rows=0 DELETE FROM 'main'.'message_search_index_idx' WHERE segid=?
2026-10-05T12:03:53.292978524Z SQLTRACE start writer ThreadId(8) -- DELETE FROM 'main'.'message_search_index_data' WHERE id>=? AND id<=?
2026-10-05T12:03:53.292979982Z SQLTRACE end writer ThreadId(8) rows=0 DELETE FROM 'main'.'message_search_index_data' WHERE id>=? AND id<=?
2026-10-05T12:03:53.292981399Z SQLTRACE start writer ThreadId(8) -- DELETE FROM 'main'.'message_search_index_idx' WHERE segid=?
2026-10-05T12:03:53.292983357Z SQLTRACE end writer ThreadId(8) rows=0 DELETE FROM 'main'.'message_search_index_idx' WHERE segid=?
2026-10-05T12:03:53.292985774Z SQLTRACE start writer ThreadId(8) -- DELETE FROM 'main'.'message_search_index_data' WHERE id>=? AND id<=?
2026-10-05T12:03:53.292987232Z SQLTRACE end writer ThreadId(8) rows=0 DELETE FROM 'main'.'message_search_index_data' WHERE id>=? AND id<=?
2026-10-05T12:03:53.292988857Z SQLTRACE start writer ThreadId(8) -- DELETE FROM 'main'.'message_search_index_idx' WHERE segid=?
2026-10-05T12:03:53.292990399Z SQLTRACE end writer ThreadId(8) rows=0 DELETE FROM 'main'.'message_search_index_idx' WHERE segid=?
2026-10-05T12:03:53.292992149Z SQLTRACE start writer ThreadId(8) -- DELETE FROM 'main'.'message_search_index_data' WHERE id>=? AND id<=?
2026-10-05T12:03:53.293002149Z SQLTRACE end writer ThreadId(8) rows=0 DELETE FROM 'main'.'message_search_index_data' WHERE id>=? AND id<=?
2026-10-05T12:03:53.293006149Z SQLTRACE start writer ThreadId(8) -- DELETE FROM 'main'.'message_search_index_idx' WHERE segid=?
2026-10-05T12:03:53.293010733Z SQLTRACE end writer ThreadId(8) rows=0 DELETE FROM 'main'.'message_search_index_idx' WHERE segid=?
2026-10-05T12:03:53.293012566Z SQLTRACE start writer ThreadId(8) -- DELETE FROM 'main'.'message_search_index_data' WHERE id>=? AND id<=?
2026-10-05T12:03:53.293021316Z SQLTRACE end writer ThreadId(8) rows=0 DELETE FROM 'main'.'message_search_index_data' WHERE id>=? AND id<=?
2026-10-05T12:03:53.293023400Z SQLTRACE start writer ThreadId(8) -- DELETE FROM 'main'.'message_search_index_idx' WHERE segid=?
2026-10-05T12:03:53.293029317Z SQLTRACE end writer ThreadId(8) rows=0 DELETE FROM 'main'.'message_search_index_idx' WHERE segid=?
2026-10-05T12:03:53.293033733Z SQLTRACE start writer ThreadId(8) -- DELETE FROM 'main'.'message_search_index_data' WHERE id>=? AND id<=?
2026-10-05T12:03:53.293041025Z SQLTRACE end writer ThreadId(8) rows=0 DELETE FROM 'main'.'message_search_index_data' WHERE id>=? AND id<=?
2026-10-05T12:03:53.293045567Z SQLTRACE start writer ThreadId(8) -- DELETE FROM 'main'.'message_search_index_idx' WHERE segid=?
2026-10-05T12:03:53.293052942Z SQLTRACE end writer ThreadId(8) rows=0 DELETE FROM 'main'.'message_search_index_idx' WHERE segid=?
2026-10-05T12:03:53.293057734Z SQLTRACE start writer ThreadId(8) -- DELETE FROM 'main'.'message_search_index_data' WHERE id>=? AND id<=?
2026-10-05T12:03:53.293063192Z SQLTRACE end writer ThreadId(8) rows=0 DELETE FROM 'main'.'message_search_index_data' WHERE id>=? AND id<=?
2026-10-05T12:03:53.293067776Z SQLTRACE start writer ThreadId(8) -- DELETE FROM 'main'.'message_search_index_idx' WHERE segid=?
2026-10-05T12:03:53.293072734Z SQLTRACE end writer ThreadId(8) rows=0 DELETE FROM 'main'.'message_search_index_idx' WHERE segid=?
2026-10-05T12:03:53.293078442Z SQLTRACE start writer ThreadId(8) -- DELETE FROM 'main'.'message_search_index_data' WHERE id>=? AND id<=?
2026-10-05T12:03:53.293092984Z SQLTRACE end writer ThreadId(8) rows=0 DELETE FROM 'main'.'message_search_index_data' WHERE id>=? AND id<=?
2026-10-05T12:03:53.293095984Z SQLTRACE start writer ThreadId(8) -- DELETE FROM 'main'.'message_search_index_idx' WHERE segid=?
2026-10-05T12:03:53.293097859Z SQLTRACE end writer ThreadId(8) rows=0 DELETE FROM 'main'.'message_search_index_idx' WHERE segid=?
2026-10-05T12:03:53.293102818Z SQLTRACE start writer ThreadId(8) -- DELETE FROM 'main'.'message_search_index_data' WHERE id>=? AND id<=?
2026-10-05T12:03:53.293108193Z SQLTRACE end writer ThreadId(8) rows=0 DELETE FROM 'main'.'message_search_index_data' WHERE id>=? AND id<=?
2026-10-05T12:03:53.293109860Z SQLTRACE start writer ThreadId(8) -- DELETE FROM 'main'.'message_search_index_idx' WHERE segid=?
2026-10-05T12:03:53.293122110Z SQLTRACE end writer ThreadId(8) rows=0 DELETE FROM 'main'.'message_search_index_idx' WHERE segid=?
2026-10-05T12:03:53.293124402Z SQLTRACE start writer ThreadId(8) -- DELETE FROM 'main'.'message_search_index_data' WHERE id>=? AND id<=?
2026-10-05T12:03:53.293129277Z SQLTRACE end writer ThreadId(8) rows=0 DELETE FROM 'main'.'message_search_index_data' WHERE id>=? AND id<=?
2026-10-05T12:03:53.293134943Z SQLTRACE start writer ThreadId(8) -- DELETE FROM 'main'.'message_search_index_idx' WHERE segid=?
2026-10-05T12:03:53.293136610Z SQLTRACE end writer ThreadId(8) rows=0 DELETE FROM 'main'.'message_search_index_idx' WHERE segid=?
2026-10-05T12:03:53.293145402Z SQLTRACE start writer ThreadId(8) -- DELETE FROM 'main'.'message_search_index_data' WHERE id>=? AND id<=?
2026-10-05T12:03:53.293161402Z SQLTRACE end writer ThreadId(8) rows=0 DELETE FROM 'main'.'message_search_index_data' WHERE id>=? AND id<=?
2026-10-05T12:03:53.293184028Z SQLTRACE start writer ThreadId(8) -- DELETE FROM 'main'.'message_search_index_idx' WHERE segid=?
2026-10-05T12:03:53.293186861Z SQLTRACE end writer ThreadId(8) rows=0 DELETE FROM 'main'.'message_search_index_idx' WHERE segid=?
2026-10-05T12:03:53.293195820Z SQLTRACE start writer ThreadId(8) -- DELETE FROM 'main'.'message_search_index_data' WHERE id>=? AND id<=?
2026-10-05T12:03:53.293197945Z SQLTRACE end writer ThreadId(8) rows=0 DELETE FROM 'main'.'message_search_index_data' WHERE id>=? AND id<=?
2026-10-05T12:03:53.293199528Z SQLTRACE start writer ThreadId(8) -- DELETE FROM 'main'.'message_search_index_idx' WHERE segid=?
2026-10-05T12:03:53.293201361Z SQLTRACE end writer ThreadId(8) rows=0 DELETE FROM 'main'.'message_search_index_idx' WHERE segid=?
2026-10-05T12:03:53.293203320Z SQLTRACE start writer ThreadId(8) -- DELETE FROM 'main'.'message_search_index_data' WHERE id>=? AND id<=?
2026-10-05T12:03:53.293239987Z SQLTRACE end writer ThreadId(8) rows=0 DELETE FROM 'main'.'message_search_index_data' WHERE id>=? AND id<=?
2026-10-05T12:03:53.293243779Z SQLTRACE start writer ThreadId(8) -- DELETE FROM 'main'.'message_search_index_idx' WHERE segid=?
2026-10-05T12:03:53.293245237Z SQLTRACE end writer ThreadId(8) rows=0 DELETE FROM 'main'.'message_search_index_idx' WHERE segid=?
2026-10-05T12:03:53.293246612Z SQLTRACE start writer ThreadId(8) -- DELETE FROM 'main'.'message_search_index_data' WHERE id>=? AND id<=?
2026-10-05T12:03:53.293249279Z SQLTRACE end writer ThreadId(8) rows=0 DELETE FROM 'main'.'message_search_index_data' WHERE id>=? AND id<=?
2026-10-05T12:03:53.293250695Z SQLTRACE start writer ThreadId(8) -- DELETE FROM 'main'.'message_search_index_idx' WHERE segid=?
2026-10-05T12:03:53.293252071Z SQLTRACE end writer ThreadId(8) rows=0 DELETE FROM 'main'.'message_search_index_idx' WHERE segid=?
2026-10-05T12:03:53.293253404Z SQLTRACE start writer ThreadId(8) -- DELETE FROM 'main'.'message_search_index_data' WHERE id>=? AND id<=?
2026-10-05T12:03:53.293264487Z SQLTRACE end writer ThreadId(8) rows=0 DELETE FROM 'main'.'message_search_index_data' WHERE id>=? AND id<=?
2026-10-05T12:03:53.293268404Z SQLTRACE start writer ThreadId(8) -- DELETE FROM 'main'.'message_search_index_idx' WHERE segid=?
2026-10-05T12:03:53.293269863Z SQLTRACE end writer ThreadId(8) rows=0 DELETE FROM 'main'.'message_search_index_idx' WHERE segid=?
2026-10-05T12:03:53.293317363Z SQLTRACE start writer ThreadId(8) -- REPLACE INTO 'main'.'message_search_index_data'(id, block) VALUES(?,?)
2026-10-05T12:03:53.293320863Z SQLTRACE end writer ThreadId(8) rows=0 REPLACE INTO 'main'.'message_search_index_data'(id, block) VALUES(?,?)
2026-10-05T12:03:53.293402865Z SQLTRACE end writer ThreadId(8) rows=0 insert into message_search_index(rowid, body) values (?, ?)
2026-10-05T12:03:53.293459908Z SQLTRACE start writer ThreadId(8) UPDATE "memberships" SET "unread_at" = '2026-10-05 12:03:53.291725', "updated_at" = '2026-10-05 12:03:53.293366' WHERE "memberships"."room_id" = 201306877 AND "memberships"."involvement" != 'invisible' AND ("memberships"."connected_at" IS NULL OR "memberships"."connected_at" < '2026-10-05 12:02:53.293366') AND "memberships"."user_id" != 127326141
2026-10-05T12:03:53.293527075Z SQLTRACE end writer ThreadId(8) rows=0 UPDATE "memberships" SET "unread_at" = ?, "updated_at" = ? WHERE "memberships"."room_id" = ? AND "memberships"."involvement" != ? AND ("memberships"."connected_at" IS NULL OR "memberships"."connected_at" < ?) AND "memberships"."user_id" != ?
2026-10-05T12:03:53.293718037Z SQLTRACE start reader ThreadId(5) SELECT "rooms"."id", "rooms"."name", "rooms"."type", "rooms"."creator_id", "rooms"."created_at", "rooms"."updated_at" FROM "rooms" WHERE "rooms"."id" = 201306877 LIMIT 1
2026-10-05T12:03:53.293723537Z SQLTRACE start reader ThreadId(9) SELECT "messages"."id", "messages"."room_id", "messages"."creator_id", "messages"."client_message_id", "messages"."created_at", "messages"."updated_at" FROM "messages" WHERE "messages"."id" = 933434638 LIMIT 1
2026-10-05T12:03:53.293819622Z SQLTRACE end reader ThreadId(5) rows=1 SELECT "rooms"."id", "rooms"."name", "rooms"."type", "rooms"."creator_id", "rooms"."created_at", "rooms"."updated_at" FROM "rooms" WHERE "rooms"."id" = ? LIMIT 1
2026-10-05T12:03:53.293824247Z SQLTRACE end reader ThreadId(9) rows=1 SELECT "messages"."id", "messages"."room_id", "messages"."creator_id", "messages"."client_message_id", "messages"."created_at", "messages"."updated_at" FROM "messages" WHERE "messages"."id" = ? LIMIT 1
2026-10-05T12:03:53.293855831Z SQLTRACE start reader ThreadId(9) SELECT "rooms"."id", "rooms"."name", "rooms"."type", "rooms"."creator_id", "rooms"."created_at", "rooms"."updated_at" FROM "rooms" WHERE "rooms"."id" = 201306877 LIMIT 1
2026-10-05T12:03:53.293859706Z SQLTRACE start reader ThreadId(5) SELECT "action_text_rich_texts"."id", "action_text_rich_texts"."name", "action_text_rich_texts"."body", "action_text_rich_texts"."record_type", "action_text_rich_texts"."record_id", "action_text_rich_texts"."created_at", "action_text_rich_texts"."updated_at" FROM "action_text_rich_texts" WHERE "action_text_rich_texts"."record_id" = 933434638 AND "action_text_rich_texts"."record_type" = 'Message' AND "action_text_rich_texts"."name" = 'body' LIMIT 1
2026-10-05T12:03:53.293862665Z SQLTRACE end reader ThreadId(9) rows=1 SELECT "rooms"."id", "rooms"."name", "rooms"."type", "rooms"."creator_id", "rooms"."created_at", "rooms"."updated_at" FROM "rooms" WHERE "rooms"."id" = ? LIMIT 1
2026-10-05T12:03:53.293914082Z SQLTRACE start reader ThreadId(9) SELECT "users"."id", "users"."name", "users"."email_address", "users"."password_digest", "users"."role", "users"."status", "users"."bio", "users"."bot_token", "users"."created_at", "users"."updated_at" FROM "users" WHERE "users"."id" = 127326141 LIMIT 1
2026-10-05T12:03:53.293918749Z SQLTRACE end reader ThreadId(9) rows=1 SELECT "users"."id", "users"."name", "users"."email_address", "users"."password_digest", "users"."role", "users"."status", "users"."bio", "users"."bot_token", "users"."created_at", "users"."updated_at" FROM "users" WHERE "users"."id" = ? LIMIT 1
2026-10-05T12:03:53.293933166Z SQLTRACE end reader ThreadId(5) rows=1 SELECT "action_text_rich_texts"."id", "action_text_rich_texts"."name", "action_text_rich_texts"."body", "action_text_rich_texts"."record_type", "action_text_rich_texts"."record_id", "action_text_rich_texts"."created_at", "action_text_rich_texts"."updated_at" FROM "action_text_rich_texts" WHERE "action_text_rich_texts"."record_id" = ? AND "action_text_rich_texts"."record_type" = ? AND "action_text_rich_texts"."name" = ? LIMIT 1
2026-10-05T12:03:53.294019918Z SQLTRACE start reader ThreadId(9) SELECT "action_text_rich_texts"."id", "action_text_rich_texts"."name", "action_text_rich_texts"."body", "action_text_rich_texts"."record_type", "action_text_rich_texts"."record_id", "action_text_rich_texts"."created_at", "action_text_rich_texts"."updated_at" FROM "action_text_rich_texts" WHERE "action_text_rich_texts"."record_id" = 933434638 AND "action_text_rich_texts"."record_type" = 'Message' AND "action_text_rich_texts"."name" = 'body' LIMIT 1
2026-10-05T12:03:53.294056668Z SQLTRACE start reader ThreadId(5) SELECT "users"."id", "users"."name", "users"."email_address", "users"."password_digest", "users"."role", "users"."status", "users"."bio", "users"."bot_token", "users"."created_at", "users"."updated_at" FROM "users" WHERE "users"."id" = 127326141 LIMIT 1
2026-10-05T12:03:53.294104919Z SQLTRACE end reader ThreadId(9) rows=1 SELECT "action_text_rich_texts"."id", "action_text_rich_texts"."name", "action_text_rich_texts"."body", "action_text_rich_texts"."record_type", "action_text_rich_texts"."record_id", "action_text_rich_texts"."created_at", "action_text_rich_texts"."updated_at" FROM "action_text_rich_texts" WHERE "action_text_rich_texts"."record_id" = ? AND "action_text_rich_texts"."record_type" = ? AND "action_text_rich_texts"."name" = ? LIMIT 1
2026-10-05T12:03:53.294110169Z SQLTRACE end reader ThreadId(5) rows=1 SELECT "users"."id", "users"."name", "users"."email_address", "users"."password_digest", "users"."role", "users"."status", "users"."bio", "users"."bot_token", "users"."created_at", "users"."updated_at" FROM "users" WHERE "users"."id" = ? LIMIT 1
2026-10-05T12:03:53.294202921Z SQLTRACE start reader ThreadId(5) SELECT "action_text_rich_texts"."id", "action_text_rich_texts"."name", "action_text_rich_texts"."body", "action_text_rich_texts"."record_type", "action_text_rich_texts"."record_id", "action_text_rich_texts"."created_at", "action_text_rich_texts"."updated_at" FROM "action_text_rich_texts" WHERE "action_text_rich_texts"."record_id" = 933434638 AND "action_text_rich_texts"."record_type" = 'Message' AND "action_text_rich_texts"."name" = 'body' LIMIT 1
2026-10-05T12:03:53.294207629Z SQLTRACE end reader ThreadId(5) rows=1 SELECT "action_text_rich_texts"."id", "action_text_rich_texts"."name", "action_text_rich_texts"."body", "action_text_rich_texts"."record_type", "action_text_rich_texts"."record_id", "action_text_rich_texts"."created_at", "action_text_rich_texts"."updated_at" FROM "action_text_rich_texts" WHERE "action_text_rich_texts"."record_id" = ? AND "action_text_rich_texts"."record_type" = ? AND "action_text_rich_texts"."name" = ? LIMIT 1
2026-10-05T12:03:53.294210421Z SQLTRACE start reader ThreadId(9) SELECT "push_subscriptions".* FROM "push_subscriptions" INNER JOIN "users" ON "users"."id" = "push_subscriptions"."user_id" INNER JOIN "memberships" ON "memberships"."user_id" = "users"."id" WHERE ("memberships"."connected_at" IS NULL OR "memberships"."connected_at" < '2026-10-05 12:02:53.293810') AND "memberships"."room_id" = 201306877 AND "memberships"."user_id" != 127326141 AND "memberships"."involvement" = 'everything'
2026-10-05T12:03:53.294271797Z SQLTRACE end reader ThreadId(9) rows=3 SELECT "push_subscriptions".* FROM "push_subscriptions" INNER JOIN "users" ON "users"."id" = "push_subscriptions"."user_id" INNER JOIN "memberships" ON "memberships"."user_id" = "users"."id" WHERE ("memberships"."connected_at" IS NULL OR "memberships"."connected_at" < ?) AND "memberships"."room_id" = ? AND "memberships"."user_id" != ? AND "memberships"."involvement" = 'everything'
2026-10-05T12:03:53.294276922Z SQLTRACE start reader ThreadId(9) SELECT "action_text_rich_texts"."id", "action_text_rich_texts"."name", "action_text_rich_texts"."body", "action_text_rich_texts"."record_type", "action_text_rich_texts"."record_id", "action_text_rich_texts"."created_at", "action_text_rich_texts"."updated_at" FROM "action_text_rich_texts" WHERE "action_text_rich_texts"."record_id" = 933434638 AND "action_text_rich_texts"."record_type" = 'Message' AND "action_text_rich_texts"."name" = 'body' LIMIT 1
2026-10-05T12:03:53.294286589Z SQLTRACE end reader ThreadId(9) rows=1 SELECT "action_text_rich_texts"."id", "action_text_rich_texts"."name", "action_text_rich_texts"."body", "action_text_rich_texts"."record_type", "action_text_rich_texts"."record_id", "action_text_rich_texts"."created_at", "action_text_rich_texts"."updated_at" FROM "action_text_rich_texts" WHERE "action_text_rich_texts"."record_id" = ? AND "action_text_rich_texts"."record_type" = ? AND "action_text_rich_texts"."name" = ? LIMIT 1
2026-10-05T12:03:53.294354340Z SQLTRACE start reader ThreadId(5) SELECT b.id, b.key, b.filename, b.content_type, b.metadata, b.service_name, b.byte_size, b.checksum, b.created_at FROM active_storage_blobs b JOIN active_storage_attachments a ON a.blob_id = b.id WHERE a.record_type = 'Message' AND a.record_id = 933434638 AND a.name = 'attachment' ORDER BY a.id LIMIT 1
2026-10-05T12:03:53.294358924Z SQLTRACE start reader ThreadId(9) SELECT COUNT(*) FROM "memberships" WHERE "memberships"."user_id" = 773523953 AND "memberships"."unread_at" IS NOT NULL
2026-10-05T12:03:53.294398424Z SQLTRACE end reader ThreadId(5) rows=0 SELECT b.id, b.key, b.filename, b.content_type, b.metadata, b.service_name, b.byte_size, b.checksum, b.created_at FROM active_storage_blobs b JOIN active_storage_attachments a ON a.blob_id = b.id WHERE a.record_type = ?1 AND a.record_id = ?2 AND a.name = ?3 ORDER BY a.id LIMIT 1
2026-10-05T12:03:53.294432383Z SQLTRACE end reader ThreadId(9) rows=1 SELECT COUNT(*) FROM "memberships" WHERE "memberships"."user_id" = ? AND "memberships"."unread_at" IS NOT NULL
2026-10-05T12:03:53.294467634Z SQLTRACE start reader ThreadId(9) SELECT COUNT(*) FROM "memberships" WHERE "memberships"."user_id" = 712064548 AND "memberships"."unread_at" IS NOT NULL
2026-10-05T12:03:53.294473676Z SQLTRACE end reader ThreadId(9) rows=1 SELECT COUNT(*) FROM "memberships" WHERE "memberships"."user_id" = ? AND "memberships"."unread_at" IS NOT NULL
2026-10-05T12:03:53.294475259Z SQLTRACE start reader ThreadId(9) SELECT COUNT(*) FROM "memberships" WHERE "memberships"."user_id" = 149087659 AND "memberships"."unread_at" IS NOT NULL
2026-10-05T12:03:53.294479176Z SQLTRACE end reader ThreadId(9) rows=1 SELECT COUNT(*) FROM "memberships" WHERE "memberships"."user_id" = ? AND "memberships"."unread_at" IS NOT NULL
2026-10-05T12:03:53.294531468Z SQLTRACE start reader ThreadId(5) SELECT "boosts"."id", "boosts"."message_id", "boosts"."booster_id", "boosts"."content", "boosts"."created_at", "boosts"."updated_at" FROM "boosts" WHERE "boosts"."message_id" = 933434638 ORDER BY "boosts"."created_at" ASC
2026-10-05T12:03:53.294540219Z SQLTRACE end reader ThreadId(5) rows=0 SELECT "boosts"."id", "boosts"."message_id", "boosts"."booster_id", "boosts"."content", "boosts"."created_at", "boosts"."updated_at" FROM "boosts" WHERE "boosts"."message_id" = ? ORDER BY "boosts"."created_at" ASC
2026-10-05T12:03:53.294589886Z SQLTRACE start reader ThreadId(5) SELECT "accounts"."id", "accounts"."name", "accounts"."join_code", "accounts"."custom_styles", "accounts"."settings", "accounts"."singleton_guard", "accounts"."created_at", "accounts"."updated_at" FROM "accounts" ORDER BY "accounts"."id" ASC LIMIT 1
2026-10-05T12:03:53.294595344Z SQLTRACE end reader ThreadId(5) rows=1 SELECT "accounts"."id", "accounts"."name", "accounts"."join_code", "accounts"."custom_styles", "accounts"."settings", "accounts"."singleton_guard", "accounts"."created_at", "accounts"."updated_at" FROM "accounts" ORDER BY "accounts"."id" ASC LIMIT 1
2026-10-05T12:03:53.294830432Z SQLTRACE start reader ThreadId(5) SELECT "memberships"."id", "memberships"."room_id", "memberships"."user_id", "memberships"."involvement", "memberships"."unread_at", "memberships"."connected_at", "memberships"."connections", "memberships"."created_at", "memberships"."updated_at" FROM "memberships" WHERE "memberships"."room_id" = 201306877
2026-10-05T12:03:53.294835057Z SQLTRACE end reader ThreadId(5) rows=6 SELECT "memberships"."id", "memberships"."room_id", "memberships"."user_id", "memberships"."involvement", "memberships"."unread_at", "memberships"."connected_at", "memberships"."connections", "memberships"."created_at", "memberships"."updated_at" FROM "memberships" WHERE "memberships"."room_id" = ?
2026-10-05T12:03:53.294874933Z SQLTRACE start reader ThreadId(5) SELECT "action_text_rich_texts"."id", "action_text_rich_texts"."name", "action_text_rich_texts"."body", "action_text_rich_texts"."record_type", "action_text_rich_texts"."record_id", "action_text_rich_texts"."created_at", "action_text_rich_texts"."updated_at" FROM "action_text_rich_texts" WHERE "action_text_rich_texts"."record_id" = 933434638 AND "action_text_rich_texts"."record_type" = 'Message' AND "action_text_rich_texts"."name" = 'body' LIMIT 1
2026-10-05T12:03:53.294880558Z SQLTRACE end reader ThreadId(5) rows=1 SELECT "action_text_rich_texts"."id", "action_text_rich_texts"."name", "action_text_rich_texts"."body", "action_text_rich_texts"."record_type", "action_text_rich_texts"."record_id", "action_text_rich_texts"."created_at", "action_text_rich_texts"."updated_at" FROM "action_text_rich_texts" WHERE "action_text_rich_texts"."record_id" = ? AND "action_text_rich_texts"."record_type" = ? AND "action_text_rich_texts"."name" = ? LIMIT 1
2026-10-05T12:03:53.294940809Z SQLTRACE start reader ThreadId(5) SELECT "accounts"."id", "accounts"."name", "accounts"."join_code", "accounts"."custom_styles", "accounts"."settings", "accounts"."singleton_guard", "accounts"."created_at", "accounts"."updated_at" FROM "accounts" ORDER BY "accounts"."id" ASC LIMIT 1
2026-10-05T12:03:53.294946017Z SQLTRACE end reader ThreadId(5) rows=1 SELECT "accounts"."id", "accounts"."name", "accounts"."join_code", "accounts"."custom_styles", "accounts"."settings", "accounts"."singleton_guard", "accounts"."created_at", "accounts"."updated_at" FROM "accounts" ORDER BY "accounts"."id" ASC LIMIT 1
2026-10-05T12:03:53.295347025Z [2m2026-10-05T12:03:53.295253Z[0m [32m INFO[0m [2mthruster[0m[2m:[0m Request [3mpath[0m[2m=[0m/rooms/201306877/messages [3mstatus[0m[2m=[0m200 [3mdur[0m[2m=[0m4 [3mmethod[0m[2m=[0mPOST [3mreq_content_length[0m[2m=[0m104 [3mreq_content_type[0m[2m=[0mapplication/x-www-form-urlencoded [3mresp_content_length[0m[2m=[0m1990 [3mresp_content_type[0m[2m=[0mtext/vnd.turbo-stream.html; charset=utf-8 [3mremote_addr[0m[2m=[0m127.0.0.1:48410 [3muser_agent[0m[2m=[0m [3mcache[0m[2m=[0mbypass [3mquery[0m[2m=[0m [3mproto[0m[2m=[0m"HTTP/1.1"
2026-10-05T12:03:55.304074950Z [2m2026-10-05T12:03:55.303678Z[0m [32m INFO[0m [2mthruster[0m[2m:[0m Request [3mpath[0m[2m=[0m/up [3mstatus[0m[2m=[0m200 [3mdur[0m[2m=[0m0 [3mmethod[0m[2m=[0mGET [3mreq_content_length[0m[2m=[0m0 [3mreq_content_type[0m[2m=[0m [3mresp_content_length[0m[2m=[0m73 [3mresp_content_type[0m[2m=[0mtext/html; charset=utf-8 [3mremote_addr[0m[2m=[0m127.0.0.1:48416 [3muser_agent[0m[2m=[0m [3mcache[0m[2m=[0mmiss [3mquery[0m[2m=[0mmark=loadgen-validate.after [3mproto[0m[2m=[0m"HTTP/1.1"
2026-10-05T12:03:56.618384726Z SQLTRACE start reader ThreadId(3) SELECT 1 AS one FROM "bans" WHERE "bans"."ip_address" = '127.0.0.1' LIMIT 1
2026-10-05T12:03:56.618486561Z SQLTRACE end reader ThreadId(3) rows=0 SELECT 1 AS one FROM "bans" WHERE "bans"."ip_address" = ? LIMIT 1
2026-10-05T12:03:56.618523312Z SQLTRACE start reader ThreadId(3) SELECT "sessions"."id", "sessions"."user_id", "sessions"."token", "sessions"."ip_address", "sessions"."user_agent", "sessions"."last_active_at", "sessions"."created_at", "sessions"."updated_at" FROM "sessions" WHERE "sessions"."token" = 'vZuXbHrmde1pgqLcyxsVoq6x' LIMIT 1
2026-10-05T12:03:56.618541270Z SQLTRACE end reader ThreadId(3) rows=1 SELECT "sessions"."id", "sessions"."user_id", "sessions"."token", "sessions"."ip_address", "sessions"."user_agent", "sessions"."last_active_at", "sessions"."created_at", "sessions"."updated_at" FROM "sessions" WHERE "sessions"."token" = ? LIMIT 1
2026-10-05T12:03:56.618586730Z SQLTRACE start reader ThreadId(3) SELECT "users"."id", "users"."name", "users"."email_address", "users"."password_digest", "users"."role", "users"."status", "users"."bio", "users"."bot_token", "users"."created_at", "users"."updated_at" FROM "users" WHERE "users"."id" = 127326141 LIMIT 1
2026-10-05T12:03:56.618600897Z SQLTRACE end reader ThreadId(3) rows=1 SELECT "users"."id", "users"."name", "users"."email_address", "users"."password_digest", "users"."role", "users"."status", "users"."bio", "users"."bot_token", "users"."created_at", "users"."updated_at" FROM "users" WHERE "users"."id" = ? LIMIT 1
2026-10-05T12:03:56.618755983Z SQLTRACE start reader ThreadId(3) SELECT "memberships"."id", "memberships"."room_id", "memberships"."user_id", "memberships"."involvement", "memberships"."unread_at", "memberships"."connected_at", "memberships"."connections", "memberships"."created_at", "memberships"."updated_at" FROM "memberships" WHERE "memberships"."room_id" = 201306877 AND "memberships"."user_id" = 127326141 LIMIT 1
2026-10-05T12:03:56.618796358Z SQLTRACE end reader ThreadId(3) rows=1 SELECT "memberships"."id", "memberships"."room_id", "memberships"."user_id", "memberships"."involvement", "memberships"."unread_at", "memberships"."connected_at", "memberships"."connections", "memberships"."created_at", "memberships"."updated_at" FROM "memberships" WHERE "memberships"."room_id" = ? AND "memberships"."user_id" = ? LIMIT 1
2026-10-05T12:03:56.618802733Z SQLTRACE start reader ThreadId(3) SELECT "rooms"."id", "rooms"."name", "rooms"."type", "rooms"."creator_id", "rooms"."created_at", "rooms"."updated_at" FROM "rooms" WHERE "rooms"."id" = 201306877 LIMIT 1
2026-10-05T12:03:56.618806983Z SQLTRACE end reader ThreadId(3) rows=1 SELECT "rooms"."id", "rooms"."name", "rooms"."type", "rooms"."creator_id", "rooms"."created_at", "rooms"."updated_at" FROM "rooms" WHERE "rooms"."id" = ? LIMIT 1
2026-10-05T12:03:56.618993612Z SQLTRACE start writer ThreadId(8) BEGIN IMMEDIATE
2026-10-05T12:03:56.619002195Z SQLTRACE end writer ThreadId(8) rows=0 BEGIN IMMEDIATE
2026-10-05T12:03:56.619005404Z SQLTRACE start writer ThreadId(8) INSERT INTO "messages" ("client_message_id", "created_at", "creator_id", "room_id", "updated_at") VALUES ('18dba09476499aba1', '2026-10-05 12:03:56.618906', 127326141, 201306877, '2026-10-05 12:03:56.618906') RETURNING "id"
2026-10-05T12:03:56.619264116Z SQLTRACE end writer ThreadId(8) rows=1 INSERT INTO "messages" ("client_message_id", "created_at", "creator_id", "room_id", "updated_at") VALUES (?, ?, ?, ?, ?) RETURNING "id"
2026-10-05T12:03:56.619274533Z SQLTRACE start writer ThreadId(8) INSERT INTO "action_text_rich_texts" ("body", "created_at", "name", "record_id", "record_type", "updated_at") VALUES ('bench write 1', '2026-10-05 12:03:56.619142', 'body', 933434639, 'Message', '2026-10-05 12:03:56.619142') RETURNING "id"
2026-10-05T12:03:56.619279617Z SQLTRACE end writer ThreadId(8) rows=1 INSERT INTO "action_text_rich_texts" ("body", "created_at", "name", "record_id", "record_type", "updated_at") VALUES (?, ?, ?, ?, ?, ?) RETURNING "id"
2026-10-05T12:03:56.619293284Z SQLTRACE start writer ThreadId(8) UPDATE "messages" SET "updated_at" = '2026-10-05 12:03:56.619207' WHERE "messages"."id" = 933434639
2026-10-05T12:03:56.619299659Z SQLTRACE end writer ThreadId(8) rows=0 UPDATE "messages" SET "updated_at" = ? WHERE "messages"."id" = ?
2026-10-05T12:03:56.619303534Z SQLTRACE start writer ThreadId(8) UPDATE "rooms" SET "updated_at" = '2026-10-05 12:03:56.619256' WHERE "rooms"."id" = 201306877
2026-10-05T12:03:56.619307701Z SQLTRACE end writer ThreadId(8) rows=0 UPDATE "rooms" SET "updated_at" = ? WHERE "rooms"."id" = ?
2026-10-05T12:03:56.619312867Z SQLTRACE start writer ThreadId(8) COMMIT
2026-10-05T12:03:56.619599164Z SQLTRACE end writer ThreadId(8) rows=0 COMMIT
2026-10-05T12:03:56.619614289Z SQLTRACE start writer ThreadId(8) SELECT "action_text_rich_texts"."id", "action_text_rich_texts"."name", "action_text_rich_texts"."body", "action_text_rich_texts"."record_type", "action_text_rich_texts"."record_id", "action_text_rich_texts"."created_at", "action_text_rich_texts"."updated_at" FROM "action_text_rich_texts" WHERE "action_text_rich_texts"."record_id" = 933434639 AND "action_text_rich_texts"."record_type" = 'Message' AND "action_text_rich_texts"."name" = 'body' LIMIT 1
2026-10-05T12:03:56.619646207Z SQLTRACE end writer ThreadId(8) rows=1 SELECT "action_text_rich_texts"."id", "action_text_rich_texts"."name", "action_text_rich_texts"."body", "action_text_rich_texts"."record_type", "action_text_rich_texts"."record_id", "action_text_rich_texts"."created_at", "action_text_rich_texts"."updated_at" FROM "action_text_rich_texts" WHERE "action_text_rich_texts"."record_id" = ? AND "action_text_rich_texts"."record_type" = ? AND "action_text_rich_texts"."name" = ? LIMIT 1
2026-10-05T12:03:56.619742000Z SQLTRACE start writer ThreadId(8) insert into message_search_index(rowid, body) values (933434639, 'bench write 1')
2026-10-05T12:03:56.619757958Z SQLTRACE start writer ThreadId(8) -- PRAGMA 'main'.data_version
2026-10-05T12:03:56.619761875Z SQLTRACE end writer ThreadId(8) rows=1 PRAGMA 'main'.data_version
2026-10-05T12:03:56.619765042Z SQLTRACE start writer ThreadId(8) -- INSERT INTO 'main'.'message_search_index_content' VALUES(?1,?2)
2026-10-05T12:03:56.619768459Z SQLTRACE end writer ThreadId(8) rows=0 INSERT INTO 'main'.'message_search_index_content' VALUES(?1,?2)
2026-10-05T12:03:56.619876127Z SQLTRACE start writer ThreadId(8) -- REPLACE INTO 'main'.'message_search_index_docsize' VALUES(?,?)
2026-10-05T12:03:56.619890669Z SQLTRACE end writer ThreadId(8) rows=1 REPLACE INTO 'main'.'message_search_index_docsize' VALUES(?,?)
2026-10-05T12:03:56.619895753Z SQLTRACE start writer ThreadId(8) -- REPLACE INTO 'main'.'message_search_index_data'(id, block) VALUES(?,?)
2026-10-05T12:03:56.619899419Z SQLTRACE end writer ThreadId(8) rows=0 REPLACE INTO 'main'.'message_search_index_data'(id, block) VALUES(?,?)
2026-10-05T12:03:56.619902753Z SQLTRACE start writer ThreadId(8) -- PRAGMA 'main'.data_version
2026-10-05T12:03:56.619906378Z SQLTRACE end writer ThreadId(8) rows=1 PRAGMA 'main'.data_version
2026-10-05T12:03:56.619931462Z SQLTRACE start writer ThreadId(8) -- REPLACE INTO 'main'.'message_search_index_data'(id, block) VALUES(?,?)
2026-10-05T12:03:56.619940087Z SQLTRACE end writer ThreadId(8) rows=1 REPLACE INTO 'main'.'message_search_index_data'(id, block) VALUES(?,?)
2026-10-05T12:03:56.619943503Z SQLTRACE start writer ThreadId(8) -- INSERT INTO 'main'.'message_search_index_idx'(segid,term,pgno) VALUES(?,?,?)
2026-10-05T12:03:56.619946878Z SQLTRACE end writer ThreadId(8) rows=0 INSERT INTO 'main'.'message_search_index_idx'(segid,term,pgno) VALUES(?,?,?)
2026-10-05T12:03:56.619976004Z SQLTRACE start writer ThreadId(8) -- REPLACE INTO 'main'.'message_search_index_data'(id, block) VALUES(?,?)
2026-10-05T12:03:56.619982879Z SQLTRACE end writer ThreadId(8) rows=0 REPLACE INTO 'main'.'message_search_index_data'(id, block) VALUES(?,?)
2026-10-05T12:03:56.620145049Z SQLTRACE end writer ThreadId(8) rows=0 insert into message_search_index(rowid, body) values (?, ?)
2026-10-05T12:03:56.620159382Z SQLTRACE start writer ThreadId(8) UPDATE "memberships" SET "unread_at" = '2026-10-05 12:03:56.618906', "updated_at" = '2026-10-05 12:03:56.620031' WHERE "memberships"."room_id" = 201306877 AND "memberships"."involvement" != 'invisible' AND ("memberships"."connected_at" IS NULL OR "memberships"."connected_at" < '2026-10-05 12:02:56.620031') AND "memberships"."user_id" != 127326141
2026-10-05T12:03:56.620202508Z SQLTRACE end writer ThreadId(8) rows=0 UPDATE "memberships" SET "unread_at" = ?, "updated_at" = ? WHERE "memberships"."room_id" = ? AND "memberships"."involvement" != ? AND ("memberships"."connected_at" IS NULL OR "memberships"."connected_at" < ?) AND "memberships"."user_id" != ?
2026-10-05T12:03:56.620555264Z SQLTRACE start reader ThreadId(10) SELECT "messages"."id", "messages"."room_id", "messages"."creator_id", "messages"."client_message_id", "messages"."created_at", "messages"."updated_at" FROM "messages" WHERE "messages"."id" = 933434639 LIMIT 1
2026-10-05T12:03:56.620567973Z SQLTRACE start reader ThreadId(11) SELECT "rooms"."id", "rooms"."name", "rooms"."type", "rooms"."creator_id", "rooms"."created_at", "rooms"."updated_at" FROM "rooms" WHERE "rooms"."id" = 201306877 LIMIT 1
2026-10-05T12:03:56.620651682Z SQLTRACE end reader ThreadId(11) rows=1 SELECT "rooms"."id", "rooms"."name", "rooms"."type", "rooms"."creator_id", "rooms"."created_at", "rooms"."updated_at" FROM "rooms" WHERE "rooms"."id" = ? LIMIT 1
2026-10-05T12:03:56.620659849Z SQLTRACE end reader ThreadId(10) rows=1 SELECT "messages"."id", "messages"."room_id", "messages"."creator_id", "messages"."client_message_id", "messages"."created_at", "messages"."updated_at" FROM "messages" WHERE "messages"."id" = ? LIMIT 1
2026-10-05T12:03:56.620663974Z SQLTRACE start reader ThreadId(11) SELECT "action_text_rich_texts"."id", "action_text_rich_texts"."name", "action_text_rich_texts"."body", "action_text_rich_texts"."record_type", "action_text_rich_texts"."record_id", "action_text_rich_texts"."created_at", "action_text_rich_texts"."updated_at" FROM "action_text_rich_texts" WHERE "action_text_rich_texts"."record_id" = 933434639 AND "action_text_rich_texts"."record_type" = 'Message' AND "action_text_rich_texts"."name" = 'body' LIMIT 1
2026-10-05T12:03:56.620724600Z SQLTRACE start reader ThreadId(10) SELECT "rooms"."id", "rooms"."name", "rooms"."type", "rooms"."creator_id", "rooms"."created_at", "rooms"."updated_at" FROM "rooms" WHERE "rooms"."id" = 201306877 LIMIT 1
2026-10-05T12:03:56.620730892Z SQLTRACE end reader ThreadId(10) rows=1 SELECT "rooms"."id", "rooms"."name", "rooms"."type", "rooms"."creator_id", "rooms"."created_at", "rooms"."updated_at" FROM "rooms" WHERE "rooms"."id" = ? LIMIT 1
2026-10-05T12:03:56.620734726Z SQLTRACE start reader ThreadId(10) SELECT "users"."id", "users"."name", "users"."email_address", "users"."password_digest", "users"."role", "users"."status", "users"."bio", "users"."bot_token", "users"."created_at", "users"."updated_at" FROM "users" WHERE "users"."id" = 127326141 LIMIT 1
2026-10-05T12:03:56.620825311Z SQLTRACE end reader ThreadId(10) rows=1 SELECT "users"."id", "users"."name", "users"."email_address", "users"."password_digest", "users"."role", "users"."status", "users"."bio", "users"."bot_token", "users"."created_at", "users"."updated_at" FROM "users" WHERE "users"."id" = ? LIMIT 1
2026-10-05T12:03:56.620841019Z SQLTRACE start reader ThreadId(10) SELECT "action_text_rich_texts"."id", "action_text_rich_texts"."name", "action_text_rich_texts"."body", "action_text_rich_texts"."record_type", "action_text_rich_texts"."record_id", "action_text_rich_texts"."created_at", "action_text_rich_texts"."updated_at" FROM "action_text_rich_texts" WHERE "action_text_rich_texts"."record_id" = 933434639 AND "action_text_rich_texts"."record_type" = 'Message' AND "action_text_rich_texts"."name" = 'body' LIMIT 1
2026-10-05T12:03:56.620949896Z SQLTRACE end reader ThreadId(11) rows=1 SELECT "action_text_rich_texts"."id", "action_text_rich_texts"."name", "action_text_rich_texts"."body", "action_text_rich_texts"."record_type", "action_text_rich_texts"."record_id", "action_text_rich_texts"."created_at", "action_text_rich_texts"."updated_at" FROM "action_text_rich_texts" WHERE "action_text_rich_texts"."record_id" = ? AND "action_text_rich_texts"."record_type" = ? AND "action_text_rich_texts"."name" = ? LIMIT 1
2026-10-05T12:03:56.620955896Z SQLTRACE end reader ThreadId(10) rows=1 SELECT "action_text_rich_texts"."id", "action_text_rich_texts"."name", "action_text_rich_texts"."body", "action_text_rich_texts"."record_type", "action_text_rich_texts"."record_id", "action_text_rich_texts"."created_at", "action_text_rich_texts"."updated_at" FROM "action_text_rich_texts" WHERE "action_text_rich_texts"."record_id" = ? AND "action_text_rich_texts"."record_type" = ? AND "action_text_rich_texts"."name" = ? LIMIT 1
2026-10-05T12:03:56.621002522Z SQLTRACE start reader ThreadId(11) SELECT "users"."id", "users"."name", "users"."email_address", "users"."password_digest", "users"."role", "users"."status", "users"."bio", "users"."bot_token", "users"."created_at", "users"."updated_at" FROM "users" WHERE "users"."id" = 127326141 LIMIT 1
2026-10-05T12:03:56.621006439Z SQLTRACE end reader ThreadId(11) rows=1 SELECT "users"."id", "users"."name", "users"."email_address", "users"."password_digest", "users"."role", "users"."status", "users"."bio", "users"."bot_token", "users"."created_at", "users"."updated_at" FROM "users" WHERE "users"."id" = ? LIMIT 1
2026-10-05T12:03:56.621087232Z SQLTRACE start reader ThreadId(10) SELECT "push_subscriptions".* FROM "push_subscriptions" INNER JOIN "users" ON "users"."id" = "push_subscriptions"."user_id" INNER JOIN "memberships" ON "memberships"."user_id" = "users"."id" WHERE ("memberships"."connected_at" IS NULL OR "memberships"."connected_at" < '2026-10-05 12:02:56.620620') AND "memberships"."room_id" = 201306877 AND "memberships"."user_id" != 127326141 AND "memberships"."involvement" = 'everything'
2026-10-05T12:03:56.621097940Z SQLTRACE start reader ThreadId(11) SELECT "action_text_rich_texts"."id", "action_text_rich_texts"."name", "action_text_rich_texts"."body", "action_text_rich_texts"."record_type", "action_text_rich_texts"."record_id", "action_text_rich_texts"."created_at", "action_text_rich_texts"."updated_at" FROM "action_text_rich_texts" WHERE "action_text_rich_texts"."record_id" = 933434639 AND "action_text_rich_texts"."record_type" = 'Message' AND "action_text_rich_texts"."name" = 'body' LIMIT 1
2026-10-05T12:03:56.621101107Z SQLTRACE end reader ThreadId(10) rows=3 SELECT "push_subscriptions".* FROM "push_subscriptions" INNER JOIN "users" ON "users"."id" = "push_subscriptions"."user_id" INNER JOIN "memberships" ON "memberships"."user_id" = "users"."id" WHERE ("memberships"."connected_at" IS NULL OR "memberships"."connected_at" < ?) AND "memberships"."room_id" = ? AND "memberships"."user_id" != ? AND "memberships"."involvement" = 'everything'
2026-10-05T12:03:56.621108524Z SQLTRACE end reader ThreadId(11) rows=1 SELECT "action_text_rich_texts"."id", "action_text_rich_texts"."name", "action_text_rich_texts"."body", "action_text_rich_texts"."record_type", "action_text_rich_texts"."record_id", "action_text_rich_texts"."created_at", "action_text_rich_texts"."updated_at" FROM "action_text_rich_texts" WHERE "action_text_rich_texts"."record_id" = ? AND "action_text_rich_texts"."record_type" = ? AND "action_text_rich_texts"."name" = ? LIMIT 1
2026-10-05T12:03:56.621111191Z SQLTRACE start reader ThreadId(10) SELECT "action_text_rich_texts"."id", "action_text_rich_texts"."name", "action_text_rich_texts"."body", "action_text_rich_texts"."record_type", "action_text_rich_texts"."record_id", "action_text_rich_texts"."created_at", "action_text_rich_texts"."updated_at" FROM "action_text_rich_texts" WHERE "action_text_rich_texts"."record_id" = 933434639 AND "action_text_rich_texts"."record_type" = 'Message' AND "action_text_rich_texts"."name" = 'body' LIMIT 1
2026-10-05T12:03:56.621146274Z SQLTRACE end reader ThreadId(10) rows=1 SELECT "action_text_rich_texts"."id", "action_text_rich_texts"."name", "action_text_rich_texts"."body", "action_text_rich_texts"."record_type", "action_text_rich_texts"."record_id", "action_text_rich_texts"."created_at", "action_text_rich_texts"."updated_at" FROM "action_text_rich_texts" WHERE "action_text_rich_texts"."record_id" = ? AND "action_text_rich_texts"."record_type" = ? AND "action_text_rich_texts"."name" = ? LIMIT 1
2026-10-05T12:03:56.621150900Z SQLTRACE start reader ThreadId(11) SELECT b.id, b.key, b.filename, b.content_type, b.metadata, b.service_name, b.byte_size, b.checksum, b.created_at FROM active_storage_blobs b JOIN active_storage_attachments a ON a.blob_id = b.id WHERE a.record_type = 'Message' AND a.record_id = 933434639 AND a.name = 'attachment' ORDER BY a.id LIMIT 1
2026-10-05T12:03:56.621193192Z SQLTRACE end reader ThreadId(11) rows=0 SELECT b.id, b.key, b.filename, b.content_type, b.metadata, b.service_name, b.byte_size, b.checksum, b.created_at FROM active_storage_blobs b JOIN active_storage_attachments a ON a.blob_id = b.id WHERE a.record_type = ?1 AND a.record_id = ?2 AND a.name = ?3 ORDER BY a.id LIMIT 1
2026-10-05T12:03:56.621196859Z SQLTRACE start reader ThreadId(10) SELECT COUNT(*) FROM "memberships" WHERE "memberships"."user_id" = 773523953 AND "memberships"."unread_at" IS NOT NULL
2026-10-05T12:03:56.621239109Z SQLTRACE end reader ThreadId(10) rows=1 SELECT COUNT(*) FROM "memberships" WHERE "memberships"."user_id" = ? AND "memberships"."unread_at" IS NOT NULL
2026-10-05T12:03:56.621283694Z SQLTRACE start reader ThreadId(10) SELECT COUNT(*) FROM "memberships" WHERE "memberships"."user_id" = 712064548 AND "memberships"."unread_at" IS NOT NULL
2026-10-05T12:03:56.621287694Z SQLTRACE end reader ThreadId(10) rows=1 SELECT COUNT(*) FROM "memberships" WHERE "memberships"."user_id" = ? AND "memberships"."unread_at" IS NOT NULL
2026-10-05T12:03:56.621289319Z SQLTRACE start reader ThreadId(10) SELECT COUNT(*) FROM "memberships" WHERE "memberships"."user_id" = 149087659 AND "memberships"."unread_at" IS NOT NULL
2026-10-05T12:03:56.621290819Z SQLTRACE end reader ThreadId(10) rows=1 SELECT COUNT(*) FROM "memberships" WHERE "memberships"."user_id" = ? AND "memberships"."unread_at" IS NOT NULL
2026-10-05T12:03:56.621343695Z SQLTRACE start reader ThreadId(11) SELECT "boosts"."id", "boosts"."message_id", "boosts"."booster_id", "boosts"."content", "boosts"."created_at", "boosts"."updated_at" FROM "boosts" WHERE "boosts"."message_id" = 933434639 ORDER BY "boosts"."created_at" ASC
2026-10-05T12:03:56.621348653Z SQLTRACE end reader ThreadId(11) rows=0 SELECT "boosts"."id", "boosts"."message_id", "boosts"."booster_id", "boosts"."content", "boosts"."created_at", "boosts"."updated_at" FROM "boosts" WHERE "boosts"."message_id" = ? ORDER BY "boosts"."created_at" ASC
2026-10-05T12:03:56.621351111Z SQLTRACE start reader ThreadId(11) SELECT "accounts"."id", "accounts"."name", "accounts"."join_code", "accounts"."custom_styles", "accounts"."settings", "accounts"."singleton_guard", "accounts"."created_at", "accounts"."updated_at" FROM "accounts" ORDER BY "accounts"."id" ASC LIMIT 1
2026-10-05T12:03:56.621353778Z SQLTRACE end reader ThreadId(11) rows=1 SELECT "accounts"."id", "accounts"."name", "accounts"."join_code", "accounts"."custom_styles", "accounts"."settings", "accounts"."singleton_guard", "accounts"."created_at", "accounts"."updated_at" FROM "accounts" ORDER BY "accounts"."id" ASC LIMIT 1
2026-10-05T12:03:56.621753493Z SQLTRACE start reader ThreadId(11) SELECT "memberships"."id", "memberships"."room_id", "memberships"."user_id", "memberships"."involvement", "memberships"."unread_at", "memberships"."connected_at", "memberships"."connections", "memberships"."created_at", "memberships"."updated_at" FROM "memberships" WHERE "memberships"."room_id" = 201306877
2026-10-05T12:03:56.621775994Z SQLTRACE end reader ThreadId(11) rows=6 SELECT "memberships"."id", "memberships"."room_id", "memberships"."user_id", "memberships"."involvement", "memberships"."unread_at", "memberships"."connected_at", "memberships"."connections", "memberships"."created_at", "memberships"."updated_at" FROM "memberships" WHERE "memberships"."room_id" = ?
2026-10-05T12:03:56.621991039Z SQLTRACE start reader ThreadId(5) SELECT "action_text_rich_texts"."id", "action_text_rich_texts"."name", "action_text_rich_texts"."body", "action_text_rich_texts"."record_type", "action_text_rich_texts"."record_id", "action_text_rich_texts"."created_at", "action_text_rich_texts"."updated_at" FROM "action_text_rich_texts" WHERE "action_text_rich_texts"."record_id" = 933434639 AND "action_text_rich_texts"."record_type" = 'Message' AND "action_text_rich_texts"."name" = 'body' LIMIT 1
2026-10-05T12:03:56.622004040Z SQLTRACE end reader ThreadId(5) rows=1 SELECT "action_text_rich_texts"."id", "action_text_rich_texts"."name", "action_text_rich_texts"."body", "action_text_rich_texts"."record_type", "action_text_rich_texts"."record_id", "action_text_rich_texts"."created_at", "action_text_rich_texts"."updated_at" FROM "action_text_rich_texts" WHERE "action_text_rich_texts"."record_id" = ? AND "action_text_rich_texts"."record_type" = ? AND "action_text_rich_texts"."name" = ? LIMIT 1
2026-10-05T12:03:56.622019748Z SQLTRACE start reader ThreadId(5) SELECT "accounts"."id", "accounts"."name", "accounts"."join_code", "accounts"."custom_styles", "accounts"."settings", "accounts"."singleton_guard", "accounts"."created_at", "accounts"."updated_at" FROM "accounts" ORDER BY "accounts"."id" ASC LIMIT 1
2026-10-05T12:03:56.622026707Z SQLTRACE end reader ThreadId(5) rows=1 SELECT "accounts"."id", "accounts"."name", "accounts"."join_code", "accounts"."custom_styles", "accounts"."settings", "accounts"."singleton_guard", "accounts"."created_at", "accounts"."updated_at" FROM "accounts" ORDER BY "accounts"."id" ASC LIMIT 1
2026-10-05T12:03:56.622637967Z [2m2026-10-05T12:03:56.622501Z[0m [32m INFO[0m [2mthruster[0m[2m:[0m Request [3mpath[0m[2m=[0m/rooms/201306877/messages [3mstatus[0m[2m=[0m200 [3mdur[0m[2m=[0m5 [3mmethod[0m[2m=[0mPOST [3mreq_content_length[0m[2m=[0m104 [3mreq_content_type[0m[2m=[0mapplication/x-www-form-urlencoded [3mresp_content_length[0m[2m=[0m1992 [3mresp_content_type[0m[2m=[0mtext/vnd.turbo-stream.html; charset=utf-8 [3mremote_addr[0m[2m=[0m127.0.0.1:48436 [3muser_agent[0m[2m=[0m [3mcache[0m[2m=[0mbypass [3mquery[0m[2m=[0m [3mproto[0m[2m=[0m"HTTP/1.1"
2026-10-05T12:03:59.746290878Z SQLTRACE start reader ThreadId(3) SELECT 1 AS one FROM "bans" WHERE "bans"."ip_address" = '127.0.0.1' LIMIT 1
2026-10-05T12:03:59.746365463Z SQLTRACE end reader ThreadId(3) rows=0 SELECT 1 AS one FROM "bans" WHERE "bans"."ip_address" = ? LIMIT 1
2026-10-05T12:03:59.746373921Z SQLTRACE start reader ThreadId(3) SELECT "sessions"."id", "sessions"."user_id", "sessions"."token", "sessions"."ip_address", "sessions"."user_agent", "sessions"."last_active_at", "sessions"."created_at", "sessions"."updated_at" FROM "sessions" WHERE "sessions"."token" = 'vZuXbHrmde1pgqLcyxsVoq6x' LIMIT 1
2026-10-05T12:03:59.746381921Z SQLTRACE end reader ThreadId(3) rows=1 SELECT "sessions"."id", "sessions"."user_id", "sessions"."token", "sessions"."ip_address", "sessions"."user_agent", "sessions"."last_active_at", "sessions"."created_at", "sessions"."updated_at" FROM "sessions" WHERE "sessions"."token" = ? LIMIT 1
2026-10-05T12:03:59.746515674Z SQLTRACE start reader ThreadId(3) SELECT "users"."id", "users"."name", "users"."email_address", "users"."password_digest", "users"."role", "users"."status", "users"."bio", "users"."bot_token", "users"."created_at", "users"."updated_at" FROM "users" WHERE "users"."id" = 127326141 LIMIT 1
2026-10-05T12:03:59.746549799Z SQLTRACE end reader ThreadId(3) rows=1 SELECT "users"."id", "users"."name", "users"."email_address", "users"."password_digest", "users"."role", "users"."status", "users"."bio", "users"."bot_token", "users"."created_at", "users"."updated_at" FROM "users" WHERE "users"."id" = ? LIMIT 1
2026-10-05T12:03:59.746559591Z SQLTRACE start reader ThreadId(3) SELECT "memberships"."id", "memberships"."room_id", "memberships"."user_id", "memberships"."involvement", "memberships"."unread_at", "memberships"."connected_at", "memberships"."connections", "memberships"."created_at", "memberships"."updated_at" FROM "memberships" WHERE "memberships"."room_id" = 201306877 AND "memberships"."user_id" = 127326141 LIMIT 1
2026-10-05T12:03:59.746568216Z SQLTRACE end reader ThreadId(3) rows=1 SELECT "memberships"."id", "memberships"."room_id", "memberships"."user_id", "memberships"."involvement", "memberships"."unread_at", "memberships"."connected_at", "memberships"."connections", "memberships"."created_at", "memberships"."updated_at" FROM "memberships" WHERE "memberships"."room_id" = ? AND "memberships"."user_id" = ? LIMIT 1
2026-10-05T12:03:59.746683343Z SQLTRACE start reader ThreadId(3) SELECT "rooms"."id", "rooms"."name", "rooms"."type", "rooms"."creator_id", "rooms"."created_at", "rooms"."updated_at" FROM "rooms" WHERE "rooms"."id" = 201306877 LIMIT 1
2026-10-05T12:03:59.746703385Z SQLTRACE end reader ThreadId(3) rows=1 SELECT "rooms"."id", "rooms"."name", "rooms"."type", "rooms"."creator_id", "rooms"."created_at", "rooms"."updated_at" FROM "rooms" WHERE "rooms"."id" = ? LIMIT 1
2026-10-05T12:03:59.746947598Z SQLTRACE start writer ThreadId(8) BEGIN IMMEDIATE
2026-10-05T12:03:59.746959556Z SQLTRACE end writer ThreadId(8) rows=0 BEGIN IMMEDIATE
2026-10-05T12:03:59.746963598Z SQLTRACE start writer ThreadId(8) INSERT INTO "messages" ("client_message_id", "created_at", "creator_id", "room_id", "updated_at") VALUES ('18dba09530ee52b92', '2026-10-05 12:03:59.746830', 127326141, 201306877, '2026-10-05 12:03:59.746830') RETURNING "id"
2026-10-05T12:03:59.747103601Z SQLTRACE end writer ThreadId(8) rows=1 INSERT INTO "messages" ("client_message_id", "created_at", "creator_id", "room_id", "updated_at") VALUES (?, ?, ?, ?, ?) RETURNING "id"
2026-10-05T12:03:59.747123518Z SQLTRACE start writer ThreadId(8) INSERT INTO "action_text_rich_texts" ("body", "created_at", "name", "record_id", "record_type", "updated_at") VALUES ('bench write 2', '2026-10-05 12:03:59.746999', 'body', 933434640, 'Message', '2026-10-05 12:03:59.746999') RETURNING "id"
2026-10-05T12:03:59.747129018Z SQLTRACE end writer ThreadId(8) rows=1 INSERT INTO "action_text_rich_texts" ("body", "created_at", "name", "record_id", "record_type", "updated_at") VALUES (?, ?, ?, ?, ?, ?) RETURNING "id"
2026-10-05T12:03:59.747171393Z SQLTRACE start writer ThreadId(8) UPDATE "messages" SET "updated_at" = '2026-10-05 12:03:59.747068' WHERE "messages"."id" = 933434640
2026-10-05T12:03:59.747187685Z SQLTRACE end writer ThreadId(8) rows=0 UPDATE "messages" SET "updated_at" = ? WHERE "messages"."id" = ?
2026-10-05T12:03:59.747193144Z SQLTRACE start writer ThreadId(8) UPDATE "rooms" SET "updated_at" = '2026-10-05 12:03:59.747116' WHERE "rooms"."id" = 201306877
2026-10-05T12:03:59.747197477Z SQLTRACE end writer ThreadId(8) rows=0 UPDATE "rooms" SET "updated_at" = ? WHERE "rooms"."id" = ?
2026-10-05T12:03:59.747201227Z SQLTRACE start writer ThreadId(8) COMMIT
2026-10-05T12:03:59.747524608Z SQLTRACE end writer ThreadId(8) rows=0 COMMIT
2026-10-05T12:03:59.747548233Z SQLTRACE start writer ThreadId(8) SELECT "action_text_rich_texts"."id", "action_text_rich_texts"."name", "action_text_rich_texts"."body", "action_text_rich_texts"."record_type", "action_text_rich_texts"."record_id", "action_text_rich_texts"."created_at", "action_text_rich_texts"."updated_at" FROM "action_text_rich_texts" WHERE "action_text_rich_texts"."record_id" = 933434640 AND "action_text_rich_texts"."record_type" = 'Message' AND "action_text_rich_texts"."name" = 'body' LIMIT 1
2026-10-05T12:03:59.747557733Z SQLTRACE end writer ThreadId(8) rows=1 SELECT "action_text_rich_texts"."id", "action_text_rich_texts"."name", "action_text_rich_texts"."body", "action_text_rich_texts"."record_type", "action_text_rich_texts"."record_id", "action_text_rich_texts"."created_at", "action_text_rich_texts"."updated_at" FROM "action_text_rich_texts" WHERE "action_text_rich_texts"."record_id" = ? AND "action_text_rich_texts"."record_type" = ? AND "action_text_rich_texts"."name" = ? LIMIT 1
2026-10-05T12:03:59.747582025Z SQLTRACE start writer ThreadId(8) insert into message_search_index(rowid, body) values (933434640, 'bench write 2')
2026-10-05T12:03:59.747588401Z SQLTRACE start writer ThreadId(8) -- PRAGMA 'main'.data_version
2026-10-05T12:03:59.747591901Z SQLTRACE end writer ThreadId(8) rows=1 PRAGMA 'main'.data_version
2026-10-05T12:03:59.747594984Z SQLTRACE start writer ThreadId(8) -- INSERT INTO 'main'.'message_search_index_content' VALUES(?1,?2)
2026-10-05T12:03:59.747599526Z SQLTRACE end writer ThreadId(8) rows=0 INSERT INTO 'main'.'message_search_index_content' VALUES(?1,?2)
2026-10-05T12:03:59.747721070Z SQLTRACE start writer ThreadId(8) -- REPLACE INTO 'main'.'message_search_index_docsize' VALUES(?,?)
2026-10-05T12:03:59.747731695Z SQLTRACE end writer ThreadId(8) rows=1 REPLACE INTO 'main'.'message_search_index_docsize' VALUES(?,?)
2026-10-05T12:03:59.747735195Z SQLTRACE start writer ThreadId(8) -- REPLACE INTO 'main'.'message_search_index_data'(id, block) VALUES(?,?)
2026-10-05T12:03:59.747738820Z SQLTRACE end writer ThreadId(8) rows=0 REPLACE INTO 'main'.'message_search_index_data'(id, block) VALUES(?,?)
2026-10-05T12:03:59.747742237Z SQLTRACE start writer ThreadId(8) -- PRAGMA 'main'.data_version
2026-10-05T12:03:59.747745362Z SQLTRACE end writer ThreadId(8) rows=1 PRAGMA 'main'.data_version
2026-10-05T12:03:59.747809696Z SQLTRACE start writer ThreadId(8) -- REPLACE INTO 'main'.'message_search_index_data'(id, block) VALUES(?,?)
2026-10-05T12:03:59.747816946Z SQLTRACE end writer ThreadId(8) rows=1 REPLACE INTO 'main'.'message_search_index_data'(id, block) VALUES(?,?)
2026-10-05T12:03:59.747820530Z SQLTRACE start writer ThreadId(8) -- INSERT INTO 'main'.'message_search_index_idx'(segid,term,pgno) VALUES(?,?,?)
2026-10-05T12:03:59.747823821Z SQLTRACE end writer ThreadId(8) rows=0 INSERT INTO 'main'.'message_search_index_idx'(segid,term,pgno) VALUES(?,?,?)
2026-10-05T12:03:59.747827071Z SQLTRACE start writer ThreadId(8) -- REPLACE INTO 'main'.'message_search_index_data'(id, block) VALUES(?,?)
2026-10-05T12:03:59.747830238Z SQLTRACE end writer ThreadId(8) rows=0 REPLACE INTO 'main'.'message_search_index_data'(id, block) VALUES(?,?)
2026-10-05T12:03:59.748063450Z SQLTRACE end writer ThreadId(8) rows=0 insert into message_search_index(rowid, body) values (?, ?)
2026-10-05T12:03:59.748073576Z SQLTRACE start writer ThreadId(8) UPDATE "memberships" SET "unread_at" = '2026-10-05 12:03:59.746830', "updated_at" = '2026-10-05 12:03:59.747916' WHERE "memberships"."room_id" = 201306877 AND "memberships"."involvement" != 'invisible' AND ("memberships"."connected_at" IS NULL OR "memberships"."connected_at" < '2026-10-05 12:02:59.747916') AND "memberships"."user_id" != 127326141
2026-10-05T12:03:59.748162369Z SQLTRACE end writer ThreadId(8) rows=0 UPDATE "memberships" SET "unread_at" = ?, "updated_at" = ? WHERE "memberships"."room_id" = ? AND "memberships"."involvement" != ? AND ("memberships"."connected_at" IS NULL OR "memberships"."connected_at" < ?) AND "memberships"."user_id" != ?
2026-10-05T12:03:59.748514333Z SQLTRACE start reader ThreadId(12) SELECT "messages"."id", "messages"."room_id", "messages"."creator_id", "messages"."client_message_id", "messages"."created_at", "messages"."updated_at" FROM "messages" WHERE "messages"."id" = 933434640 LIMIT 1
2026-10-05T12:03:59.748535792Z SQLTRACE start reader ThreadId(13) SELECT "rooms"."id", "rooms"."name", "rooms"."type", "rooms"."creator_id", "rooms"."created_at", "rooms"."updated_at" FROM "rooms" WHERE "rooms"."id" = 201306877 LIMIT 1
2026-10-05T12:03:59.748692336Z SQLTRACE end reader ThreadId(12) rows=1 SELECT "messages"."id", "messages"."room_id", "messages"."creator_id", "messages"."client_message_id", "messages"."created_at", "messages"."updated_at" FROM "messages" WHERE "messages"."id" = ? LIMIT 1
2026-10-05T12:03:59.748704545Z SQLTRACE start reader ThreadId(12) SELECT "rooms"."id", "rooms"."name", "rooms"."type", "rooms"."creator_id", "rooms"."created_at", "rooms"."updated_at" FROM "rooms" WHERE "rooms"."id" = 201306877 LIMIT 1
2026-10-05T12:03:59.748710170Z SQLTRACE end reader ThreadId(13) rows=1 SELECT "rooms"."id", "rooms"."name", "rooms"."type", "rooms"."creator_id", "rooms"."created_at", "rooms"."updated_at" FROM "rooms" WHERE "rooms"."id" = ? LIMIT 1
2026-10-05T12:03:59.748722295Z SQLTRACE end reader ThreadId(12) rows=1 SELECT "rooms"."id", "rooms"."name", "rooms"."type", "rooms"."creator_id", "rooms"."created_at", "rooms"."updated_at" FROM "rooms" WHERE "rooms"."id" = ? LIMIT 1
2026-10-05T12:03:59.748912507Z SQLTRACE start reader ThreadId(12) SELECT "users"."id", "users"."name", "users"."email_address", "users"."password_digest", "users"."role", "users"."status", "users"."bio", "users"."bot_token", "users"."created_at", "users"."updated_at" FROM "users" WHERE "users"."id" = 127326141 LIMIT 1
2026-10-05T12:03:59.748926215Z SQLTRACE start reader ThreadId(13) SELECT "action_text_rich_texts"."id", "action_text_rich_texts"."name", "action_text_rich_texts"."body", "action_text_rich_texts"."record_type", "action_text_rich_texts"."record_id", "action_text_rich_texts"."created_at", "action_text_rich_texts"."updated_at" FROM "action_text_rich_texts" WHERE "action_text_rich_texts"."record_id" = 933434640 AND "action_text_rich_texts"."record_type" = 'Message' AND "action_text_rich_texts"."name" = 'body' LIMIT 1
2026-10-05T12:03:59.749043384Z SQLTRACE end reader ThreadId(12) rows=1 SELECT "users"."id", "users"."name", "users"."email_address", "users"."password_digest", "users"."role", "users"."status", "users"."bio", "users"."bot_token", "users"."created_at", "users"."updated_at" FROM "users" WHERE "users"."id" = ? LIMIT 1
2026-10-05T12:03:59.749055301Z SQLTRACE end reader ThreadId(13) rows=1 SELECT "action_text_rich_texts"."id", "action_text_rich_texts"."name", "action_text_rich_texts"."body", "action_text_rich_texts"."record_type", "action_text_rich_texts"."record_id", "action_text_rich_texts"."created_at", "action_text_rich_texts"."updated_at" FROM "action_text_rich_texts" WHERE "action_text_rich_texts"."record_id" = ? AND "action_text_rich_texts"."record_type" = ? AND "action_text_rich_texts"."name" = ? LIMIT 1
2026-10-05T12:03:59.749166303Z SQLTRACE start reader ThreadId(12) SELECT "action_text_rich_texts"."id", "action_text_rich_texts"."name", "action_text_rich_texts"."body", "action_text_rich_texts"."record_type", "action_text_rich_texts"."record_id", "action_text_rich_texts"."created_at", "action_text_rich_texts"."updated_at" FROM "action_text_rich_texts" WHERE "action_text_rich_texts"."record_id" = 933434640 AND "action_text_rich_texts"."record_type" = 'Message' AND "action_text_rich_texts"."name" = 'body' LIMIT 1
2026-10-05T12:03:59.749193512Z SQLTRACE start reader ThreadId(13) SELECT "users"."id", "users"."name", "users"."email_address", "users"."password_digest", "users"."role", "users"."status", "users"."bio", "users"."bot_token", "users"."created_at", "users"."updated_at" FROM "users" WHERE "users"."id" = 127326141 LIMIT 1
2026-10-05T12:03:59.749200512Z SQLTRACE end reader ThreadId(12) rows=1 SELECT "action_text_rich_texts"."id", "action_text_rich_texts"."name", "action_text_rich_texts"."body", "action_text_rich_texts"."record_type", "action_text_rich_texts"."record_id", "action_text_rich_texts"."created_at", "action_text_rich_texts"."updated_at" FROM "action_text_rich_texts" WHERE "action_text_rich_texts"."record_id" = ? AND "action_text_rich_texts"."record_type" = ? AND "action_text_rich_texts"."name" = ? LIMIT 1
2026-10-05T12:03:59.749207095Z SQLTRACE end reader ThreadId(13) rows=1 SELECT "users"."id", "users"."name", "users"."email_address", "users"."password_digest", "users"."role", "users"."status", "users"."bio", "users"."bot_token", "users"."created_at", "users"."updated_at" FROM "users" WHERE "users"."id" = ? LIMIT 1
2026-10-05T12:03:59.749311389Z SQLTRACE start reader ThreadId(12) SELECT "push_subscriptions".* FROM "push_subscriptions" INNER JOIN "users" ON "users"."id" = "push_subscriptions"."user_id" INNER JOIN "memberships" ON "memberships"."user_id" = "users"."id" WHERE ("memberships"."connected_at" IS NULL OR "memberships"."connected_at" < '2026-10-05 12:02:59.748541') AND "memberships"."room_id" = 201306877 AND "memberships"."user_id" != 127326141 AND "memberships"."involvement" = 'everything'
2026-10-05T12:03:59.749484392Z SQLTRACE start reader ThreadId(13) SELECT "action_text_rich_texts"."id", "action_text_rich_texts"."name", "action_text_rich_texts"."body", "action_text_rich_texts"."record_type", "action_text_rich_texts"."record_id", "action_text_rich_texts"."created_at", "action_text_rich_texts"."updated_at" FROM "action_text_rich_texts" WHERE "action_text_rich_texts"."record_id" = 933434640 AND "action_text_rich_texts"."record_type" = 'Message' AND "action_text_rich_texts"."name" = 'body' LIMIT 1
2026-10-05T12:03:59.749506934Z SQLTRACE end reader ThreadId(12) rows=3 SELECT "push_subscriptions".* FROM "push_subscriptions" INNER JOIN "users" ON "users"."id" = "push_subscriptions"."user_id" INNER JOIN "memberships" ON "memberships"."user_id" = "users"."id" WHERE ("memberships"."connected_at" IS NULL OR "memberships"."connected_at" < ?) AND "memberships"."room_id" = ? AND "memberships"."user_id" != ? AND "memberships"."involvement" = 'everything'
2026-10-05T12:03:59.749514517Z SQLTRACE start reader ThreadId(12) SELECT "action_text_rich_texts"."id", "action_text_rich_texts"."name", "action_text_rich_texts"."body", "action_text_rich_texts"."record_type", "action_text_rich_texts"."record_id", "action_text_rich_texts"."created_at", "action_text_rich_texts"."updated_at" FROM "action_text_rich_texts" WHERE "action_text_rich_texts"."record_id" = 933434640 AND "action_text_rich_texts"."record_type" = 'Message' AND "action_text_rich_texts"."name" = 'body' LIMIT 1
2026-10-05T12:03:59.749543351Z SQLTRACE end reader ThreadId(13) rows=1 SELECT "action_text_rich_texts"."id", "action_text_rich_texts"."name", "action_text_rich_texts"."body", "action_text_rich_texts"."record_type", "action_text_rich_texts"."record_id", "action_text_rich_texts"."created_at", "action_text_rich_texts"."updated_at" FROM "action_text_rich_texts" WHERE "action_text_rich_texts"."record_id" = ? AND "action_text_rich_texts"."record_type" = ? AND "action_text_rich_texts"."name" = ? LIMIT 1
2026-10-05T12:03:59.749638353Z SQLTRACE end reader ThreadId(12) rows=1 SELECT "action_text_rich_texts"."id", "action_text_rich_texts"."name", "action_text_rich_texts"."body", "action_text_rich_texts"."record_type", "action_text_rich_texts"."record_id", "action_text_rich_texts"."created_at", "action_text_rich_texts"."updated_at" FROM "action_text_rich_texts" WHERE "action_text_rich_texts"."record_id" = ? AND "action_text_rich_texts"."record_type" = ? AND "action_text_rich_texts"."name" = ? LIMIT 1
2026-10-05T12:03:59.749657311Z SQLTRACE start reader ThreadId(13) SELECT b.id, b.key, b.filename, b.content_type, b.metadata, b.service_name, b.byte_size, b.checksum, b.created_at FROM active_storage_blobs b JOIN active_storage_attachments a ON a.blob_id = b.id WHERE a.record_type = 'Message' AND a.record_id = 933434640 AND a.name = 'attachment' ORDER BY a.id LIMIT 1
2026-10-05T12:03:59.749705145Z SQLTRACE start reader ThreadId(12) SELECT COUNT(*) FROM "memberships" WHERE "memberships"."user_id" = 773523953 AND "memberships"."unread_at" IS NOT NULL
2026-10-05T12:03:59.749719271Z SQLTRACE end reader ThreadId(13) rows=0 SELECT b.id, b.key, b.filename, b.content_type, b.metadata, b.service_name, b.byte_size, b.checksum, b.created_at FROM active_storage_blobs b JOIN active_storage_attachments a ON a.blob_id = b.id WHERE a.record_type = ?1 AND a.record_id = ?2 AND a.name = ?3 ORDER BY a.id LIMIT 1
2026-10-05T12:03:59.749871607Z SQLTRACE end reader ThreadId(12) rows=1 SELECT COUNT(*) FROM "memberships" WHERE "memberships"."user_id" = ? AND "memberships"."unread_at" IS NOT NULL
2026-10-05T12:03:59.749881898Z SQLTRACE start reader ThreadId(12) SELECT COUNT(*) FROM "memberships" WHERE "memberships"."user_id" = 712064548 AND "memberships"."unread_at" IS NOT NULL
2026-10-05T12:03:59.749886148Z SQLTRACE end reader ThreadId(12) rows=1 SELECT COUNT(*) FROM "memberships" WHERE "memberships"."user_id" = ? AND "memberships"."unread_at" IS NOT NULL
2026-10-05T12:03:59.750028068Z SQLTRACE start reader ThreadId(12) SELECT COUNT(*) FROM "memberships" WHERE "memberships"."user_id" = 149087659 AND "memberships"."unread_at" IS NOT NULL
2026-10-05T12:03:59.750040359Z SQLTRACE end reader ThreadId(12) rows=1 SELECT COUNT(*) FROM "memberships" WHERE "memberships"."user_id" = ? AND "memberships"."unread_at" IS NOT NULL
2026-10-05T12:03:59.750139194Z SQLTRACE start reader ThreadId(13) SELECT "boosts"."id", "boosts"."message_id", "boosts"."booster_id", "boosts"."content", "boosts"."created_at", "boosts"."updated_at" FROM "boosts" WHERE "boosts"."message_id" = 933434640 ORDER BY "boosts"."created_at" ASC
2026-10-05T12:03:59.750157320Z SQLTRACE end reader ThreadId(13) rows=0 SELECT "boosts"."id", "boosts"."message_id", "boosts"."booster_id", "boosts"."content", "boosts"."created_at", "boosts"."updated_at" FROM "boosts" WHERE "boosts"."message_id" = ? ORDER BY "boosts"."created_at" ASC
2026-10-05T12:03:59.750180987Z SQLTRACE start reader ThreadId(13) SELECT "accounts"."id", "accounts"."name", "accounts"."join_code", "accounts"."custom_styles", "accounts"."settings", "accounts"."singleton_guard", "accounts"."created_at", "accounts"."updated_at" FROM "accounts" ORDER BY "accounts"."id" ASC LIMIT 1
2026-10-05T12:03:59.750198237Z SQLTRACE end reader ThreadId(13) rows=1 SELECT "accounts"."id", "accounts"."name", "accounts"."join_code", "accounts"."custom_styles", "accounts"."settings", "accounts"."singleton_guard", "accounts"."created_at", "accounts"."updated_at" FROM "accounts" ORDER BY "accounts"."id" ASC LIMIT 1
2026-10-05T12:03:59.750779372Z SQLTRACE start reader ThreadId(13) SELECT "memberships"."id", "memberships"."room_id", "memberships"."user_id", "memberships"."involvement", "memberships"."unread_at", "memberships"."connected_at", "memberships"."connections", "memberships"."created_at", "memberships"."updated_at" FROM "memberships" WHERE "memberships"."room_id" = 201306877
2026-10-05T12:03:59.750800456Z SQLTRACE end reader ThreadId(13) rows=6 SELECT "memberships"."id", "memberships"."room_id", "memberships"."user_id", "memberships"."involvement", "memberships"."unread_at", "memberships"."connected_at", "memberships"."connections", "memberships"."created_at", "memberships"."updated_at" FROM "memberships" WHERE "memberships"."room_id" = ?
2026-10-05T12:03:59.750939375Z SQLTRACE start reader ThreadId(3) SELECT "action_text_rich_texts"."id", "action_text_rich_texts"."name", "action_text_rich_texts"."body", "action_text_rich_texts"."record_type", "action_text_rich_texts"."record_id", "action_text_rich_texts"."created_at", "action_text_rich_texts"."updated_at" FROM "action_text_rich_texts" WHERE "action_text_rich_texts"."record_id" = 933434640 AND "action_text_rich_texts"."record_type" = 'Message' AND "action_text_rich_texts"."name" = 'body' LIMIT 1
2026-10-05T12:03:59.750950167Z SQLTRACE end reader ThreadId(3) rows=1 SELECT "action_text_rich_texts"."id", "action_text_rich_texts"."name", "action_text_rich_texts"."body", "action_text_rich_texts"."record_type", "action_text_rich_texts"."record_id", "action_text_rich_texts"."created_at", "action_text_rich_texts"."updated_at" FROM "action_text_rich_texts" WHERE "action_text_rich_texts"."record_id" = ? AND "action_text_rich_texts"."record_type" = ? AND "action_text_rich_texts"."name" = ? LIMIT 1
2026-10-05T12:03:59.751028960Z SQLTRACE start reader ThreadId(3) SELECT "accounts"."id", "accounts"."name", "accounts"."join_code", "accounts"."custom_styles", "accounts"."settings", "accounts"."singleton_guard", "accounts"."created_at", "accounts"."updated_at" FROM "accounts" ORDER BY "accounts"."id" ASC LIMIT 1
2026-10-05T12:03:59.751039043Z SQLTRACE end reader ThreadId(3) rows=1 SELECT "accounts"."id", "accounts"."name", "accounts"."join_code", "accounts"."custom_styles", "accounts"."settings", "accounts"."singleton_guard", "accounts"."created_at", "accounts"."updated_at" FROM "accounts" ORDER BY "accounts"."id" ASC LIMIT 1
2026-10-05T12:03:59.751969059Z [2m2026-10-05T12:03:59.751793Z[0m [32m INFO[0m [2mthruster[0m[2m:[0m Request [3mpath[0m[2m=[0m/rooms/201306877/messages [3mstatus[0m[2m=[0m200 [3mdur[0m[2m=[0m6 [3mmethod[0m[2m=[0mPOST [3mreq_content_length[0m[2m=[0m104 [3mreq_content_type[0m[2m=[0mapplication/x-www-form-urlencoded [3mresp_content_length[0m[2m=[0m1991 [3mresp_content_type[0m[2m=[0mtext/vnd.turbo-stream.html; charset=utf-8 [3mremote_addr[0m[2m=[0m127.0.0.1:48464 [3muser_agent[0m[2m=[0m [3mcache[0m[2m=[0mbypass [3mquery[0m[2m=[0m [3mproto[0m[2m=[0m"HTTP/1.1"
2026-10-05T12:04:02.875727891Z SQLTRACE start reader ThreadId(5) SELECT 1 AS one FROM "bans" WHERE "bans"."ip_address" = '127.0.0.1' LIMIT 1
2026-10-05T12:04:02.875803600Z SQLTRACE end reader ThreadId(5) rows=0 SELECT 1 AS one FROM "bans" WHERE "bans"."ip_address" = ? LIMIT 1
2026-10-05T12:04:02.875815601Z SQLTRACE start reader ThreadId(5) SELECT "sessions"."id", "sessions"."user_id", "sessions"."token", "sessions"."ip_address", "sessions"."user_agent", "sessions"."last_active_at", "sessions"."created_at", "sessions"."updated_at" FROM "sessions" WHERE "sessions"."token" = 'vZuXbHrmde1pgqLcyxsVoq6x' LIMIT 1
2026-10-05T12:04:02.875829934Z SQLTRACE end reader ThreadId(5) rows=1 SELECT "sessions"."id", "sessions"."user_id", "sessions"."token", "sessions"."ip_address", "sessions"."user_agent", "sessions"."last_active_at", "sessions"."created_at", "sessions"."updated_at" FROM "sessions" WHERE "sessions"."token" = ? LIMIT 1
2026-10-05T12:04:02.876025563Z SQLTRACE start reader ThreadId(5) SELECT "users"."id", "users"."name", "users"."email_address", "users"."password_digest", "users"."role", "users"."status", "users"."bio", "users"."bot_token", "users"."created_at", "users"."updated_at" FROM "users" WHERE "users"."id" = 127326141 LIMIT 1
2026-10-05T12:04:02.876056646Z SQLTRACE end reader ThreadId(5) rows=1 SELECT "users"."id", "users"."name", "users"."email_address", "users"."password_digest", "users"."role", "users"."status", "users"."bio", "users"."bot_token", "users"."created_at", "users"."updated_at" FROM "users" WHERE "users"."id" = ? LIMIT 1
2026-10-05T12:04:02.876186274Z SQLTRACE start reader ThreadId(5) SELECT "memberships"."id", "memberships"."room_id", "memberships"."user_id", "memberships"."involvement", "memberships"."unread_at", "memberships"."connected_at", "memberships"."connections", "memberships"."created_at", "memberships"."updated_at" FROM "memberships" WHERE "memberships"."room_id" = 201306877 AND "memberships"."user_id" = 127326141 LIMIT 1
2026-10-05T12:04:02.876204816Z SQLTRACE end reader ThreadId(5) rows=1 SELECT "memberships"."id", "memberships"."room_id", "memberships"."user_id", "memberships"."involvement", "memberships"."unread_at", "memberships"."connected_at", "memberships"."connections", "memberships"."created_at", "memberships"."updated_at" FROM "memberships" WHERE "memberships"."room_id" = ? AND "memberships"."user_id" = ? LIMIT 1
2026-10-05T12:04:02.876213274Z SQLTRACE start reader ThreadId(5) SELECT "rooms"."id", "rooms"."name", "rooms"."type", "rooms"."creator_id", "rooms"."created_at", "rooms"."updated_at" FROM "rooms" WHERE "rooms"."id" = 201306877 LIMIT 1
2026-10-05T12:04:02.876219524Z SQLTRACE end reader ThreadId(5) rows=1 SELECT "rooms"."id", "rooms"."name", "rooms"."type", "rooms"."creator_id", "rooms"."created_at", "rooms"."updated_at" FROM "rooms" WHERE "rooms"."id" = ? LIMIT 1
2026-10-05T12:04:02.876537946Z SQLTRACE start writer ThreadId(8) BEGIN IMMEDIATE
2026-10-05T12:04:02.876561572Z SQLTRACE end writer ThreadId(8) rows=0 BEGIN IMMEDIATE
2026-10-05T12:04:02.876567113Z SQLTRACE start writer ThreadId(8) INSERT INTO "messages" ("client_message_id", "created_at", "creator_id", "room_id", "updated_at") VALUES ('18dba095eb6bd9fb3', '2026-10-05 12:04:02.876379', 127326141, 201306877, '2026-10-05 12:04:02.876379') RETURNING "id"
2026-10-05T12:04:02.876695949Z SQLTRACE end writer ThreadId(8) rows=1 INSERT INTO "messages" ("client_message_id", "created_at", "creator_id", "room_id", "updated_at") VALUES (?, ?, ?, ?, ?) RETURNING "id"
2026-10-05T12:04:02.876714283Z SQLTRACE start writer ThreadId(8) INSERT INTO "action_text_rich_texts" ("body", "created_at", "name", "record_id", "record_type", "updated_at") VALUES ('bench write 3', '2026-10-05 12:04:02.876595', 'body', 933434641, 'Message', '2026-10-05 12:04:02.876595') RETURNING "id"
2026-10-05T12:04:02.876721574Z SQLTRACE end writer ThreadId(8) rows=1 INSERT INTO "action_text_rich_texts" ("body", "created_at", "name", "record_id", "record_type", "updated_at") VALUES (?, ?, ?, ?, ?, ?) RETURNING "id"
2026-10-05T12:04:02.876761200Z SQLTRACE start writer ThreadId(8) UPDATE "messages" SET "updated_at" = '2026-10-05 12:04:02.876670' WHERE "messages"."id" = 933434641
2026-10-05T12:04:02.876771409Z SQLTRACE end writer ThreadId(8) rows=0 UPDATE "messages" SET "updated_at" = ? WHERE "messages"."id" = ?
2026-10-05T12:04:02.876780992Z SQLTRACE start writer ThreadId(8) UPDATE "rooms" SET "updated_at" = '2026-10-05 12:04:02.876717' WHERE "rooms"."id" = 201306877
2026-10-05T12:04:02.876784992Z SQLTRACE end writer ThreadId(8) rows=0 UPDATE "rooms" SET "updated_at" = ? WHERE "rooms"."id" = ?
2026-10-05T12:04:02.876789909Z SQLTRACE start writer ThreadId(8) COMMIT
2026-10-05T12:04:02.877107873Z SQLTRACE end writer ThreadId(8) rows=0 COMMIT
2026-10-05T12:04:02.877117206Z SQLTRACE start writer ThreadId(8) SELECT "action_text_rich_texts"."id", "action_text_rich_texts"."name", "action_text_rich_texts"."body", "action_text_rich_texts"."record_type", "action_text_rich_texts"."record_id", "action_text_rich_texts"."created_at", "action_text_rich_texts"."updated_at" FROM "action_text_rich_texts" WHERE "action_text_rich_texts"."record_id" = 933434641 AND "action_text_rich_texts"."record_type" = 'Message' AND "action_text_rich_texts"."name" = 'body' LIMIT 1
2026-10-05T12:04:02.877124623Z SQLTRACE end writer ThreadId(8) rows=1 SELECT "action_text_rich_texts"."id", "action_text_rich_texts"."name", "action_text_rich_texts"."body", "action_text_rich_texts"."record_type", "action_text_rich_texts"."record_id", "action_text_rich_texts"."created_at", "action_text_rich_texts"."updated_at" FROM "action_text_rich_texts" WHERE "action_text_rich_texts"."record_id" = ? AND "action_text_rich_texts"."record_type" = ? AND "action_text_rich_texts"."name" = ? LIMIT 1
2026-10-05T12:04:02.877138831Z SQLTRACE start writer ThreadId(8) insert into message_search_index(rowid, body) values (933434641, 'bench write 3')
2026-10-05T12:04:02.877143248Z SQLTRACE start writer ThreadId(8) -- PRAGMA 'main'.data_version
2026-10-05T12:04:02.877159873Z SQLTRACE end writer ThreadId(8) rows=1 PRAGMA 'main'.data_version
2026-10-05T12:04:02.877248625Z SQLTRACE start writer ThreadId(8) -- INSERT INTO 'main'.'message_search_index_content' VALUES(?1,?2)
2026-10-05T12:04:02.877265167Z SQLTRACE end writer ThreadId(8) rows=0 INSERT INTO 'main'.'message_search_index_content' VALUES(?1,?2)
2026-10-05T12:04:02.877270584Z SQLTRACE start writer ThreadId(8) -- REPLACE INTO 'main'.'message_search_index_docsize' VALUES(?,?)
2026-10-05T12:04:02.877274042Z SQLTRACE end writer ThreadId(8) rows=1 REPLACE INTO 'main'.'message_search_index_docsize' VALUES(?,?)
2026-10-05T12:04:02.877306418Z SQLTRACE start writer ThreadId(8) -- REPLACE INTO 'main'.'message_search_index_data'(id, block) VALUES(?,?)
2026-10-05T12:04:02.877317501Z SQLTRACE end writer ThreadId(8) rows=0 REPLACE INTO 'main'.'message_search_index_data'(id, block) VALUES(?,?)
2026-10-05T12:04:02.877321459Z SQLTRACE start writer ThreadId(8) -- PRAGMA 'main'.data_version
2026-10-05T12:04:02.877324501Z SQLTRACE end writer ThreadId(8) rows=1 PRAGMA 'main'.data_version
2026-10-05T12:04:02.877494962Z SQLTRACE start writer ThreadId(8) -- REPLACE INTO 'main'.'message_search_index_data'(id, block) VALUES(?,?)
2026-10-05T12:04:02.877511546Z SQLTRACE end writer ThreadId(8) rows=1 REPLACE INTO 'main'.'message_search_index_data'(id, block) VALUES(?,?)
2026-10-05T12:04:02.877516254Z SQLTRACE start writer ThreadId(8) -- INSERT INTO 'main'.'message_search_index_idx'(segid,term,pgno) VALUES(?,?,?)
2026-10-05T12:04:02.877519838Z SQLTRACE end writer ThreadId(8) rows=0 INSERT INTO 'main'.'message_search_index_idx'(segid,term,pgno) VALUES(?,?,?)
2026-10-05T12:04:02.877523171Z SQLTRACE start writer ThreadId(8) -- REPLACE INTO 'main'.'message_search_index_data'(id, block) VALUES(?,?)
2026-10-05T12:04:02.877526921Z SQLTRACE end writer ThreadId(8) rows=0 REPLACE INTO 'main'.'message_search_index_data'(id, block) VALUES(?,?)
2026-10-05T12:04:02.877719966Z SQLTRACE end writer ThreadId(8) rows=0 insert into message_search_index(rowid, body) values (?, ?)
2026-10-05T12:04:02.877731591Z SQLTRACE start writer ThreadId(8) UPDATE "memberships" SET "unread_at" = '2026-10-05 12:04:02.876379', "updated_at" = '2026-10-05 12:04:02.877586' WHERE "memberships"."room_id" = 201306877 AND "memberships"."involvement" != 'invisible' AND ("memberships"."connected_at" IS NULL OR "memberships"."connected_at" < '2026-10-05 12:03:02.877586') AND "memberships"."user_id" != 127326141
2026-10-05T12:04:02.877739800Z SQLTRACE end writer ThreadId(8) rows=0 UPDATE "memberships" SET "unread_at" = ?, "updated_at" = ? WHERE "memberships"."room_id" = ? AND "memberships"."involvement" != ? AND ("memberships"."connected_at" IS NULL OR "memberships"."connected_at" < ?) AND "memberships"."user_id" != ?
2026-10-05T12:04:02.878030680Z SQLTRACE start reader ThreadId(9) SELECT "messages"."id", "messages"."room_id", "messages"."creator_id", "messages"."client_message_id", "messages"."created_at", "messages"."updated_at" FROM "messages" WHERE "messages"."id" = 933434641 LIMIT 1
2026-10-05T12:04:02.878041763Z SQLTRACE start reader ThreadId(3) SELECT "rooms"."id", "rooms"."name", "rooms"."type", "rooms"."creator_id", "rooms"."created_at", "rooms"."updated_at" FROM "rooms" WHERE "rooms"."id" = 201306877 LIMIT 1
2026-10-05T12:04:02.878154474Z SQLTRACE end reader ThreadId(3) rows=1 SELECT "rooms"."id", "rooms"."name", "rooms"."type", "rooms"."creator_id", "rooms"."created_at", "rooms"."updated_at" FROM "rooms" WHERE "rooms"."id" = ? LIMIT 1
2026-10-05T12:04:02.878167224Z SQLTRACE end reader ThreadId(9) rows=1 SELECT "messages"."id", "messages"."room_id", "messages"."creator_id", "messages"."client_message_id", "messages"."created_at", "messages"."updated_at" FROM "messages" WHERE "messages"."id" = ? LIMIT 1
2026-10-05T12:04:02.878173266Z SQLTRACE start reader ThreadId(3) SELECT "action_text_rich_texts"."id", "action_text_rich_texts"."name", "action_text_rich_texts"."body", "action_text_rich_texts"."record_type", "action_text_rich_texts"."record_id", "action_text_rich_texts"."created_at", "action_text_rich_texts"."updated_at" FROM "action_text_rich_texts" WHERE "action_text_rich_texts"."record_id" = 933434641 AND "action_text_rich_texts"."record_type" = 'Message' AND "action_text_rich_texts"."name" = 'body' LIMIT 1
2026-10-05T12:04:02.878275767Z SQLTRACE start reader ThreadId(9) SELECT "rooms"."id", "rooms"."name", "rooms"."type", "rooms"."creator_id", "rooms"."created_at", "rooms"."updated_at" FROM "rooms" WHERE "rooms"."id" = 201306877 LIMIT 1
2026-10-05T12:04:02.878291851Z SQLTRACE end reader ThreadId(9) rows=1 SELECT "rooms"."id", "rooms"."name", "rooms"."type", "rooms"."creator_id", "rooms"."created_at", "rooms"."updated_at" FROM "rooms" WHERE "rooms"."id" = ? LIMIT 1
2026-10-05T12:04:02.878296893Z SQLTRACE start reader ThreadId(9) SELECT "users"."id", "users"."name", "users"."email_address", "users"."password_digest", "users"."role", "users"."status", "users"."bio", "users"."bot_token", "users"."created_at", "users"."updated_at" FROM "users" WHERE "users"."id" = 127326141 LIMIT 1
2026-10-05T12:04:02.878333435Z SQLTRACE end reader ThreadId(3) rows=1 SELECT "action_text_rich_texts"."id", "action_text_rich_texts"."name", "action_text_rich_texts"."body", "action_text_rich_texts"."record_type", "action_text_rich_texts"."record_id", "action_text_rich_texts"."created_at", "action_text_rich_texts"."updated_at" FROM "action_text_rich_texts" WHERE "action_text_rich_texts"."record_id" = ? AND "action_text_rich_texts"."record_type" = ? AND "action_text_rich_texts"."name" = ? LIMIT 1
2026-10-05T12:04:02.878434103Z SQLTRACE start reader ThreadId(3) SELECT "users"."id", "users"."name", "users"."email_address", "users"."password_digest", "users"."role", "users"."status", "users"."bio", "users"."bot_token", "users"."created_at", "users"."updated_at" FROM "users" WHERE "users"."id" = 127326141 LIMIT 1
2026-10-05T12:04:02.878503604Z SQLTRACE end reader ThreadId(3) rows=1 SELECT "users"."id", "users"."name", "users"."email_address", "users"."password_digest", "users"."role", "users"."status", "users"."bio", "users"."bot_token", "users"."created_at", "users"."updated_at" FROM "users" WHERE "users"."id" = ? LIMIT 1
2026-10-05T12:04:02.878658565Z SQLTRACE end reader ThreadId(9) rows=1 SELECT "users"."id", "users"."name", "users"."email_address", "users"."password_digest", "users"."role", "users"."status", "users"."bio", "users"."bot_token", "users"."created_at", "users"."updated_at" FROM "users" WHERE "users"."id" = ? LIMIT 1
2026-10-05T12:04:02.878695108Z SQLTRACE start reader ThreadId(9) SELECT "action_text_rich_texts"."id", "action_text_rich_texts"."name", "action_text_rich_texts"."body", "action_text_rich_texts"."record_type", "action_text_rich_texts"."record_id", "action_text_rich_texts"."created_at", "action_text_rich_texts"."updated_at" FROM "action_text_rich_texts" WHERE "action_text_rich_texts"."record_id" = 933434641 AND "action_text_rich_texts"."record_type" = 'Message' AND "action_text_rich_texts"."name" = 'body' LIMIT 1
2026-10-05T12:04:02.878702691Z SQLTRACE start reader ThreadId(3) SELECT "action_text_rich_texts"."id", "action_text_rich_texts"."name", "action_text_rich_texts"."body", "action_text_rich_texts"."record_type", "action_text_rich_texts"."record_id", "action_text_rich_texts"."created_at", "action_text_rich_texts"."updated_at" FROM "action_text_rich_texts" WHERE "action_text_rich_texts"."record_id" = 933434641 AND "action_text_rich_texts"."record_type" = 'Message' AND "action_text_rich_texts"."name" = 'body' LIMIT 1
2026-10-05T12:04:02.878726817Z SQLTRACE end reader ThreadId(3) rows=1 SELECT "action_text_rich_texts"."id", "action_text_rich_texts"."name", "action_text_rich_texts"."body", "action_text_rich_texts"."record_type", "action_text_rich_texts"."record_id", "action_text_rich_texts"."created_at", "action_text_rich_texts"."updated_at" FROM "action_text_rich_texts" WHERE "action_text_rich_texts"."record_id" = ? AND "action_text_rich_texts"."record_type" = ? AND "action_text_rich_texts"."name" = ? LIMIT 1
2026-10-05T12:04:02.878823943Z SQLTRACE end reader ThreadId(9) rows=1 SELECT "action_text_rich_texts"."id", "action_text_rich_texts"."name", "action_text_rich_texts"."body", "action_text_rich_texts"."record_type", "action_text_rich_texts"."record_id", "action_text_rich_texts"."created_at", "action_text_rich_texts"."updated_at" FROM "action_text_rich_texts" WHERE "action_text_rich_texts"."record_id" = ? AND "action_text_rich_texts"."record_type" = ? AND "action_text_rich_texts"."name" = ? LIMIT 1
2026-10-05T12:04:02.878840693Z SQLTRACE start reader ThreadId(3) SELECT b.id, b.key, b.filename, b.content_type, b.metadata, b.service_name, b.byte_size, b.checksum, b.created_at FROM active_storage_blobs b JOIN active_storage_attachments a ON a.blob_id = b.id WHERE a.record_type = 'Message' AND a.record_id = 933434641 AND a.name = 'attachment' ORDER BY a.id LIMIT 1
2026-10-05T12:04:02.879035447Z SQLTRACE start reader ThreadId(9) SELECT "push_subscriptions".* FROM "push_subscriptions" INNER JOIN "users" ON "users"."id" = "push_subscriptions"."user_id" INNER JOIN "memberships" ON "memberships"."user_id" = "users"."id" WHERE ("memberships"."connected_at" IS NULL OR "memberships"."connected_at" < '2026-10-05 12:03:02.878127') AND "memberships"."room_id" = 201306877 AND "memberships"."user_id" != 127326141 AND "memberships"."involvement" = 'everything'
2026-10-05T12:04:02.879049905Z SQLTRACE end reader ThreadId(3) rows=0 SELECT b.id, b.key, b.filename, b.content_type, b.metadata, b.service_name, b.byte_size, b.checksum, b.created_at FROM active_storage_blobs b JOIN active_storage_attachments a ON a.blob_id = b.id WHERE a.record_type = ?1 AND a.record_id = ?2 AND a.name = ?3 ORDER BY a.id LIMIT 1
2026-10-05T12:04:02.879054489Z SQLTRACE end reader ThreadId(9) rows=3 SELECT "push_subscriptions".* FROM "push_subscriptions" INNER JOIN "users" ON "users"."id" = "push_subscriptions"."user_id" INNER JOIN "memberships" ON "memberships"."user_id" = "users"."id" WHERE ("memberships"."connected_at" IS NULL OR "memberships"."connected_at" < ?) AND "memberships"."room_id" = ? AND "memberships"."user_id" != ? AND "memberships"."involvement" = 'everything'
2026-10-05T12:04:02.879072572Z SQLTRACE start reader ThreadId(9) SELECT "action_text_rich_texts"."id", "action_text_rich_texts"."name", "action_text_rich_texts"."body", "action_text_rich_texts"."record_type", "action_text_rich_texts"."record_id", "action_text_rich_texts"."created_at", "action_text_rich_texts"."updated_at" FROM "action_text_rich_texts" WHERE "action_text_rich_texts"."record_id" = 933434641 AND "action_text_rich_texts"."record_type" = 'Message' AND "action_text_rich_texts"."name" = 'body' LIMIT 1
2026-10-05T12:04:02.879226533Z SQLTRACE end reader ThreadId(9) rows=1 SELECT "action_text_rich_texts"."id", "action_text_rich_texts"."name", "action_text_rich_texts"."body", "action_text_rich_texts"."record_type", "action_text_rich_texts"."record_id", "action_text_rich_texts"."created_at", "action_text_rich_texts"."updated_at" FROM "action_text_rich_texts" WHERE "action_text_rich_texts"."record_id" = ? AND "action_text_rich_texts"."record_type" = ? AND "action_text_rich_texts"."name" = ? LIMIT 1
2026-10-05T12:04:02.879244575Z SQLTRACE start reader ThreadId(9) SELECT COUNT(*) FROM "memberships" WHERE "memberships"."user_id" = 773523953 AND "memberships"."unread_at" IS NOT NULL
2026-10-05T12:04:02.879249992Z SQLTRACE end reader ThreadId(9) rows=1 SELECT COUNT(*) FROM "memberships" WHERE "memberships"."user_id" = ? AND "memberships"."unread_at" IS NOT NULL
2026-10-05T12:04:02.879430578Z SQLTRACE start reader ThreadId(9) SELECT COUNT(*) FROM "memberships" WHERE "memberships"."user_id" = 712064548 AND "memberships"."unread_at" IS NOT NULL
2026-10-05T12:04:02.879493496Z SQLTRACE end reader ThreadId(9) rows=1 SELECT COUNT(*) FROM "memberships" WHERE "memberships"."user_id" = ? AND "memberships"."unread_at" IS NOT NULL
2026-10-05T12:04:02.879509455Z SQLTRACE start reader ThreadId(3) SELECT "boosts"."id", "boosts"."message_id", "boosts"."booster_id", "boosts"."content", "boosts"."created_at", "boosts"."updated_at" FROM "boosts" WHERE "boosts"."message_id" = 933434641 ORDER BY "boosts"."created_at" ASC
2026-10-05T12:04:02.879515497Z SQLTRACE start reader ThreadId(9) SELECT COUNT(*) FROM "memberships" WHERE "memberships"."user_id" = 149087659 AND "memberships"."unread_at" IS NOT NULL
2026-10-05T12:04:02.879519663Z SQLTRACE end reader ThreadId(9) rows=1 SELECT COUNT(*) FROM "memberships" WHERE "memberships"."user_id" = ? AND "memberships"."unread_at" IS NOT NULL
2026-10-05T12:04:02.879525913Z SQLTRACE end reader ThreadId(3) rows=0 SELECT "boosts"."id", "boosts"."message_id", "boosts"."booster_id", "boosts"."content", "boosts"."created_at", "boosts"."updated_at" FROM "boosts" WHERE "boosts"."message_id" = ? ORDER BY "boosts"."created_at" ASC
2026-10-05T12:04:02.879531455Z SQLTRACE start reader ThreadId(3) SELECT "accounts"."id", "accounts"."name", "accounts"."join_code", "accounts"."custom_styles", "accounts"."settings", "accounts"."singleton_guard", "accounts"."created_at", "accounts"."updated_at" FROM "accounts" ORDER BY "accounts"."id" ASC LIMIT 1
2026-10-05T12:04:02.881815202Z SQLTRACE end reader ThreadId(3) rows=1 SELECT "accounts"."id", "accounts"."name", "accounts"."join_code", "accounts"."custom_styles", "accounts"."settings", "accounts"."singleton_guard", "accounts"."created_at", "accounts"."updated_at" FROM "accounts" ORDER BY "accounts"."id" ASC LIMIT 1
2026-10-05T12:04:02.881862036Z SQLTRACE start reader ThreadId(3) SELECT "memberships"."id", "memberships"."room_id", "memberships"."user_id", "memberships"."involvement", "memberships"."unread_at", "memberships"."connected_at", "memberships"."connections", "memberships"."created_at", "memberships"."updated_at" FROM "memberships" WHERE "memberships"."room_id" = 201306877
2026-10-05T12:04:02.881871078Z SQLTRACE end reader ThreadId(3) rows=6 SELECT "memberships"."id", "memberships"."room_id", "memberships"."user_id", "memberships"."involvement", "memberships"."unread_at", "memberships"."connected_at", "memberships"."connections", "memberships"."created_at", "memberships"."updated_at" FROM "memberships" WHERE "memberships"."room_id" = ?
2026-10-05T12:04:02.881877703Z SQLTRACE start reader ThreadId(3) SELECT "action_text_rich_texts"."id", "action_text_rich_texts"."name", "action_text_rich_texts"."body", "action_text_rich_texts"."record_type", "action_text_rich_texts"."record_id", "action_text_rich_texts"."created_at", "action_text_rich_texts"."updated_at" FROM "action_text_rich_texts" WHERE "action_text_rich_texts"."record_id" = 933434641 AND "action_text_rich_texts"."record_type" = 'Message' AND "action_text_rich_texts"."name" = 'body' LIMIT 1
2026-10-05T12:04:02.881884745Z SQLTRACE end reader ThreadId(3) rows=1 SELECT "action_text_rich_texts"."id", "action_text_rich_texts"."name", "action_text_rich_texts"."body", "action_text_rich_texts"."record_type", "action_text_rich_texts"."record_id", "action_text_rich_texts"."created_at", "action_text_rich_texts"."updated_at" FROM "action_text_rich_texts" WHERE "action_text_rich_texts"."record_id" = ? AND "action_text_rich_texts"."record_type" = ? AND "action_text_rich_texts"."name" = ? LIMIT 1
2026-10-05T12:04:02.881892287Z SQLTRACE start reader ThreadId(3) SELECT "accounts"."id", "accounts"."name", "accounts"."join_code", "accounts"."custom_styles", "accounts"."settings", "accounts"."singleton_guard", "accounts"."created_at", "accounts"."updated_at" FROM "accounts" ORDER BY "accounts"."id" ASC LIMIT 1
2026-10-05T12:04:02.881897954Z SQLTRACE end reader ThreadId(3) rows=1 SELECT "accounts"."id", "accounts"."name", "accounts"."join_code", "accounts"."custom_styles", "accounts"."settings", "accounts"."singleton_guard", "accounts"."created_at", "accounts"."updated_at" FROM "accounts" ORDER BY "accounts"."id" ASC LIMIT 1
2026-10-05T12:04:02.881846703Z [2m2026-10-05T12:04:02.881359Z[0m [32m INFO[0m [2mthruster[0m[2m:[0m Request [3mpath[0m[2m=[0m/rooms/201306877/messages [3mstatus[0m[2m=[0m200 [3mdur[0m[2m=[0m6 [3mmethod[0m[2m=[0mPOST [3mreq_content_length[0m[2m=[0m104 [3mreq_content_type[0m[2m=[0mapplication/x-www-form-urlencoded [3mresp_content_length[0m[2m=[0m1989 [3mresp_content_type[0m[2m=[0mtext/vnd.turbo-stream.html; charset=utf-8 [3mremote_addr[0m[2m=[0m127.0.0.1:42140 [3muser_agent[0m[2m=[0m [3mcache[0m[2m=[0mbypass [3mquery[0m[2m=[0m [3mproto[0m[2m=[0m"HTTP/1.1"
2026-10-05T12:04:06.003033557Z SQLTRACE start reader ThreadId(5) SELECT 1 AS one FROM "bans" WHERE "bans"."ip_address" = '127.0.0.1' LIMIT 1
2026-10-05T12:04:06.003103225Z SQLTRACE end reader ThreadId(5) rows=0 SELECT 1 AS one FROM "bans" WHERE "bans"."ip_address" = ? LIMIT 1
2026-10-05T12:04:06.003109767Z SQLTRACE start reader ThreadId(5) SELECT "sessions"."id", "sessions"."user_id", "sessions"."token", "sessions"."ip_address", "sessions"."user_agent", "sessions"."last_active_at", "sessions"."created_at", "sessions"."updated_at" FROM "sessions" WHERE "sessions"."token" = 'vZuXbHrmde1pgqLcyxsVoq6x' LIMIT 1
2026-10-05T12:04:06.003188935Z SQLTRACE end reader ThreadId(5) rows=1 SELECT "sessions"."id", "sessions"."user_id", "sessions"."token", "sessions"."ip_address", "sessions"."user_agent", "sessions"."last_active_at", "sessions"."created_at", "sessions"."updated_at" FROM "sessions" WHERE "sessions"."token" = ? LIMIT 1
2026-10-05T12:04:06.003207935Z SQLTRACE start reader ThreadId(5) SELECT "users"."id", "users"."name", "users"."email_address", "users"."password_digest", "users"."role", "users"."status", "users"."bio", "users"."bot_token", "users"."created_at", "users"."updated_at" FROM "users" WHERE "users"."id" = 127326141 LIMIT 1
2026-10-05T12:04:06.003216311Z SQLTRACE end reader ThreadId(5) rows=1 SELECT "users"."id", "users"."name", "users"."email_address", "users"."password_digest", "users"."role", "users"."status", "users"."bio", "users"."bot_token", "users"."created_at", "users"."updated_at" FROM "users" WHERE "users"."id" = ? LIMIT 1
2026-10-05T12:04:06.003274186Z SQLTRACE start reader ThreadId(5) SELECT "memberships"."id", "memberships"."room_id", "memberships"."user_id", "memberships"."involvement", "memberships"."unread_at", "memberships"."connected_at", "memberships"."connections", "memberships"."created_at", "memberships"."updated_at" FROM "memberships" WHERE "memberships"."room_id" = 201306877 AND "memberships"."user_id" = 127326141 LIMIT 1
2026-10-05T12:04:06.003294812Z SQLTRACE end reader ThreadId(5) rows=1 SELECT "memberships"."id", "memberships"."room_id", "memberships"."user_id", "memberships"."involvement", "memberships"."unread_at", "memberships"."connected_at", "memberships"."connections", "memberships"."created_at", "memberships"."updated_at" FROM "memberships" WHERE "memberships"."room_id" = ? AND "memberships"."user_id" = ? LIMIT 1
2026-10-05T12:04:06.003303395Z SQLTRACE start reader ThreadId(5) SELECT "rooms"."id", "rooms"."name", "rooms"."type", "rooms"."creator_id", "rooms"."created_at", "rooms"."updated_at" FROM "rooms" WHERE "rooms"."id" = 201306877 LIMIT 1
2026-10-05T12:04:06.003414980Z SQLTRACE end reader ThreadId(5) rows=1 SELECT "rooms"."id", "rooms"."name", "rooms"."type", "rooms"."creator_id", "rooms"."created_at", "rooms"."updated_at" FROM "rooms" WHERE "rooms"."id" = ? LIMIT 1
2026-10-05T12:04:06.003675026Z SQLTRACE start writer ThreadId(8) BEGIN IMMEDIATE
2026-10-05T12:04:06.003695860Z SQLTRACE end writer ThreadId(8) rows=0 BEGIN IMMEDIATE
2026-10-05T12:04:06.003699944Z SQLTRACE start writer ThreadId(8) INSERT INTO "messages" ("client_message_id", "created_at", "creator_id", "room_id", "updated_at") VALUES ('18dba096a5d317804', '2026-10-05 12:04:06.003557', 127326141, 201306877, '2026-10-05 12:04:06.003557') RETURNING "id"
2026-10-05T12:04:06.003818570Z SQLTRACE end writer ThreadId(8) rows=1 INSERT INTO "messages" ("client_message_id", "created_at", "creator_id", "room_id", "updated_at") VALUES (?, ?, ?, ?, ?) RETURNING "id"
2026-10-05T12:04:06.003834446Z SQLTRACE start writer ThreadId(8) INSERT INTO "action_text_rich_texts" ("body", "created_at", "name", "record_id", "record_type", "updated_at") VALUES ('bench write 4', '2026-10-05 12:04:06.003703', 'body', 933434642, 'Message', '2026-10-05 12:04:06.003703') RETURNING "id"
2026-10-05T12:04:06.003841071Z SQLTRACE end writer ThreadId(8) rows=1 INSERT INTO "action_text_rich_texts" ("body", "created_at", "name", "record_id", "record_type", "updated_at") VALUES (?, ?, ?, ?, ?, ?) RETURNING "id"
2026-10-05T12:04:06.003874155Z SQLTRACE start writer ThreadId(8) UPDATE "messages" SET "updated_at" = '2026-10-05 12:04:06.003766' WHERE "messages"."id" = 933434642
2026-10-05T12:04:06.003881071Z SQLTRACE end writer ThreadId(8) rows=0 UPDATE "messages" SET "updated_at" = ? WHERE "messages"."id" = ?
2026-10-05T12:04:06.003884822Z SQLTRACE start writer ThreadId(8) UPDATE "rooms" SET "updated_at" = '2026-10-05 12:04:06.003815' WHERE "rooms"."id" = 201306877
2026-10-05T12:04:06.003888613Z SQLTRACE end writer ThreadId(8) rows=0 UPDATE "rooms" SET "updated_at" = ? WHERE "rooms"."id" = ?
2026-10-05T12:04:06.003926489Z SQLTRACE start writer ThreadId(8) COMMIT
2026-10-05T12:04:06.004145076Z SQLTRACE end writer ThreadId(8) rows=0 COMMIT
2026-10-05T12:04:06.004155201Z SQLTRACE start writer ThreadId(8) SELECT "action_text_rich_texts"."id", "action_text_rich_texts"."name", "action_text_rich_texts"."body", "action_text_rich_texts"."record_type", "action_text_rich_texts"."record_id", "action_text_rich_texts"."created_at", "action_text_rich_texts"."updated_at" FROM "action_text_rich_texts" WHERE "action_text_rich_texts"."record_id" = 933434642 AND "action_text_rich_texts"."record_type" = 'Message' AND "action_text_rich_texts"."name" = 'body' LIMIT 1
2026-10-05T12:04:06.004162201Z SQLTRACE end writer ThreadId(8) rows=1 SELECT "action_text_rich_texts"."id", "action_text_rich_texts"."name", "action_text_rich_texts"."body", "action_text_rich_texts"."record_type", "action_text_rich_texts"."record_id", "action_text_rich_texts"."created_at", "action_text_rich_texts"."updated_at" FROM "action_text_rich_texts" WHERE "action_text_rich_texts"."record_id" = ? AND "action_text_rich_texts"."record_type" = ? AND "action_text_rich_texts"."name" = ? LIMIT 1
2026-10-05T12:04:06.004168660Z SQLTRACE start writer ThreadId(8) insert into message_search_index(rowid, body) values (933434642, 'bench write 4')
2026-10-05T12:04:06.004172410Z SQLTRACE start writer ThreadId(8) -- PRAGMA 'main'.data_version
2026-10-05T12:04:06.004202952Z SQLTRACE end writer ThreadId(8) rows=1 PRAGMA 'main'.data_version
2026-10-05T12:04:06.004212077Z SQLTRACE start writer ThreadId(8) -- INSERT INTO 'main'.'message_search_index_content' VALUES(?1,?2)
2026-10-05T12:04:06.004215744Z SQLTRACE end writer ThreadId(8) rows=0 INSERT INTO 'main'.'message_search_index_content' VALUES(?1,?2)
2026-10-05T12:04:06.004310662Z SQLTRACE start writer ThreadId(8) -- REPLACE INTO 'main'.'message_search_index_docsize' VALUES(?,?)
2026-10-05T12:04:06.004339246Z SQLTRACE end writer ThreadId(8) rows=1 REPLACE INTO 'main'.'message_search_index_docsize' VALUES(?,?)
2026-10-05T12:04:06.004344662Z SQLTRACE start writer ThreadId(8) -- REPLACE INTO 'main'.'message_search_index_data'(id, block) VALUES(?,?)
2026-10-05T12:04:06.004349163Z SQLTRACE end writer ThreadId(8) rows=0 REPLACE INTO 'main'.'message_search_index_data'(id, block) VALUES(?,?)
2026-10-05T12:04:06.004352579Z SQLTRACE start writer ThreadId(8) -- PRAGMA 'main'.data_version
2026-10-05T12:04:06.004355829Z SQLTRACE end writer ThreadId(8) rows=1 PRAGMA 'main'.data_version
2026-10-05T12:04:06.004499498Z SQLTRACE start writer ThreadId(8) -- REPLACE INTO 'main'.'message_search_index_data'(id, block) VALUES(?,?)
2026-10-05T12:04:06.004513374Z SQLTRACE end writer ThreadId(8) rows=1 REPLACE INTO 'main'.'message_search_index_data'(id, block) VALUES(?,?)
2026-10-05T12:04:06.004517249Z SQLTRACE start writer ThreadId(8) -- INSERT INTO 'main'.'message_search_index_idx'(segid,term,pgno) VALUES(?,?,?)
2026-10-05T12:04:06.004520707Z SQLTRACE end writer ThreadId(8) rows=0 INSERT INTO 'main'.'message_search_index_idx'(segid,term,pgno) VALUES(?,?,?)
2026-10-05T12:04:06.004532791Z SQLTRACE start writer ThreadId(8) -- REPLACE INTO 'main'.'message_search_index_data'(id, block) VALUES(?,?)
2026-10-05T12:04:06.004537332Z SQLTRACE end writer ThreadId(8) rows=4 REPLACE INTO 'main'.'message_search_index_data'(id, block) VALUES(?,?)
2026-10-05T12:04:06.004540957Z SQLTRACE start writer ThreadId(8) -- INSERT INTO 'main'.'message_search_index_idx'(segid,term,pgno) VALUES(?,?,?)
2026-10-05T12:04:06.004544166Z SQLTRACE end writer ThreadId(8) rows=0 INSERT INTO 'main'.'message_search_index_idx'(segid,term,pgno) VALUES(?,?,?)
2026-10-05T12:04:06.004547457Z SQLTRACE start writer ThreadId(8) -- DELETE FROM 'main'.'message_search_index_data' WHERE id>=? AND id<=?
2026-10-05T12:04:06.004636167Z SQLTRACE end writer ThreadId(8) rows=0 DELETE FROM 'main'.'message_search_index_data' WHERE id>=? AND id<=?
2026-10-05T12:04:06.004645626Z SQLTRACE start writer ThreadId(8) -- DELETE FROM 'main'.'message_search_index_idx' WHERE segid=?
2026-10-05T12:04:06.004649126Z SQLTRACE end writer ThreadId(8) rows=0 DELETE FROM 'main'.'message_search_index_idx' WHERE segid=?
2026-10-05T12:04:06.004653543Z SQLTRACE start writer ThreadId(8) -- DELETE FROM 'main'.'message_search_index_data' WHERE id>=? AND id<=?
2026-10-05T12:04:06.004657001Z SQLTRACE end writer ThreadId(8) rows=0 DELETE FROM 'main'.'message_search_index_data' WHERE id>=? AND id<=?
2026-10-05T12:04:06.004660334Z SQLTRACE start writer ThreadId(8) -- DELETE FROM 'main'.'message_search_index_idx' WHERE segid=?
2026-10-05T12:04:06.004663543Z SQLTRACE end writer ThreadId(8) rows=0 DELETE FROM 'main'.'message_search_index_idx' WHERE segid=?
2026-10-05T12:04:06.004703210Z SQLTRACE start writer ThreadId(8) -- DELETE FROM 'main'.'message_search_index_data' WHERE id>=? AND id<=?
2026-10-05T12:04:06.004712794Z SQLTRACE end writer ThreadId(8) rows=0 DELETE FROM 'main'.'message_search_index_data' WHERE id>=? AND id<=?
2026-10-05T12:04:06.004730127Z SQLTRACE start writer ThreadId(8) -- DELETE FROM 'main'.'message_search_index_idx' WHERE segid=?
2026-10-05T12:04:06.004818462Z SQLTRACE end writer ThreadId(8) rows=0 DELETE FROM 'main'.'message_search_index_idx' WHERE segid=?
2026-10-05T12:04:06.004826920Z SQLTRACE start writer ThreadId(8) -- DELETE FROM 'main'.'message_search_index_data' WHERE id>=? AND id<=?
2026-10-05T12:04:06.004830629Z SQLTRACE end writer ThreadId(8) rows=0 DELETE FROM 'main'.'message_search_index_data' WHERE id>=? AND id<=?
2026-10-05T12:04:06.004834296Z SQLTRACE start writer ThreadId(8) -- DELETE FROM 'main'.'message_search_index_idx' WHERE segid=?
2026-10-05T12:04:06.004837462Z SQLTRACE end writer ThreadId(8) rows=0 DELETE FROM 'main'.'message_search_index_idx' WHERE segid=?
2026-10-05T12:04:06.004840546Z SQLTRACE start writer ThreadId(8) -- REPLACE INTO 'main'.'message_search_index_data'(id, block) VALUES(?,?)
2026-10-05T12:04:06.004843796Z SQLTRACE end writer ThreadId(8) rows=0 REPLACE INTO 'main'.'message_search_index_data'(id, block) VALUES(?,?)
2026-10-05T12:04:06.004999590Z SQLTRACE end writer ThreadId(8) rows=0 insert into message_search_index(rowid, body) values (?, ?)
2026-10-05T12:04:06.005008757Z SQLTRACE start writer ThreadId(8) UPDATE "memberships" SET "unread_at" = '2026-10-05 12:04:06.003557', "updated_at" = '2026-10-05 12:04:06.004875' WHERE "memberships"."room_id" = 201306877 AND "memberships"."involvement" != 'invisible' AND ("memberships"."connected_at" IS NULL OR "memberships"."connected_at" < '2026-10-05 12:03:06.004875') AND "memberships"."user_id" != 127326141
2026-10-05T12:04:06.005015174Z SQLTRACE end writer ThreadId(8) rows=0 UPDATE "memberships" SET "unread_at" = ?, "updated_at" = ? WHERE "memberships"."room_id" = ? AND "memberships"."involvement" != ? AND ("memberships"."connected_at" IS NULL OR "memberships"."connected_at" < ?) AND "memberships"."user_id" != ?
2026-10-05T12:04:06.005283220Z SQLTRACE start reader ThreadId(10) SELECT "messages"."id", "messages"."room_id", "messages"."creator_id", "messages"."client_message_id", "messages"."created_at", "messages"."updated_at" FROM "messages" WHERE "messages"."id" = 933434642 LIMIT 1
2026-10-05T12:04:06.005294303Z SQLTRACE start reader ThreadId(5) SELECT "rooms"."id", "rooms"."name", "rooms"."type", "rooms"."creator_id", "rooms"."created_at", "rooms"."updated_at" FROM "rooms" WHERE "rooms"."id" = 201306877 LIMIT 1
2026-10-05T12:04:06.005419972Z SQLTRACE end reader ThreadId(5) rows=1 SELECT "rooms"."id", "rooms"."name", "rooms"."type", "rooms"."creator_id", "rooms"."created_at", "rooms"."updated_at" FROM "rooms" WHERE "rooms"."id" = ? LIMIT 1
2026-10-05T12:04:06.005430139Z SQLTRACE end reader ThreadId(10) rows=1 SELECT "messages"."id", "messages"."room_id", "messages"."creator_id", "messages"."client_message_id", "messages"."created_at", "messages"."updated_at" FROM "messages" WHERE "messages"."id" = ? LIMIT 1
2026-10-05T12:04:06.005435472Z SQLTRACE start reader ThreadId(5) SELECT "action_text_rich_texts"."id", "action_text_rich_texts"."name", "action_text_rich_texts"."body", "action_text_rich_texts"."record_type", "action_text_rich_texts"."record_id", "action_text_rich_texts"."created_at", "action_text_rich_texts"."updated_at" FROM "action_text_rich_texts" WHERE "action_text_rich_texts"."record_id" = 933434642 AND "action_text_rich_texts"."record_type" = 'Message' AND "action_text_rich_texts"."name" = 'body' LIMIT 1
2026-10-05T12:04:06.005488348Z SQLTRACE start reader ThreadId(10) SELECT "rooms"."id", "rooms"."name", "rooms"."type", "rooms"."creator_id", "rooms"."created_at", "rooms"."updated_at" FROM "rooms" WHERE "rooms"."id" = 201306877 LIMIT 1
2026-10-05T12:04:06.005500015Z SQLTRACE end reader ThreadId(10) rows=1 SELECT "rooms"."id", "rooms"."name", "rooms"."type", "rooms"."creator_id", "rooms"."created_at", "rooms"."updated_at" FROM "rooms" WHERE "rooms"."id" = ? LIMIT 1
2026-10-05T12:04:06.005506182Z SQLTRACE end reader ThreadId(5) rows=1 SELECT "action_text_rich_texts"."id", "action_text_rich_texts"."name", "action_text_rich_texts"."body", "action_text_rich_texts"."record_type", "action_text_rich_texts"."record_id", "action_text_rich_texts"."created_at", "action_text_rich_texts"."updated_at" FROM "action_text_rich_texts" WHERE "action_text_rich_texts"."record_id" = ? AND "action_text_rich_texts"."record_type" = ? AND "action_text_rich_texts"."name" = ? LIMIT 1
2026-10-05T12:04:06.005644267Z SQLTRACE start reader ThreadId(10) SELECT "users"."id", "users"."name", "users"."email_address", "users"."password_digest", "users"."role", "users"."status", "users"."bio", "users"."bot_token", "users"."created_at", "users"."updated_at" FROM "users" WHERE "users"."id" = 127326141 LIMIT 1
2026-10-05T12:04:06.005658101Z SQLTRACE start reader ThreadId(5) SELECT "users"."id", "users"."name", "users"."email_address", "users"."password_digest", "users"."role", "users"."status", "users"."bio", "users"."bot_token", "users"."created_at", "users"."updated_at" FROM "users" WHERE "users"."id" = 127326141 LIMIT 1
2026-10-05T12:04:06.005664268Z SQLTRACE end reader ThreadId(10) rows=1 SELECT "users"."id", "users"."name", "users"."email_address", "users"."password_digest", "users"."role", "users"."status", "users"."bio", "users"."bot_token", "users"."created_at", "users"."updated_at" FROM "users" WHERE "users"."id" = ? LIMIT 1
2026-10-05T12:04:06.005670309Z SQLTRACE start reader ThreadId(10) SELECT "action_text_rich_texts"."id", "action_text_rich_texts"."name", "action_text_rich_texts"."body", "action_text_rich_texts"."record_type", "action_text_rich_texts"."record_id", "action_text_rich_texts"."created_at", "action_text_rich_texts"."updated_at" FROM "action_text_rich_texts" WHERE "action_text_rich_texts"."record_id" = 933434642 AND "action_text_rich_texts"."record_type" = 'Message' AND "action_text_rich_texts"."name" = 'body' LIMIT 1
2026-10-05T12:04:06.005756602Z SQLTRACE end reader ThreadId(5) rows=1 SELECT "users"."id", "users"."name", "users"."email_address", "users"."password_digest", "users"."role", "users"."status", "users"."bio", "users"."bot_token", "users"."created_at", "users"."updated_at" FROM "users" WHERE "users"."id" = ? LIMIT 1
2026-10-05T12:04:06.005872479Z SQLTRACE end reader ThreadId(10) rows=1 SELECT "action_text_rich_texts"."id", "action_text_rich_texts"."name", "action_text_rich_texts"."body", "action_text_rich_texts"."record_type", "action_text_rich_texts"."record_id", "action_text_rich_texts"."created_at", "action_text_rich_texts"."updated_at" FROM "action_text_rich_texts" WHERE "action_text_rich_texts"."record_id" = ? AND "action_text_rich_texts"."record_type" = ? AND "action_text_rich_texts"."name" = ? LIMIT 1
2026-10-05T12:04:06.005895480Z SQLTRACE start reader ThreadId(5) SELECT "action_text_rich_texts"."id", "action_text_rich_texts"."name", "action_text_rich_texts"."body", "action_text_rich_texts"."record_type", "action_text_rich_texts"."record_id", "action_text_rich_texts"."created_at", "action_text_rich_texts"."updated_at" FROM "action_text_rich_texts" WHERE "action_text_rich_texts"."record_id" = 933434642 AND "action_text_rich_texts"."record_type" = 'Message' AND "action_text_rich_texts"."name" = 'body' LIMIT 1
2026-10-05T12:04:06.006000023Z SQLTRACE end reader ThreadId(5) rows=1 SELECT "action_text_rich_texts"."id", "action_text_rich_texts"."name", "action_text_rich_texts"."body", "action_text_rich_texts"."record_type", "action_text_rich_texts"."record_id", "action_text_rich_texts"."created_at", "action_text_rich_texts"."updated_at" FROM "action_text_rich_texts" WHERE "action_text_rich_texts"."record_id" = ? AND "action_text_rich_texts"."record_type" = ? AND "action_text_rich_texts"."name" = ? LIMIT 1
2026-10-05T12:04:06.006012565Z SQLTRACE start reader ThreadId(10) SELECT "push_subscriptions".* FROM "push_subscriptions" INNER JOIN "users" ON "users"."id" = "push_subscriptions"."user_id" INNER JOIN "memberships" ON "memberships"."user_id" = "users"."id" WHERE ("memberships"."connected_at" IS NULL OR "memberships"."connected_at" < '2026-10-05 12:03:06.005328') AND "memberships"."room_id" = 201306877 AND "memberships"."user_id" != 127326141 AND "memberships"."involvement" = 'everything'
2026-10-05T12:04:06.006195651Z SQLTRACE start reader ThreadId(5) SELECT b.id, b.key, b.filename, b.content_type, b.metadata, b.service_name, b.byte_size, b.checksum, b.created_at FROM active_storage_blobs b JOIN active_storage_attachments a ON a.blob_id = b.id WHERE a.record_type = 'Message' AND a.record_id = 933434642 AND a.name = 'attachment' ORDER BY a.id LIMIT 1
2026-10-05T12:04:06.006206193Z SQLTRACE end reader ThreadId(10) rows=3 SELECT "push_subscriptions".* FROM "push_subscriptions" INNER JOIN "users" ON "users"."id" = "push_subscriptions"."user_id" INNER JOIN "memberships" ON "memberships"."user_id" = "users"."id" WHERE ("memberships"."connected_at" IS NULL OR "memberships"."connected_at" < ?) AND "memberships"."room_id" = ? AND "memberships"."user_id" != ? AND "memberships"."involvement" = 'everything'
2026-10-05T12:04:06.006214443Z SQLTRACE start reader ThreadId(10) SELECT "action_text_rich_texts"."id", "action_text_rich_texts"."name", "action_text_rich_texts"."body", "action_text_rich_texts"."record_type", "action_text_rich_texts"."record_id", "action_text_rich_texts"."created_at", "action_text_rich_texts"."updated_at" FROM "action_text_rich_texts" WHERE "action_text_rich_texts"."record_id" = 933434642 AND "action_text_rich_texts"."record_type" = 'Message' AND "action_text_rich_texts"."name" = 'body' LIMIT 1
2026-10-05T12:04:06.006220860Z SQLTRACE end reader ThreadId(10) rows=1 SELECT "action_text_rich_texts"."id", "action_text_rich_texts"."name", "action_text_rich_texts"."body", "action_text_rich_texts"."record_type", "action_text_rich_texts"."record_id", "action_text_rich_texts"."created_at", "action_text_rich_texts"."updated_at" FROM "action_text_rich_texts" WHERE "action_text_rich_texts"."record_id" = ? AND "action_text_rich_texts"."record_type" = ? AND "action_text_rich_texts"."name" = ? LIMIT 1
2026-10-05T12:04:06.006227069Z SQLTRACE end reader ThreadId(5) rows=0 SELECT b.id, b.key, b.filename, b.content_type, b.metadata, b.service_name, b.byte_size, b.checksum, b.created_at FROM active_storage_blobs b JOIN active_storage_attachments a ON a.blob_id = b.id WHERE a.record_type = ?1 AND a.record_id = ?2 AND a.name = ?3 ORDER BY a.id LIMIT 1
2026-10-05T12:04:06.006248319Z SQLTRACE start reader ThreadId(10) SELECT COUNT(*) FROM "memberships" WHERE "memberships"."user_id" = 773523953 AND "memberships"."unread_at" IS NOT NULL
2026-10-05T12:04:06.006374529Z SQLTRACE end reader ThreadId(10) rows=1 SELECT COUNT(*) FROM "memberships" WHERE "memberships"."user_id" = ? AND "memberships"."unread_at" IS NOT NULL
2026-10-05T12:04:06.006390530Z SQLTRACE start reader ThreadId(5) SELECT "boosts"."id", "boosts"."message_id", "boosts"."booster_id", "boosts"."content", "boosts"."created_at", "boosts"."updated_at" FROM "boosts" WHERE "boosts"."message_id" = 933434642 ORDER BY "boosts"."created_at" ASC
2026-10-05T12:04:06.006397238Z SQLTRACE start reader ThreadId(10) SELECT COUNT(*) FROM "memberships" WHERE "memberships"."user_id" = 712064548 AND "memberships"."unread_at" IS NOT NULL
2026-10-05T12:04:06.006401655Z SQLTRACE end reader ThreadId(10) rows=1 SELECT COUNT(*) FROM "memberships" WHERE "memberships"."user_id" = ? AND "memberships"."unread_at" IS NOT NULL
2026-10-05T12:04:06.006405822Z SQLTRACE end reader ThreadId(5) rows=0 SELECT "boosts"."id", "boosts"."message_id", "boosts"."booster_id", "boosts"."content", "boosts"."created_at", "boosts"."updated_at" FROM "boosts" WHERE "boosts"."message_id" = ? ORDER BY "boosts"."created_at" ASC
2026-10-05T12:04:06.006410988Z SQLTRACE start reader ThreadId(10) SELECT COUNT(*) FROM "memberships" WHERE "memberships"."user_id" = 149087659 AND "memberships"."unread_at" IS NOT NULL
2026-10-05T12:04:06.006414905Z SQLTRACE start reader ThreadId(5) SELECT "accounts"."id", "accounts"."name", "accounts"."join_code", "accounts"."custom_styles", "accounts"."settings", "accounts"."singleton_guard", "accounts"."created_at", "accounts"."updated_at" FROM "accounts" ORDER BY "accounts"."id" ASC LIMIT 1
2026-10-05T12:04:06.006426947Z SQLTRACE end reader ThreadId(10) rows=1 SELECT COUNT(*) FROM "memberships" WHERE "memberships"."user_id" = ? AND "memberships"."unread_at" IS NOT NULL
2026-10-05T12:04:06.006485531Z SQLTRACE end reader ThreadId(5) rows=1 SELECT "accounts"."id", "accounts"."name", "accounts"."join_code", "accounts"."custom_styles", "accounts"."settings", "accounts"."singleton_guard", "accounts"."created_at", "accounts"."updated_at" FROM "accounts" ORDER BY "accounts"."id" ASC LIMIT 1
2026-10-05T12:04:06.006835912Z SQLTRACE start reader ThreadId(5) SELECT "memberships"."id", "memberships"."room_id", "memberships"."user_id", "memberships"."involvement", "memberships"."unread_at", "memberships"."connected_at", "memberships"."connections", "memberships"."created_at", "memberships"."updated_at" FROM "memberships" WHERE "memberships"."room_id" = 201306877
2026-10-05T12:04:06.006848329Z SQLTRACE end reader ThreadId(5) rows=6 SELECT "memberships"."id", "memberships"."room_id", "memberships"."user_id", "memberships"."involvement", "memberships"."unread_at", "memberships"."connected_at", "memberships"."connections", "memberships"."created_at", "memberships"."updated_at" FROM "memberships" WHERE "memberships"."room_id" = ?
2026-10-05T12:04:06.007017373Z SQLTRACE start reader ThreadId(5) SELECT "action_text_rich_texts"."id", "action_text_rich_texts"."name", "action_text_rich_texts"."body", "action_text_rich_texts"."record_type", "action_text_rich_texts"."record_id", "action_text_rich_texts"."created_at", "action_text_rich_texts"."updated_at" FROM "action_text_rich_texts" WHERE "action_text_rich_texts"."record_id" = 933434642 AND "action_text_rich_texts"."record_type" = 'Message' AND "action_text_rich_texts"."name" = 'body' LIMIT 1
2026-10-05T12:04:06.007030957Z SQLTRACE end reader ThreadId(5) rows=1 SELECT "action_text_rich_texts"."id", "action_text_rich_texts"."name", "action_text_rich_texts"."body", "action_text_rich_texts"."record_type", "action_text_rich_texts"."record_id", "action_text_rich_texts"."created_at", "action_text_rich_texts"."updated_at" FROM "action_text_rich_texts" WHERE "action_text_rich_texts"."record_id" = ? AND "action_text_rich_texts"."record_type" = ? AND "action_text_rich_texts"."name" = ? LIMIT 1
2026-10-05T12:04:06.007046457Z SQLTRACE start reader ThreadId(5) SELECT "accounts"."id", "accounts"."name", "accounts"."join_code", "accounts"."custom_styles", "accounts"."settings", "accounts"."singleton_guard", "accounts"."created_at", "accounts"."updated_at" FROM "accounts" ORDER BY "accounts"."id" ASC LIMIT 1
2026-10-05T12:04:06.007053624Z SQLTRACE end reader ThreadId(5) rows=1 SELECT "accounts"."id", "accounts"."name", "accounts"."join_code", "accounts"."custom_styles", "accounts"."settings", "accounts"."singleton_guard", "accounts"."created_at", "accounts"."updated_at" FROM "accounts" ORDER BY "accounts"."id" ASC LIMIT 1
2026-10-05T12:04:06.007778969Z [2m2026-10-05T12:04:06.007556Z[0m [32m INFO[0m [2mthruster[0m[2m:[0m Request [3mpath[0m[2m=[0m/rooms/201306877/messages [3mstatus[0m[2m=[0m200 [3mdur[0m[2m=[0m5 [3mmethod[0m[2m=[0mPOST [3mreq_content_length[0m[2m=[0m104 [3mreq_content_type[0m[2m=[0mapplication/x-www-form-urlencoded [3mresp_content_length[0m[2m=[0m1989 [3mresp_content_type[0m[2m=[0mtext/vnd.turbo-stream.html; charset=utf-8 [3mremote_addr[0m[2m=[0m127.0.0.1:42170 [3muser_agent[0m[2m=[0m [3mcache[0m[2m=[0mbypass [3mquery[0m[2m=[0m [3mproto[0m[2m=[0m"HTTP/1.1"
2026-10-05T12:04:09.129993839Z SQLTRACE start reader ThreadId(3) SELECT 1 AS one FROM "bans" WHERE "bans"."ip_address" = '127.0.0.1' LIMIT 1
2026-10-05T12:04:09.130065007Z SQLTRACE end reader ThreadId(3) rows=0 SELECT 1 AS one FROM "bans" WHERE "bans"."ip_address" = ? LIMIT 1
2026-10-05T12:04:09.130075007Z SQLTRACE start reader ThreadId(3) SELECT "sessions"."id", "sessions"."user_id", "sessions"."token", "sessions"."ip_address", "sessions"."user_agent", "sessions"."last_active_at", "sessions"."created_at", "sessions"."updated_at" FROM "sessions" WHERE "sessions"."token" = 'vZuXbHrmde1pgqLcyxsVoq6x' LIMIT 1
2026-10-05T12:04:09.130087340Z SQLTRACE end reader ThreadId(3) rows=1 SELECT "sessions"."id", "sessions"."user_id", "sessions"."token", "sessions"."ip_address", "sessions"."user_agent", "sessions"."last_active_at", "sessions"."created_at", "sessions"."updated_at" FROM "sessions" WHERE "sessions"."token" = ? LIMIT 1
2026-10-05T12:04:09.130164092Z SQLTRACE start reader ThreadId(3) SELECT "users"."id", "users"."name", "users"."email_address", "users"."password_digest", "users"."role", "users"."status", "users"."bio", "users"."bot_token", "users"."created_at", "users"."updated_at" FROM "users" WHERE "users"."id" = 127326141 LIMIT 1
2026-10-05T12:04:09.130181717Z SQLTRACE end reader ThreadId(3) rows=1 SELECT "users"."id", "users"."name", "users"."email_address", "users"."password_digest", "users"."role", "users"."status", "users"."bio", "users"."bot_token", "users"."created_at", "users"."updated_at" FROM "users" WHERE "users"."id" = ? LIMIT 1
2026-10-05T12:04:09.130296677Z SQLTRACE start reader ThreadId(3) SELECT "memberships"."id", "memberships"."room_id", "memberships"."user_id", "memberships"."involvement", "memberships"."unread_at", "memberships"."connected_at", "memberships"."connections", "memberships"."created_at", "memberships"."updated_at" FROM "memberships" WHERE "memberships"."room_id" = 201306877 AND "memberships"."user_id" = 127326141 LIMIT 1
2026-10-05T12:04:09.130310927Z SQLTRACE end reader ThreadId(3) rows=1 SELECT "memberships"."id", "memberships"."room_id", "memberships"."user_id", "memberships"."involvement", "memberships"."unread_at", "memberships"."connected_at", "memberships"."connections", "memberships"."created_at", "memberships"."updated_at" FROM "memberships" WHERE "memberships"."room_id" = ? AND "memberships"."user_id" = ? LIMIT 1
2026-10-05T12:04:09.130317302Z SQLTRACE start reader ThreadId(3) SELECT "rooms"."id", "rooms"."name", "rooms"."type", "rooms"."creator_id", "rooms"."created_at", "rooms"."updated_at" FROM "rooms" WHERE "rooms"."id" = 201306877 LIMIT 1
2026-10-05T12:04:09.130322219Z SQLTRACE end reader ThreadId(3) rows=1 SELECT "rooms"."id", "rooms"."name", "rooms"."type", "rooms"."creator_id", "rooms"."created_at", "rooms"."updated_at" FROM "rooms" WHERE "rooms"."id" = ? LIMIT 1
2026-10-05T12:04:09.130663266Z SQLTRACE start writer ThreadId(8) BEGIN IMMEDIATE
2026-10-05T12:04:09.130687267Z SQLTRACE end writer ThreadId(8) rows=0 BEGIN IMMEDIATE
2026-10-05T12:04:09.130691350Z SQLTRACE start writer ThreadId(8) INSERT INTO "messages" ("client_message_id", "created_at", "creator_id", "room_id", "updated_at") VALUES ('18dba097604f471b5', '2026-10-05 12:04:09.130551', 127326141, 201306877, '2026-10-05 12:04:09.130551') RETURNING "id"
2026-10-05T12:04:09.130832477Z SQLTRACE end writer ThreadId(8) rows=1 INSERT INTO "messages" ("client_message_id", "created_at", "creator_id", "room_id", "updated_at") VALUES (?, ?, ?, ?, ?) RETURNING "id"
2026-10-05T12:04:09.130847894Z SQLTRACE start writer ThreadId(8) INSERT INTO "action_text_rich_texts" ("body", "created_at", "name", "record_id", "record_type", "updated_at") VALUES ('bench write 5', '2026-10-05 12:04:09.130696', 'body', 933434643, 'Message', '2026-10-05 12:04:09.130696') RETURNING "id"
2026-10-05T12:04:09.130854936Z SQLTRACE end writer ThreadId(8) rows=1 INSERT INTO "action_text_rich_texts" ("body", "created_at", "name", "record_id", "record_type", "updated_at") VALUES (?, ?, ?, ?, ?, ?) RETURNING "id"
2026-10-05T12:04:09.130859728Z SQLTRACE start writer ThreadId(8) UPDATE "messages" SET "updated_at" = '2026-10-05 12:04:09.130756' WHERE "messages"."id" = 933434643
2026-10-05T12:04:09.130887687Z SQLTRACE end writer ThreadId(8) rows=0 UPDATE "messages" SET "updated_at" = ? WHERE "messages"."id" = ?
2026-10-05T12:04:09.130892187Z SQLTRACE start writer ThreadId(8) UPDATE "rooms" SET "updated_at" = '2026-10-05 12:04:09.130793' WHERE "rooms"."id" = 201306877
2026-10-05T12:04:09.130896020Z SQLTRACE end writer ThreadId(8) rows=0 UPDATE "rooms" SET "updated_at" = ? WHERE "rooms"."id" = ?
2026-10-05T12:04:09.130913395Z SQLTRACE start writer ThreadId(8) COMMIT
2026-10-05T12:04:09.131154691Z SQLTRACE end writer ThreadId(8) rows=0 COMMIT
2026-10-05T12:04:09.131165108Z SQLTRACE start writer ThreadId(8) SELECT "action_text_rich_texts"."id", "action_text_rich_texts"."name", "action_text_rich_texts"."body", "action_text_rich_texts"."record_type", "action_text_rich_texts"."record_id", "action_text_rich_texts"."created_at", "action_text_rich_texts"."updated_at" FROM "action_text_rich_texts" WHERE "action_text_rich_texts"."record_id" = 933434643 AND "action_text_rich_texts"."record_type" = 'Message' AND "action_text_rich_texts"."name" = 'body' LIMIT 1
2026-10-05T12:04:09.131172775Z SQLTRACE end writer ThreadId(8) rows=1 SELECT "action_text_rich_texts"."id", "action_text_rich_texts"."name", "action_text_rich_texts"."body", "action_text_rich_texts"."record_type", "action_text_rich_texts"."record_id", "action_text_rich_texts"."created_at", "action_text_rich_texts"."updated_at" FROM "action_text_rich_texts" WHERE "action_text_rich_texts"."record_id" = ? AND "action_text_rich_texts"."record_type" = ? AND "action_text_rich_texts"."name" = ? LIMIT 1
2026-10-05T12:04:09.131179650Z SQLTRACE start writer ThreadId(8) insert into message_search_index(rowid, body) values (933434643, 'bench write 5')
2026-10-05T12:04:09.131183150Z SQLTRACE start writer ThreadId(8) -- PRAGMA 'main'.data_version
2026-10-05T12:04:09.131186316Z SQLTRACE end writer ThreadId(8) rows=1 PRAGMA 'main'.data_version
2026-10-05T12:04:09.131196817Z SQLTRACE start writer ThreadId(8) -- INSERT INTO 'main'.'message_search_index_content' VALUES(?1,?2)
2026-10-05T12:04:09.131200983Z SQLTRACE end writer ThreadId(8) rows=0 INSERT INTO 'main'.'message_search_index_content' VALUES(?1,?2)
2026-10-05T12:04:09.131348361Z SQLTRACE start writer ThreadId(8) -- REPLACE INTO 'main'.'message_search_index_docsize' VALUES(?,?)
2026-10-05T12:04:09.131358153Z SQLTRACE end writer ThreadId(8) rows=1 REPLACE INTO 'main'.'message_search_index_docsize' VALUES(?,?)
2026-10-05T12:04:09.131361569Z SQLTRACE start writer ThreadId(8) -- REPLACE INTO 'main'.'message_search_index_data'(id, block) VALUES(?,?)
2026-10-05T12:04:09.131365153Z SQLTRACE end writer ThreadId(8) rows=0 REPLACE INTO 'main'.'message_search_index_data'(id, block) VALUES(?,?)
2026-10-05T12:04:09.131368528Z SQLTRACE start writer ThreadId(8) -- PRAGMA 'main'.data_version
2026-10-05T12:04:09.131371611Z SQLTRACE end writer ThreadId(8) rows=1 PRAGMA 'main'.data_version
2026-10-05T12:04:09.131382820Z SQLTRACE start writer ThreadId(8) -- REPLACE INTO 'main'.'message_search_index_data'(id, block) VALUES(?,?)
2026-10-05T12:04:09.131387070Z SQLTRACE end writer ThreadId(8) rows=1 REPLACE INTO 'main'.'message_search_index_data'(id, block) VALUES(?,?)
2026-10-05T12:04:09.131401403Z SQLTRACE start writer ThreadId(8) -- INSERT INTO 'main'.'message_search_index_idx'(segid,term,pgno) VALUES(?,?,?)
2026-10-05T12:04:09.131405237Z SQLTRACE end writer ThreadId(8) rows=0 INSERT INTO 'main'.'message_search_index_idx'(segid,term,pgno) VALUES(?,?,?)
2026-10-05T12:04:09.131502363Z SQLTRACE start writer ThreadId(8) -- REPLACE INTO 'main'.'message_search_index_data'(id, block) VALUES(?,?)
2026-10-05T12:04:09.131517822Z SQLTRACE end writer ThreadId(8) rows=0 REPLACE INTO 'main'.'message_search_index_data'(id, block) VALUES(?,?)
2026-10-05T12:04:09.132171582Z SQLTRACE end writer ThreadId(8) rows=0 insert into message_search_index(rowid, body) values (?, ?)
2026-10-05T12:04:09.132181958Z SQLTRACE start writer ThreadId(8) UPDATE "memberships" SET "unread_at" = '2026-10-05 12:04:09.130551', "updated_at" = '2026-10-05 12:04:09.132033' WHERE "memberships"."room_id" = 201306877 AND "memberships"."involvement" != 'invisible' AND ("memberships"."connected_at" IS NULL OR "memberships"."connected_at" < '2026-10-05 12:03:09.132033') AND "memberships"."user_id" != 127326141
2026-10-05T12:04:09.132287834Z SQLTRACE end writer ThreadId(8) rows=0 UPDATE "memberships" SET "unread_at" = ?, "updated_at" = ? WHERE "memberships"."room_id" = ? AND "memberships"."involvement" != ? AND ("memberships"."connected_at" IS NULL OR "memberships"."connected_at" < ?) AND "memberships"."user_id" != ?
2026-10-05T12:04:09.132590506Z SQLTRACE start reader ThreadId(12) SELECT "messages"."id", "messages"."room_id", "messages"."creator_id", "messages"."client_message_id", "messages"."created_at", "messages"."updated_at" FROM "messages" WHERE "messages"."id" = 933434643 LIMIT 1
2026-10-05T12:04:09.132608298Z SQLTRACE start reader ThreadId(11) SELECT "rooms"."id", "rooms"."name", "rooms"."type", "rooms"."creator_id", "rooms"."created_at", "rooms"."updated_at" FROM "rooms" WHERE "rooms"."id" = 201306877 LIMIT 1
2026-10-05T12:04:09.132734508Z SQLTRACE end reader ThreadId(11) rows=1 SELECT "rooms"."id", "rooms"."name", "rooms"."type", "rooms"."creator_id", "rooms"."created_at", "rooms"."updated_at" FROM "rooms" WHERE "rooms"."id" = ? LIMIT 1
2026-10-05T12:04:09.132743592Z SQLTRACE end reader ThreadId(12) rows=1 SELECT "messages"."id", "messages"."room_id", "messages"."creator_id", "messages"."client_message_id", "messages"."created_at", "messages"."updated_at" FROM "messages" WHERE "messages"."id" = ? LIMIT 1
2026-10-05T12:04:09.132887552Z SQLTRACE start reader ThreadId(12) SELECT "rooms"."id", "rooms"."name", "rooms"."type", "rooms"."creator_id", "rooms"."created_at", "rooms"."updated_at" FROM "rooms" WHERE "rooms"."id" = 201306877 LIMIT 1
2026-10-05T12:04:09.132897761Z SQLTRACE start reader ThreadId(11) SELECT "action_text_rich_texts"."id", "action_text_rich_texts"."name", "action_text_rich_texts"."body", "action_text_rich_texts"."record_type", "action_text_rich_texts"."record_id", "action_text_rich_texts"."created_at", "action_text_rich_texts"."updated_at" FROM "action_text_rich_texts" WHERE "action_text_rich_texts"."record_id" = 933434643 AND "action_text_rich_texts"."record_type" = 'Message' AND "action_text_rich_texts"."name" = 'body' LIMIT 1
2026-10-05T12:04:09.133012804Z SQLTRACE end reader ThreadId(11) rows=1 SELECT "action_text_rich_texts"."id", "action_text_rich_texts"."name", "action_text_rich_texts"."body", "action_text_rich_texts"."record_type", "action_text_rich_texts"."record_id", "action_text_rich_texts"."created_at", "action_text_rich_texts"."updated_at" FROM "action_text_rich_texts" WHERE "action_text_rich_texts"."record_id" = ? AND "action_text_rich_texts"."record_type" = ? AND "action_text_rich_texts"."name" = ? LIMIT 1
2026-10-05T12:04:09.133056763Z SQLTRACE end reader ThreadId(12) rows=1 SELECT "rooms"."id", "rooms"."name", "rooms"."type", "rooms"."creator_id", "rooms"."created_at", "rooms"."updated_at" FROM "rooms" WHERE "rooms"."id" = ? LIMIT 1
2026-10-05T12:04:09.133144557Z SQLTRACE start reader ThreadId(11) SELECT "users"."id", "users"."name", "users"."email_address", "users"."password_digest", "users"."role", "users"."status", "users"."bio", "users"."bot_token", "users"."created_at", "users"."updated_at" FROM "users" WHERE "users"."id" = 127326141 LIMIT 1
2026-10-05T12:04:09.133157348Z SQLTRACE end reader ThreadId(11) rows=1 SELECT "users"."id", "users"."name", "users"."email_address", "users"."password_digest", "users"."role", "users"."status", "users"."bio", "users"."bot_token", "users"."created_at", "users"."updated_at" FROM "users" WHERE "users"."id" = ? LIMIT 1
2026-10-05T12:04:09.133264975Z SQLTRACE start reader ThreadId(12) SELECT "users"."id", "users"."name", "users"."email_address", "users"."password_digest", "users"."role", "users"."status", "users"."bio", "users"."bot_token", "users"."created_at", "users"."updated_at" FROM "users" WHERE "users"."id" = 127326141 LIMIT 1
2026-10-05T12:04:09.133276017Z SQLTRACE end reader ThreadId(12) rows=1 SELECT "users"."id", "users"."name", "users"."email_address", "users"."password_digest", "users"."role", "users"."status", "users"."bio", "users"."bot_token", "users"."created_at", "users"."updated_at" FROM "users" WHERE "users"."id" = ? LIMIT 1
2026-10-05T12:04:09.133289434Z SQLTRACE start reader ThreadId(12) SELECT "action_text_rich_texts"."id", "action_text_rich_texts"."name", "action_text_rich_texts"."body", "action_text_rich_texts"."record_type", "action_text_rich_texts"."record_id", "action_text_rich_texts"."created_at", "action_text_rich_texts"."updated_at" FROM "action_text_rich_texts" WHERE "action_text_rich_texts"."record_id" = 933434643 AND "action_text_rich_texts"."record_type" = 'Message' AND "action_text_rich_texts"."name" = 'body' LIMIT 1
2026-10-05T12:04:09.133405977Z SQLTRACE end reader ThreadId(12) rows=1 SELECT "action_text_rich_texts"."id", "action_text_rich_texts"."name", "action_text_rich_texts"."body", "action_text_rich_texts"."record_type", "action_text_rich_texts"."record_id", "action_text_rich_texts"."created_at", "action_text_rich_texts"."updated_at" FROM "action_text_rich_texts" WHERE "action_text_rich_texts"."record_id" = ? AND "action_text_rich_texts"."record_type" = ? AND "action_text_rich_texts"."name" = ? LIMIT 1
2026-10-05T12:04:09.133547396Z SQLTRACE start reader ThreadId(11) SELECT "action_text_rich_texts"."id", "action_text_rich_texts"."name", "action_text_rich_texts"."body", "action_text_rich_texts"."record_type", "action_text_rich_texts"."record_id", "action_text_rich_texts"."created_at", "action_text_rich_texts"."updated_at" FROM "action_text_rich_texts" WHERE "action_text_rich_texts"."record_id" = 933434643 AND "action_text_rich_texts"."record_type" = 'Message' AND "action_text_rich_texts"."name" = 'body' LIMIT 1
2026-10-05T12:04:09.133589355Z SQLTRACE end reader ThreadId(11) rows=1 SELECT "action_text_rich_texts"."id", "action_text_rich_texts"."name", "action_text_rich_texts"."body", "action_text_rich_texts"."record_type", "action_text_rich_texts"."record_id", "action_text_rich_texts"."created_at", "action_text_rich_texts"."updated_at" FROM "action_text_rich_texts" WHERE "action_text_rich_texts"."record_id" = ? AND "action_text_rich_texts"."record_type" = ? AND "action_text_rich_texts"."name" = ? LIMIT 1
2026-10-05T12:04:09.133599606Z SQLTRACE start reader ThreadId(12) SELECT "push_subscriptions".* FROM "push_subscriptions" INNER JOIN "users" ON "users"."id" = "push_subscriptions"."user_id" INNER JOIN "memberships" ON "memberships"."user_id" = "users"."id" WHERE ("memberships"."connected_at" IS NULL OR "memberships"."connected_at" < '2026-10-05 12:03:09.132722') AND "memberships"."room_id" = 201306877 AND "memberships"."user_id" != 127326141 AND "memberships"."involvement" = 'everything'
2026-10-05T12:04:09.133622231Z SQLTRACE start reader ThreadId(11) SELECT b.id, b.key, b.filename, b.content_type, b.metadata, b.service_name, b.byte_size, b.checksum, b.created_at FROM active_storage_blobs b JOIN active_storage_attachments a ON a.blob_id = b.id WHERE a.record_type = 'Message' AND a.record_id = 933434643 AND a.name = 'attachment' ORDER BY a.id LIMIT 1
2026-10-05T12:04:09.133634148Z SQLTRACE end reader ThreadId(12) rows=3 SELECT "push_subscriptions".* FROM "push_subscriptions" INNER JOIN "users" ON "users"."id" = "push_subscriptions"."user_id" INNER JOIN "memberships" ON "memberships"."user_id" = "users"."id" WHERE ("memberships"."connected_at" IS NULL OR "memberships"."connected_at" < ?) AND "memberships"."room_id" = ? AND "memberships"."user_id" != ? AND "memberships"."involvement" = 'everything'
2026-10-05T12:04:09.133789025Z SQLTRACE start reader ThreadId(12) SELECT "action_text_rich_texts"."id", "action_text_rich_texts"."name", "action_text_rich_texts"."body", "action_text_rich_texts"."record_type", "action_text_rich_texts"."record_id", "action_text_rich_texts"."created_at", "action_text_rich_texts"."updated_at" FROM "action_text_rich_texts" WHERE "action_text_rich_texts"."record_id" = 933434643 AND "action_text_rich_texts"."record_type" = 'Message' AND "action_text_rich_texts"."name" = 'body' LIMIT 1
2026-10-05T12:04:09.133802734Z SQLTRACE end reader ThreadId(12) rows=1 SELECT "action_text_rich_texts"."id", "action_text_rich_texts"."name", "action_text_rich_texts"."body", "action_text_rich_texts"."record_type", "action_text_rich_texts"."record_id", "action_text_rich_texts"."created_at", "action_text_rich_texts"."updated_at" FROM "action_text_rich_texts" WHERE "action_text_rich_texts"."record_id" = ? AND "action_text_rich_texts"."record_type" = ? AND "action_text_rich_texts"."name" = ? LIMIT 1
2026-10-05T12:04:09.133809151Z SQLTRACE end reader ThreadId(11) rows=0 SELECT b.id, b.key, b.filename, b.content_type, b.metadata, b.service_name, b.byte_size, b.checksum, b.created_at FROM active_storage_blobs b JOIN active_storage_attachments a ON a.blob_id = b.id WHERE a.record_type = ?1 AND a.record_id = ?2 AND a.name = ?3 ORDER BY a.id LIMIT 1
2026-10-05T12:04:09.133813692Z SQLTRACE start reader ThreadId(12) SELECT COUNT(*) FROM "memberships" WHERE "memberships"."user_id" = 773523953 AND "memberships"."unread_at" IS NOT NULL
2026-10-05T12:04:09.133928528Z SQLTRACE end reader ThreadId(12) rows=1 SELECT COUNT(*) FROM "memberships" WHERE "memberships"."user_id" = ? AND "memberships"."unread_at" IS NOT NULL
2026-10-05T12:04:09.133953778Z SQLTRACE start reader ThreadId(11) SELECT "boosts"."id", "boosts"."message_id", "boosts"."booster_id", "boosts"."content", "boosts"."created_at", "boosts"."updated_at" FROM "boosts" WHERE "boosts"."message_id" = 933434643 ORDER BY "boosts"."created_at" ASC
2026-10-05T12:04:09.133969695Z SQLTRACE end reader ThreadId(11) rows=0 SELECT "boosts"."id", "boosts"."message_id", "boosts"."booster_id", "boosts"."content", "boosts"."created_at", "boosts"."updated_at" FROM "boosts" WHERE "boosts"."message_id" = ? ORDER BY "boosts"."created_at" ASC
2026-10-05T12:04:09.133975903Z SQLTRACE start reader ThreadId(11) SELECT "accounts"."id", "accounts"."name", "accounts"."join_code", "accounts"."custom_styles", "accounts"."settings", "accounts"."singleton_guard", "accounts"."created_at", "accounts"."updated_at" FROM "accounts" ORDER BY "accounts"."id" ASC LIMIT 1
2026-10-05T12:04:09.134123072Z SQLTRACE start reader ThreadId(12) SELECT COUNT(*) FROM "memberships" WHERE "memberships"."user_id" = 712064548 AND "memberships"."unread_at" IS NOT NULL
2026-10-05T12:04:09.134137073Z SQLTRACE end reader ThreadId(12) rows=1 SELECT COUNT(*) FROM "memberships" WHERE "memberships"."user_id" = ? AND "memberships"."unread_at" IS NOT NULL
2026-10-05T12:04:09.134141448Z SQLTRACE end reader ThreadId(11) rows=1 SELECT "accounts"."id", "accounts"."name", "accounts"."join_code", "accounts"."custom_styles", "accounts"."settings", "accounts"."singleton_guard", "accounts"."created_at", "accounts"."updated_at" FROM "accounts" ORDER BY "accounts"."id" ASC LIMIT 1
2026-10-05T12:04:09.134162448Z SQLTRACE start reader ThreadId(12) SELECT COUNT(*) FROM "memberships" WHERE "memberships"."user_id" = 149087659 AND "memberships"."unread_at" IS NOT NULL
2026-10-05T12:04:09.134170240Z SQLTRACE end reader ThreadId(12) rows=1 SELECT COUNT(*) FROM "memberships" WHERE "memberships"."user_id" = ? AND "memberships"."unread_at" IS NOT NULL
2026-10-05T12:04:09.134507579Z SQLTRACE start reader ThreadId(11) SELECT "memberships"."id", "memberships"."room_id", "memberships"."user_id", "memberships"."involvement", "memberships"."unread_at", "memberships"."connected_at", "memberships"."connections", "memberships"."created_at", "memberships"."updated_at" FROM "memberships" WHERE "memberships"."room_id" = 201306877
2026-10-05T12:04:09.134525037Z SQLTRACE end reader ThreadId(11) rows=6 SELECT "memberships"."id", "memberships"."room_id", "memberships"."user_id", "memberships"."involvement", "memberships"."unread_at", "memberships"."connected_at", "memberships"."connections", "memberships"."created_at", "memberships"."updated_at" FROM "memberships" WHERE "memberships"."room_id" = ?
2026-10-05T12:04:09.134785458Z SQLTRACE start reader ThreadId(5) SELECT "action_text_rich_texts"."id", "action_text_rich_texts"."name", "action_text_rich_texts"."body", "action_text_rich_texts"."record_type", "action_text_rich_texts"."record_id", "action_text_rich_texts"."created_at", "action_text_rich_texts"."updated_at" FROM "action_text_rich_texts" WHERE "action_text_rich_texts"."record_id" = 933434643 AND "action_text_rich_texts"."record_type" = 'Message' AND "action_text_rich_texts"."name" = 'body' LIMIT 1
2026-10-05T12:04:09.134815792Z SQLTRACE end reader ThreadId(5) rows=1 SELECT "action_text_rich_texts"."id", "action_text_rich_texts"."name", "action_text_rich_texts"."body", "action_text_rich_texts"."record_type", "action_text_rich_texts"."record_id", "action_text_rich_texts"."created_at", "action_text_rich_texts"."updated_at" FROM "action_text_rich_texts" WHERE "action_text_rich_texts"."record_id" = ? AND "action_text_rich_texts"."record_type" = ? AND "action_text_rich_texts"."name" = ? LIMIT 1
2026-10-05T12:04:09.134827584Z SQLTRACE start reader ThreadId(5) SELECT "accounts"."id", "accounts"."name", "accounts"."join_code", "accounts"."custom_styles", "accounts"."settings", "accounts"."singleton_guard", "accounts"."created_at", "accounts"."updated_at" FROM "accounts" ORDER BY "accounts"."id" ASC LIMIT 1
2026-10-05T12:04:09.134834084Z SQLTRACE end reader ThreadId(5) rows=1 SELECT "accounts"."id", "accounts"."name", "accounts"."join_code", "accounts"."custom_styles", "accounts"."settings", "accounts"."singleton_guard", "accounts"."created_at", "accounts"."updated_at" FROM "accounts" ORDER BY "accounts"."id" ASC LIMIT 1
2026-10-05T12:04:09.135592138Z [2m2026-10-05T12:04:09.135322Z[0m [32m INFO[0m [2mthruster[0m[2m:[0m Request [3mpath[0m[2m=[0m/rooms/201306877/messages [3mstatus[0m[2m=[0m200 [3mdur[0m[2m=[0m6 [3mmethod[0m[2m=[0mPOST [3mreq_content_length[0m[2m=[0m104 [3mreq_content_type[0m[2m=[0mapplication/x-www-form-urlencoded [3mresp_content_length[0m[2m=[0m1991 [3mresp_content_type[0m[2m=[0mtext/vnd.turbo-stream.html; charset=utf-8 [3mremote_addr[0m[2m=[0m127.0.0.1:42210 [3muser_agent[0m[2m=[0m [3mcache[0m[2m=[0mbypass [3mquery[0m[2m=[0m [3mproto[0m[2m=[0m"HTTP/1.1"
2026-10-05T12:04:12.256145720Z SQLTRACE start reader ThreadId(3) SELECT 1 AS one FROM "bans" WHERE "bans"."ip_address" = '127.0.0.1' LIMIT 1
2026-10-05T12:04:12.256209346Z SQLTRACE end reader ThreadId(3) rows=0 SELECT 1 AS one FROM "bans" WHERE "bans"."ip_address" = ? LIMIT 1
2026-10-05T12:04:12.256219722Z SQLTRACE start reader ThreadId(3) SELECT "sessions"."id", "sessions"."user_id", "sessions"."token", "sessions"."ip_address", "sessions"."user_agent", "sessions"."last_active_at", "sessions"."created_at", "sessions"."updated_at" FROM "sessions" WHERE "sessions"."token" = 'vZuXbHrmde1pgqLcyxsVoq6x' LIMIT 1
2026-10-05T12:04:12.256222972Z SQLTRACE end reader ThreadId(3) rows=1 SELECT "sessions"."id", "sessions"."user_id", "sessions"."token", "sessions"."ip_address", "sessions"."user_agent", "sessions"."last_active_at", "sessions"."created_at", "sessions"."updated_at" FROM "sessions" WHERE "sessions"."token" = ? LIMIT 1
2026-10-05T12:04:12.256250972Z SQLTRACE start reader ThreadId(3) SELECT "users"."id", "users"."name", "users"."email_address", "users"."password_digest", "users"."role", "users"."status", "users"."bio", "users"."bot_token", "users"."created_at", "users"."updated_at" FROM "users" WHERE "users"."id" = 127326141 LIMIT 1
2026-10-05T12:04:12.256261514Z SQLTRACE end reader ThreadId(3) rows=1 SELECT "users"."id", "users"."name", "users"."email_address", "users"."password_digest", "users"."role", "users"."status", "users"."bio", "users"."bot_token", "users"."created_at", "users"."updated_at" FROM "users" WHERE "users"."id" = ? LIMIT 1
2026-10-05T12:04:12.256327015Z SQLTRACE start reader ThreadId(3) SELECT "memberships"."id", "memberships"."room_id", "memberships"."user_id", "memberships"."involvement", "memberships"."unread_at", "memberships"."connected_at", "memberships"."connections", "memberships"."created_at", "memberships"."updated_at" FROM "memberships" WHERE "memberships"."room_id" = 201306877 AND "memberships"."user_id" = 127326141 LIMIT 1
2026-10-05T12:04:12.256335473Z SQLTRACE end reader ThreadId(3) rows=1 SELECT "memberships"."id", "memberships"."room_id", "memberships"."user_id", "memberships"."involvement", "memberships"."unread_at", "memberships"."connected_at", "memberships"."connections", "memberships"."created_at", "memberships"."updated_at" FROM "memberships" WHERE "memberships"."room_id" = ? AND "memberships"."user_id" = ? LIMIT 1
2026-10-05T12:04:12.256338890Z SQLTRACE start reader ThreadId(3) SELECT "rooms"."id", "rooms"."name", "rooms"."type", "rooms"."creator_id", "rooms"."created_at", "rooms"."updated_at" FROM "rooms" WHERE "rooms"."id" = 201306877 LIMIT 1
2026-10-05T12:04:12.256341307Z SQLTRACE end reader ThreadId(3) rows=1 SELECT "rooms"."id", "rooms"."name", "rooms"."type", "rooms"."creator_id", "rooms"."created_at", "rooms"."updated_at" FROM "rooms" WHERE "rooms"."id" = ? LIMIT 1
2026-10-05T12:04:12.256553644Z SQLTRACE start writer ThreadId(8) BEGIN IMMEDIATE
2026-10-05T12:04:12.256575602Z SQLTRACE end writer ThreadId(8) rows=0 BEGIN IMMEDIATE
2026-10-05T12:04:12.256636478Z SQLTRACE start writer ThreadId(8) INSERT INTO "messages" ("client_message_id", "created_at", "creator_id", "room_id", "updated_at") VALUES ('18dba0981a9fdfc76', '2026-10-05 12:04:12.256518', 127326141, 201306877, '2026-10-05 12:04:12.256518') RETURNING "id"
2026-10-05T12:04:12.256727188Z SQLTRACE end writer ThreadId(8) rows=1 INSERT INTO "messages" ("client_message_id", "created_at", "creator_id", "room_id", "updated_at") VALUES (?, ?, ?, ?, ?) RETURNING "id"
2026-10-05T12:04:12.256735230Z SQLTRACE start writer ThreadId(8) INSERT INTO "action_text_rich_texts" ("body", "created_at", "name", "record_id", "record_type", "updated_at") VALUES ('bench write 6', '2026-10-05 12:04:12.256658', 'body', 933434644, 'Message', '2026-10-05 12:04:12.256658') RETURNING "id"
2026-10-05T12:04:12.256746438Z SQLTRACE end writer ThreadId(8) rows=1 INSERT INTO "action_text_rich_texts" ("body", "created_at", "name", "record_id", "record_type", "updated_at") VALUES (?, ?, ?, ?, ?, ?) RETURNING "id"
2026-10-05T12:04:12.256750647Z SQLTRACE start writer ThreadId(8) UPDATE "messages" SET "updated_at" = '2026-10-05 12:04:12.256722' WHERE "messages"."id" = 933434644
2026-10-05T12:04:12.256833023Z SQLTRACE end writer ThreadId(8) rows=0 UPDATE "messages" SET "updated_at" = ? WHERE "messages"."id" = ?
2026-10-05T12:04:12.256849232Z SQLTRACE start writer ThreadId(8) UPDATE "rooms" SET "updated_at" = '2026-10-05 12:04:12.256761' WHERE "rooms"."id" = 201306877
2026-10-05T12:04:12.256853398Z SQLTRACE end writer ThreadId(8) rows=0 UPDATE "rooms" SET "updated_at" = ? WHERE "rooms"."id" = ?
2026-10-05T12:04:12.257022859Z SQLTRACE start writer ThreadId(8) COMMIT
2026-10-05T12:04:12.257141903Z SQLTRACE end writer ThreadId(8) rows=0 COMMIT
2026-10-05T12:04:12.257157403Z SQLTRACE start writer ThreadId(8) SELECT "action_text_rich_texts"."id", "action_text_rich_texts"."name", "action_text_rich_texts"."body", "action_text_rich_texts"."record_type", "action_text_rich_texts"."record_id", "action_text_rich_texts"."created_at", "action_text_rich_texts"."updated_at" FROM "action_text_rich_texts" WHERE "action_text_rich_texts"."record_id" = 933434644 AND "action_text_rich_texts"."record_type" = 'Message' AND "action_text_rich_texts"."name" = 'body' LIMIT 1
2026-10-05T12:04:12.257280488Z SQLTRACE end writer ThreadId(8) rows=1 SELECT "action_text_rich_texts"."id", "action_text_rich_texts"."name", "action_text_rich_texts"."body", "action_text_rich_texts"."record_type", "action_text_rich_texts"."record_id", "action_text_rich_texts"."created_at", "action_text_rich_texts"."updated_at" FROM "action_text_rich_texts" WHERE "action_text_rich_texts"."record_id" = ? AND "action_text_rich_texts"."record_type" = ? AND "action_text_rich_texts"."name" = ? LIMIT 1
2026-10-05T12:04:12.257294530Z SQLTRACE start writer ThreadId(8) insert into message_search_index(rowid, body) values (933434644, 'bench write 6')
2026-10-05T12:04:12.257298280Z SQLTRACE start writer ThreadId(8) -- PRAGMA 'main'.data_version
2026-10-05T12:04:12.257309197Z SQLTRACE end writer ThreadId(8) rows=1 PRAGMA 'main'.data_version
2026-10-05T12:04:12.257376698Z SQLTRACE start writer ThreadId(8) -- INSERT INTO 'main'.'message_search_index_content' VALUES(?1,?2)
2026-10-05T12:04:12.257383948Z SQLTRACE end writer ThreadId(8) rows=0 INSERT INTO 'main'.'message_search_index_content' VALUES(?1,?2)
2026-10-05T12:04:12.257501200Z SQLTRACE start writer ThreadId(8) -- REPLACE INTO 'main'.'message_search_index_docsize' VALUES(?,?)
2026-10-05T12:04:12.257518534Z SQLTRACE end writer ThreadId(8) rows=1 REPLACE INTO 'main'.'message_search_index_docsize' VALUES(?,?)
2026-10-05T12:04:12.257522284Z SQLTRACE start writer ThreadId(8) -- REPLACE INTO 'main'.'message_search_index_data'(id, block) VALUES(?,?)
2026-10-05T12:04:12.257525909Z SQLTRACE end writer ThreadId(8) rows=0 REPLACE INTO 'main'.'message_search_index_data'(id, block) VALUES(?,?)
2026-10-05T12:04:12.257529159Z SQLTRACE start writer ThreadId(8) -- PRAGMA 'main'.data_version
2026-10-05T12:04:12.257553326Z SQLTRACE end writer ThreadId(8) rows=1 PRAGMA 'main'.data_version
2026-10-05T12:04:12.257677661Z SQLTRACE start writer ThreadId(8) -- REPLACE INTO 'main'.'message_search_index_data'(id, block) VALUES(?,?)
2026-10-05T12:04:12.257695120Z SQLTRACE end writer ThreadId(8) rows=1 REPLACE INTO 'main'.'message_search_index_data'(id, block) VALUES(?,?)
2026-10-05T12:04:12.257700287Z SQLTRACE start writer ThreadId(8) -- INSERT INTO 'main'.'message_search_index_idx'(segid,term,pgno) VALUES(?,?,?)
2026-10-05T12:04:12.257708370Z SQLTRACE end writer ThreadId(8) rows=0 INSERT INTO 'main'.'message_search_index_idx'(segid,term,pgno) VALUES(?,?,?)
2026-10-05T12:04:12.257713370Z SQLTRACE start writer ThreadId(8) -- REPLACE INTO 'main'.'message_search_index_data'(id, block) VALUES(?,?)
2026-10-05T12:04:12.257716954Z SQLTRACE end writer ThreadId(8) rows=0 REPLACE INTO 'main'.'message_search_index_data'(id, block) VALUES(?,?)
2026-10-05T12:04:12.257894957Z SQLTRACE end writer ThreadId(8) rows=0 insert into message_search_index(rowid, body) values (?, ?)
2026-10-05T12:04:12.257905040Z SQLTRACE start writer ThreadId(8) UPDATE "memberships" SET "unread_at" = '2026-10-05 12:04:12.256518', "updated_at" = '2026-10-05 12:04:12.257757' WHERE "memberships"."room_id" = 201306877 AND "memberships"."involvement" != 'invisible' AND ("memberships"."connected_at" IS NULL OR "memberships"."connected_at" < '2026-10-05 12:03:12.257757') AND "memberships"."user_id" != 127326141
2026-10-05T12:04:12.258001792Z SQLTRACE end writer ThreadId(8) rows=0 UPDATE "memberships" SET "unread_at" = ?, "updated_at" = ? WHERE "memberships"."room_id" = ? AND "memberships"."involvement" != ? AND ("memberships"."connected_at" IS NULL OR "memberships"."connected_at" < ?) AND "memberships"."user_id" != ?
2026-10-05T12:04:12.258296588Z SQLTRACE start reader ThreadId(13) SELECT "messages"."id", "messages"."room_id", "messages"."creator_id", "messages"."client_message_id", "messages"."created_at", "messages"."updated_at" FROM "messages" WHERE "messages"."id" = 933434644 LIMIT 1
2026-10-05T12:04:12.258305421Z SQLTRACE start reader ThreadId(9) SELECT "rooms"."id", "rooms"."name", "rooms"."type", "rooms"."creator_id", "rooms"."created_at", "rooms"."updated_at" FROM "rooms" WHERE "rooms"."id" = 201306877 LIMIT 1
2026-10-05T12:04:12.258364256Z SQLTRACE end reader ThreadId(9) rows=1 SELECT "rooms"."id", "rooms"."name", "rooms"."type", "rooms"."creator_id", "rooms"."created_at", "rooms"."updated_at" FROM "rooms" WHERE "rooms"."id" = ? LIMIT 1
2026-10-05T12:04:12.258370381Z SQLTRACE end reader ThreadId(13) rows=1 SELECT "messages"."id", "messages"."room_id", "messages"."creator_id", "messages"."client_message_id", "messages"."created_at", "messages"."updated_at" FROM "messages" WHERE "messages"."id" = ? LIMIT 1
2026-10-05T12:04:12.258374798Z SQLTRACE start reader ThreadId(9) SELECT "action_text_rich_texts"."id", "action_text_rich_texts"."name", "action_text_rich_texts"."body", "action_text_rich_texts"."record_type", "action_text_rich_texts"."record_id", "action_text_rich_texts"."created_at", "action_text_rich_texts"."updated_at" FROM "action_text_rich_texts" WHERE "action_text_rich_texts"."record_id" = 933434644 AND "action_text_rich_texts"."record_type" = 'Message' AND "action_text_rich_texts"."name" = 'body' LIMIT 1
2026-10-05T12:04:12.258379964Z SQLTRACE start reader ThreadId(13) SELECT "rooms"."id", "rooms"."name", "rooms"."type", "rooms"."creator_id", "rooms"."created_at", "rooms"."updated_at" FROM "rooms" WHERE "rooms"."id" = 201306877 LIMIT 1
2026-10-05T12:04:12.258483091Z SQLTRACE end reader ThreadId(13) rows=1 SELECT "rooms"."id", "rooms"."name", "rooms"."type", "rooms"."creator_id", "rooms"."created_at", "rooms"."updated_at" FROM "rooms" WHERE "rooms"."id" = ? LIMIT 1
2026-10-05T12:04:12.258497925Z SQLTRACE start reader ThreadId(13) SELECT "users"."id", "users"."name", "users"."email_address", "users"."password_digest", "users"."role", "users"."status", "users"."bio", "users"."bot_token", "users"."created_at", "users"."updated_at" FROM "users" WHERE "users"."id" = 127326141 LIMIT 1
2026-10-05T12:04:12.258514925Z SQLTRACE end reader ThreadId(9) rows=1 SELECT "action_text_rich_texts"."id", "action_text_rich_texts"."name", "action_text_rich_texts"."body", "action_text_rich_texts"."record_type", "action_text_rich_texts"."record_id", "action_text_rich_texts"."created_at", "action_text_rich_texts"."updated_at" FROM "action_text_rich_texts" WHERE "action_text_rich_texts"."record_id" = ? AND "action_text_rich_texts"."record_type" = ? AND "action_text_rich_texts"."name" = ? LIMIT 1
2026-10-05T12:04:12.258520175Z SQLTRACE end reader ThreadId(13) rows=1 SELECT "users"."id", "users"."name", "users"."email_address", "users"."password_digest", "users"."role", "users"."status", "users"."bio", "users"."bot_token", "users"."created_at", "users"."updated_at" FROM "users" WHERE "users"."id" = ? LIMIT 1
2026-10-05T12:04:12.258525217Z SQLTRACE start reader ThreadId(13) SELECT "action_text_rich_texts"."id", "action_text_rich_texts"."name", "action_text_rich_texts"."body", "action_text_rich_texts"."record_type", "action_text_rich_texts"."record_id", "action_text_rich_texts"."created_at", "action_text_rich_texts"."updated_at" FROM "action_text_rich_texts" WHERE "action_text_rich_texts"."record_id" = 933434644 AND "action_text_rich_texts"."record_type" = 'Message' AND "action_text_rich_texts"."name" = 'body' LIMIT 1
2026-10-05T12:04:12.258582926Z SQLTRACE start reader ThreadId(9) SELECT "users"."id", "users"."name", "users"."email_address", "users"."password_digest", "users"."role", "users"."status", "users"."bio", "users"."bot_token", "users"."created_at", "users"."updated_at" FROM "users" WHERE "users"."id" = 127326141 LIMIT 1
2026-10-05T12:04:12.258587384Z SQLTRACE end reader ThreadId(9) rows=1 SELECT "users"."id", "users"."name", "users"."email_address", "users"."password_digest", "users"."role", "users"."status", "users"."bio", "users"."bot_token", "users"."created_at", "users"."updated_at" FROM "users" WHERE "users"."id" = ? LIMIT 1
2026-10-05T12:04:12.258590384Z SQLTRACE end reader ThreadId(13) rows=1 SELECT "action_text_rich_texts"."id", "action_text_rich_texts"."name", "action_text_rich_texts"."body", "action_text_rich_texts"."record_type", "action_text_rich_texts"."record_id", "action_text_rich_texts"."created_at", "action_text_rich_texts"."updated_at" FROM "action_text_rich_texts" WHERE "action_text_rich_texts"."record_id" = ? AND "action_text_rich_texts"."record_type" = ? AND "action_text_rich_texts"."name" = ? LIMIT 1
2026-10-05T12:04:12.258687594Z SQLTRACE start reader ThreadId(13) SELECT "push_subscriptions".* FROM "push_subscriptions" INNER JOIN "users" ON "users"."id" = "push_subscriptions"."user_id" INNER JOIN "memberships" ON "memberships"."user_id" = "users"."id" WHERE ("memberships"."connected_at" IS NULL OR "memberships"."connected_at" < '2026-10-05 12:03:12.258312') AND "memberships"."room_id" = 201306877 AND "memberships"."user_id" != 127326141 AND "memberships"."involvement" = 'everything'
2026-10-05T12:04:12.258726137Z SQLTRACE end reader ThreadId(13) rows=3 SELECT "push_subscriptions".* FROM "push_subscriptions" INNER JOIN "users" ON "users"."id" = "push_subscriptions"."user_id" INNER JOIN "memberships" ON "memberships"."user_id" = "users"."id" WHERE ("memberships"."connected_at" IS NULL OR "memberships"."connected_at" < ?) AND "memberships"."room_id" = ? AND "memberships"."user_id" != ? AND "memberships"."involvement" = 'everything'
2026-10-05T12:04:12.258734720Z SQLTRACE start reader ThreadId(13) SELECT "action_text_rich_texts"."id", "action_text_rich_texts"."name", "action_text_rich_texts"."body", "action_text_rich_texts"."record_type", "action_text_rich_texts"."record_id", "action_text_rich_texts"."created_at", "action_text_rich_texts"."updated_at" FROM "action_text_rich_texts" WHERE "action_text_rich_texts"."record_id" = 933434644 AND "action_text_rich_texts"."record_type" = 'Message' AND "action_text_rich_texts"."name" = 'body' LIMIT 1
2026-10-05T12:04:12.258743970Z SQLTRACE start reader ThreadId(9) SELECT "action_text_rich_texts"."id", "action_text_rich_texts"."name", "action_text_rich_texts"."body", "action_text_rich_texts"."record_type", "action_text_rich_texts"."record_id", "action_text_rich_texts"."created_at", "action_text_rich_texts"."updated_at" FROM "action_text_rich_texts" WHERE "action_text_rich_texts"."record_id" = 933434644 AND "action_text_rich_texts"."record_type" = 'Message' AND "action_text_rich_texts"."name" = 'body' LIMIT 1
2026-10-05T12:04:12.258788304Z SQLTRACE end reader ThreadId(9) rows=1 SELECT "action_text_rich_texts"."id", "action_text_rich_texts"."name", "action_text_rich_texts"."body", "action_text_rich_texts"."record_type", "action_text_rich_texts"."record_id", "action_text_rich_texts"."created_at", "action_text_rich_texts"."updated_at" FROM "action_text_rich_texts" WHERE "action_text_rich_texts"."record_id" = ? AND "action_text_rich_texts"."record_type" = ? AND "action_text_rich_texts"."name" = ? LIMIT 1
2026-10-05T12:04:12.258794054Z SQLTRACE start reader ThreadId(9) SELECT b.id, b.key, b.filename, b.content_type, b.metadata, b.service_name, b.byte_size, b.checksum, b.created_at FROM active_storage_blobs b JOIN active_storage_attachments a ON a.blob_id = b.id WHERE a.record_type = 'Message' AND a.record_id = 933434644 AND a.name = 'attachment' ORDER BY a.id LIMIT 1
2026-10-05T12:04:12.258796304Z SQLTRACE end reader ThreadId(13) rows=1 SELECT "action_text_rich_texts"."id", "action_text_rich_texts"."name", "action_text_rich_texts"."body", "action_text_rich_texts"."record_type", "action_text_rich_texts"."record_id", "action_text_rich_texts"."created_at", "action_text_rich_texts"."updated_at" FROM "action_text_rich_texts" WHERE "action_text_rich_texts"."record_id" = ? AND "action_text_rich_texts"."record_type" = ? AND "action_text_rich_texts"."name" = ? LIMIT 1
2026-10-05T12:04:12.258844180Z SQLTRACE end reader ThreadId(9) rows=0 SELECT b.id, b.key, b.filename, b.content_type, b.metadata, b.service_name, b.byte_size, b.checksum, b.created_at FROM active_storage_blobs b JOIN active_storage_attachments a ON a.blob_id = b.id WHERE a.record_type = ?1 AND a.record_id = ?2 AND a.name = ?3 ORDER BY a.id LIMIT 1
2026-10-05T12:04:12.258847847Z SQLTRACE start reader ThreadId(13) SELECT COUNT(*) FROM "memberships" WHERE "memberships"."user_id" = 773523953 AND "memberships"."unread_at" IS NOT NULL
2026-10-05T12:04:12.258938098Z SQLTRACE end reader ThreadId(13) rows=1 SELECT COUNT(*) FROM "memberships" WHERE "memberships"."user_id" = ? AND "memberships"."unread_at" IS NOT NULL
2026-10-05T12:04:12.258989599Z SQLTRACE start reader ThreadId(13) SELECT COUNT(*) FROM "memberships" WHERE "memberships"."user_id" = 712064548 AND "memberships"."unread_at" IS NOT NULL
2026-10-05T12:04:12.258994557Z SQLTRACE end reader ThreadId(13) rows=1 SELECT COUNT(*) FROM "memberships" WHERE "memberships"."user_id" = ? AND "memberships"."unread_at" IS NOT NULL
2026-10-05T12:04:12.258996599Z SQLTRACE start reader ThreadId(13) SELECT COUNT(*) FROM "memberships" WHERE "memberships"."user_id" = 149087659 AND "memberships"."unread_at" IS NOT NULL
2026-10-05T12:04:12.259005266Z SQLTRACE start reader ThreadId(9) SELECT "boosts"."id", "boosts"."message_id", "boosts"."booster_id", "boosts"."content", "boosts"."created_at", "boosts"."updated_at" FROM "boosts" WHERE "boosts"."message_id" = 933434644 ORDER BY "boosts"."created_at" ASC
2026-10-05T12:04:12.259080351Z SQLTRACE end reader ThreadId(13) rows=1 SELECT COUNT(*) FROM "memberships" WHERE "memberships"."user_id" = ? AND "memberships"."unread_at" IS NOT NULL
2026-10-05T12:04:12.259084976Z SQLTRACE end reader ThreadId(9) rows=0 SELECT "boosts"."id", "boosts"."message_id", "boosts"."booster_id", "boosts"."content", "boosts"."created_at", "boosts"."updated_at" FROM "boosts" WHERE "boosts"."message_id" = ? ORDER BY "boosts"."created_at" ASC
2026-10-05T12:04:12.259087684Z SQLTRACE start reader ThreadId(9) SELECT "accounts"."id", "accounts"."name", "accounts"."join_code", "accounts"."custom_styles", "accounts"."settings", "accounts"."singleton_guard", "accounts"."created_at", "accounts"."updated_at" FROM "accounts" ORDER BY "accounts"."id" ASC LIMIT 1
2026-10-05T12:04:12.259094392Z SQLTRACE end reader ThreadId(9) rows=1 SELECT "accounts"."id", "accounts"."name", "accounts"."join_code", "accounts"."custom_styles", "accounts"."settings", "accounts"."singleton_guard", "accounts"."created_at", "accounts"."updated_at" FROM "accounts" ORDER BY "accounts"."id" ASC LIMIT 1
2026-10-05T12:04:12.259399356Z SQLTRACE start reader ThreadId(9) SELECT "memberships"."id", "memberships"."room_id", "memberships"."user_id", "memberships"."involvement", "memberships"."unread_at", "memberships"."connected_at", "memberships"."connections", "memberships"."created_at", "memberships"."updated_at" FROM "memberships" WHERE "memberships"."room_id" = 201306877
2026-10-05T12:04:12.259405439Z SQLTRACE end reader ThreadId(9) rows=6 SELECT "memberships"."id", "memberships"."room_id", "memberships"."user_id", "memberships"."involvement", "memberships"."unread_at", "memberships"."connected_at", "memberships"."connections", "memberships"."created_at", "memberships"."updated_at" FROM "memberships" WHERE "memberships"."room_id" = ?
2026-10-05T12:04:12.259503066Z SQLTRACE start reader ThreadId(3) SELECT "action_text_rich_texts"."id", "action_text_rich_texts"."name", "action_text_rich_texts"."body", "action_text_rich_texts"."record_type", "action_text_rich_texts"."record_id", "action_text_rich_texts"."created_at", "action_text_rich_texts"."updated_at" FROM "action_text_rich_texts" WHERE "action_text_rich_texts"."record_id" = 933434644 AND "action_text_rich_texts"."record_type" = 'Message' AND "action_text_rich_texts"."name" = 'body' LIMIT 1
2026-10-05T12:04:12.259605317Z SQLTRACE end reader ThreadId(3) rows=1 SELECT "action_text_rich_texts"."id", "action_text_rich_texts"."name", "action_text_rich_texts"."body", "action_text_rich_texts"."record_type", "action_text_rich_texts"."record_id", "action_text_rich_texts"."created_at", "action_text_rich_texts"."updated_at" FROM "action_text_rich_texts" WHERE "action_text_rich_texts"."record_id" = ? AND "action_text_rich_texts"."record_type" = ? AND "action_text_rich_texts"."name" = ? LIMIT 1
2026-10-05T12:04:12.259615401Z SQLTRACE start reader ThreadId(3) SELECT "accounts"."id", "accounts"."name", "accounts"."join_code", "accounts"."custom_styles", "accounts"."settings", "accounts"."singleton_guard", "accounts"."created_at", "accounts"."updated_at" FROM "accounts" ORDER BY "accounts"."id" ASC LIMIT 1
2026-10-05T12:04:12.259637318Z SQLTRACE end reader ThreadId(3) rows=1 SELECT "accounts"."id", "accounts"."name", "accounts"."join_code", "accounts"."custom_styles", "accounts"."settings", "accounts"."singleton_guard", "accounts"."created_at", "accounts"."updated_at" FROM "accounts" ORDER BY "accounts"."id" ASC LIMIT 1
2026-10-05T12:04:12.260060116Z [2m2026-10-05T12:04:12.259956Z[0m [32m INFO[0m [2mthruster[0m[2m:[0m Request [3mpath[0m[2m=[0m/rooms/201306877/messages [3mstatus[0m[2m=[0m200 [3mdur[0m[2m=[0m4 [3mmethod[0m[2m=[0mPOST [3mreq_content_length[0m[2m=[0m104 [3mreq_content_type[0m[2m=[0mapplication/x-www-form-urlencoded [3mresp_content_length[0m[2m=[0m1990 [3mresp_content_type[0m[2m=[0mtext/vnd.turbo-stream.html; charset=utf-8 [3mremote_addr[0m[2m=[0m127.0.0.1:55818 [3muser_agent[0m[2m=[0m [3mcache[0m[2m=[0mbypass [3mquery[0m[2m=[0m [3mproto[0m[2m=[0m"HTTP/1.1"
2026-10-05T12:04:15.383054917Z SQLTRACE start reader ThreadId(5) SELECT 1 AS one FROM "bans" WHERE "bans"."ip_address" = '127.0.0.1' LIMIT 1
2026-10-05T12:04:15.383127252Z SQLTRACE end reader ThreadId(5) rows=0 SELECT 1 AS one FROM "bans" WHERE "bans"."ip_address" = ? LIMIT 1
2026-10-05T12:04:15.383135960Z SQLTRACE start reader ThreadId(5) SELECT "sessions"."id", "sessions"."user_id", "sessions"."token", "sessions"."ip_address", "sessions"."user_agent", "sessions"."last_active_at", "sessions"."created_at", "sessions"."updated_at" FROM "sessions" WHERE "sessions"."token" = 'vZuXbHrmde1pgqLcyxsVoq6x' LIMIT 1
2026-10-05T12:04:15.383144044Z SQLTRACE end reader ThreadId(5) rows=1 SELECT "sessions"."id", "sessions"."user_id", "sessions"."token", "sessions"."ip_address", "sessions"."user_agent", "sessions"."last_active_at", "sessions"."created_at", "sessions"."updated_at" FROM "sessions" WHERE "sessions"."token" = ? LIMIT 1
2026-10-05T12:04:15.383238879Z SQLTRACE start reader ThreadId(5) SELECT "users"."id", "users"."name", "users"."email_address", "users"."password_digest", "users"."role", "users"."status", "users"."bio", "users"."bot_token", "users"."created_at", "users"."updated_at" FROM "users" WHERE "users"."id" = 127326141 LIMIT 1
2026-10-05T12:04:15.383270004Z SQLTRACE end reader ThreadId(5) rows=1 SELECT "users"."id", "users"."name", "users"."email_address", "users"."password_digest", "users"."role", "users"."status", "users"."bio", "users"."bot_token", "users"."created_at", "users"."updated_at" FROM "users" WHERE "users"."id" = ? LIMIT 1
2026-10-05T12:04:15.383305838Z SQLTRACE start reader ThreadId(5) SELECT "memberships"."id", "memberships"."room_id", "memberships"."user_id", "memberships"."involvement", "memberships"."unread_at", "memberships"."connected_at", "memberships"."connections", "memberships"."created_at", "memberships"."updated_at" FROM "memberships" WHERE "memberships"."room_id" = 201306877 AND "memberships"."user_id" = 127326141 LIMIT 1
2026-10-05T12:04:15.383368381Z SQLTRACE end reader ThreadId(5) rows=1 SELECT "memberships"."id", "memberships"."room_id", "memberships"."user_id", "memberships"."involvement", "memberships"."unread_at", "memberships"."connected_at", "memberships"."connections", "memberships"."created_at", "memberships"."updated_at" FROM "memberships" WHERE "memberships"."room_id" = ? AND "memberships"."user_id" = ? LIMIT 1
2026-10-05T12:04:15.383426882Z SQLTRACE start reader ThreadId(5) SELECT "rooms"."id", "rooms"."name", "rooms"."type", "rooms"."creator_id", "rooms"."created_at", "rooms"."updated_at" FROM "rooms" WHERE "rooms"."id" = 201306877 LIMIT 1
2026-10-05T12:04:15.383498216Z SQLTRACE end reader ThreadId(5) rows=1 SELECT "rooms"."id", "rooms"."name", "rooms"."type", "rooms"."creator_id", "rooms"."created_at", "rooms"."updated_at" FROM "rooms" WHERE "rooms"."id" = ? LIMIT 1
2026-10-05T12:04:15.383709053Z SQLTRACE start writer ThreadId(8) BEGIN IMMEDIATE
2026-10-05T12:04:15.383723261Z SQLTRACE end writer ThreadId(8) rows=0 BEGIN IMMEDIATE
2026-10-05T12:04:15.383728261Z SQLTRACE start writer ThreadId(8) INSERT INTO "messages" ("client_message_id", "created_at", "creator_id", "room_id", "updated_at") VALUES ('18dba098d4ce38c07', '2026-10-05 12:04:15.383589', 127326141, 201306877, '2026-10-05 12:04:15.383589') RETURNING "id"
2026-10-05T12:04:15.383848472Z SQLTRACE end writer ThreadId(8) rows=1 INSERT INTO "messages" ("client_message_id", "created_at", "creator_id", "room_id", "updated_at") VALUES (?, ?, ?, ?, ?) RETURNING "id"
2026-10-05T12:04:15.383859888Z SQLTRACE start writer ThreadId(8) INSERT INTO "action_text_rich_texts" ("body", "created_at", "name", "record_id", "record_type", "updated_at") VALUES ('bench write 7', '2026-10-05 12:04:15.383736', 'body', 933434645, 'Message', '2026-10-05 12:04:15.383736') RETURNING "id"
2026-10-05T12:04:15.383865180Z SQLTRACE end writer ThreadId(8) rows=1 INSERT INTO "action_text_rich_texts" ("body", "created_at", "name", "record_id", "record_type", "updated_at") VALUES (?, ?, ?, ?, ?, ?) RETURNING "id"
2026-10-05T12:04:15.383880680Z SQLTRACE start writer ThreadId(8) UPDATE "messages" SET "updated_at" = '2026-10-05 12:04:15.383800' WHERE "messages"."id" = 933434645
2026-10-05T12:04:15.383885972Z SQLTRACE end writer ThreadId(8) rows=0 UPDATE "messages" SET "updated_at" = ? WHERE "messages"."id" = ?
2026-10-05T12:04:15.383889722Z SQLTRACE start writer ThreadId(8) UPDATE "rooms" SET "updated_at" = '2026-10-05 12:04:15.383850' WHERE "rooms"."id" = 201306877
2026-10-05T12:04:15.383919223Z SQLTRACE end writer ThreadId(8) rows=0 UPDATE "rooms" SET "updated_at" = ? WHERE "rooms"."id" = ?
2026-10-05T12:04:15.383929139Z SQLTRACE start writer ThreadId(8) COMMIT
2026-10-05T12:04:15.384277937Z SQLTRACE end writer ThreadId(8) rows=0 COMMIT
2026-10-05T12:04:15.384288145Z SQLTRACE start writer ThreadId(8) SELECT "action_text_rich_texts"."id", "action_text_rich_texts"."name", "action_text_rich_texts"."body", "action_text_rich_texts"."record_type", "action_text_rich_texts"."record_id", "action_text_rich_texts"."created_at", "action_text_rich_texts"."updated_at" FROM "action_text_rich_texts" WHERE "action_text_rich_texts"."record_id" = 933434645 AND "action_text_rich_texts"."record_type" = 'Message' AND "action_text_rich_texts"."name" = 'body' LIMIT 1
2026-10-05T12:04:15.384313145Z SQLTRACE end writer ThreadId(8) rows=1 SELECT "action_text_rich_texts"."id", "action_text_rich_texts"."name", "action_text_rich_texts"."body", "action_text_rich_texts"."record_type", "action_text_rich_texts"."record_id", "action_text_rich_texts"."created_at", "action_text_rich_texts"."updated_at" FROM "action_text_rich_texts" WHERE "action_text_rich_texts"."record_id" = ? AND "action_text_rich_texts"."record_type" = ? AND "action_text_rich_texts"."name" = ? LIMIT 1
2026-10-05T12:04:15.384337021Z SQLTRACE start writer ThreadId(8) insert into message_search_index(rowid, body) values (933434645, 'bench write 7')
2026-10-05T12:04:15.384345396Z SQLTRACE start writer ThreadId(8) -- PRAGMA 'main'.data_version
2026-10-05T12:04:15.384348646Z SQLTRACE end writer ThreadId(8) rows=1 PRAGMA 'main'.data_version
2026-10-05T12:04:15.384351729Z SQLTRACE start writer ThreadId(8) -- INSERT INTO 'main'.'message_search_index_content' VALUES(?1,?2)
2026-10-05T12:04:15.384368355Z SQLTRACE end writer ThreadId(8) rows=0 INSERT INTO 'main'.'message_search_index_content' VALUES(?1,?2)
2026-10-05T12:04:15.384489857Z SQLTRACE start writer ThreadId(8) -- REPLACE INTO 'main'.'message_search_index_docsize' VALUES(?,?)
2026-10-05T12:04:15.384509024Z SQLTRACE end writer ThreadId(8) rows=1 REPLACE INTO 'main'.'message_search_index_docsize' VALUES(?,?)
2026-10-05T12:04:15.384512857Z SQLTRACE start writer ThreadId(8) -- REPLACE INTO 'main'.'message_search_index_data'(id, block) VALUES(?,?)
2026-10-05T12:04:15.384516607Z SQLTRACE end writer ThreadId(8) rows=0 REPLACE INTO 'main'.'message_search_index_data'(id, block) VALUES(?,?)
2026-10-05T12:04:15.384519815Z SQLTRACE start writer ThreadId(8) -- PRAGMA 'main'.data_version
2026-10-05T12:04:15.384531941Z SQLTRACE end writer ThreadId(8) rows=1 PRAGMA 'main'.data_version
2026-10-05T12:04:15.384657693Z SQLTRACE start writer ThreadId(8) -- REPLACE INTO 'main'.'message_search_index_data'(id, block) VALUES(?,?)
2026-10-05T12:04:15.384666776Z SQLTRACE end writer ThreadId(8) rows=1 REPLACE INTO 'main'.'message_search_index_data'(id, block) VALUES(?,?)
2026-10-05T12:04:15.384670068Z SQLTRACE start writer ThreadId(8) -- INSERT INTO 'main'.'message_search_index_idx'(segid,term,pgno) VALUES(?,?,?)
2026-10-05T12:04:15.384673943Z SQLTRACE end writer ThreadId(8) rows=0 INSERT INTO 'main'.'message_search_index_idx'(segid,term,pgno) VALUES(?,?,?)
2026-10-05T12:04:15.384677776Z SQLTRACE start writer ThreadId(8) -- REPLACE INTO 'main'.'message_search_index_data'(id, block) VALUES(?,?)
2026-10-05T12:04:15.384680943Z SQLTRACE end writer ThreadId(8) rows=0 REPLACE INTO 'main'.'message_search_index_data'(id, block) VALUES(?,?)
2026-10-05T12:04:15.384784486Z SQLTRACE end writer ThreadId(8) rows=0 insert into message_search_index(rowid, body) values (?, ?)
2026-10-05T12:04:15.384794445Z SQLTRACE start writer ThreadId(8) UPDATE "memberships" SET "unread_at" = '2026-10-05 12:04:15.383589', "updated_at" = '2026-10-05 12:04:15.384703' WHERE "memberships"."room_id" = 201306877 AND "memberships"."involvement" != 'invisible' AND ("memberships"."connected_at" IS NULL OR "memberships"."connected_at" < '2026-10-05 12:03:15.384703') AND "memberships"."user_id" != 127326141
2026-10-05T12:04:15.384925905Z SQLTRACE end writer ThreadId(8) rows=0 UPDATE "memberships" SET "unread_at" = ?, "updated_at" = ? WHERE "memberships"."room_id" = ? AND "memberships"."involvement" != ? AND ("memberships"."connected_at" IS NULL OR "memberships"."connected_at" < ?) AND "memberships"."user_id" != ?
2026-10-05T12:04:15.385154242Z SQLTRACE start reader ThreadId(10) SELECT "messages"."id", "messages"."room_id", "messages"."creator_id", "messages"."client_message_id", "messages"."created_at", "messages"."updated_at" FROM "messages" WHERE "messages"."id" = 933434645 LIMIT 1
2026-10-05T12:04:15.385166034Z SQLTRACE start reader ThreadId(3) SELECT "rooms"."id", "rooms"."name", "rooms"."type", "rooms"."creator_id", "rooms"."created_at", "rooms"."updated_at" FROM "rooms" WHERE "rooms"."id" = 201306877 LIMIT 1
2026-10-05T12:04:15.385179159Z SQLTRACE end reader ThreadId(10) rows=1 SELECT "messages"."id", "messages"."room_id", "messages"."creator_id", "messages"."client_message_id", "messages"."created_at", "messages"."updated_at" FROM "messages" WHERE "messages"."id" = ? LIMIT 1
2026-10-05T12:04:15.385185201Z SQLTRACE end reader ThreadId(3) rows=1 SELECT "rooms"."id", "rooms"."name", "rooms"."type", "rooms"."creator_id", "rooms"."created_at", "rooms"."updated_at" FROM "rooms" WHERE "rooms"."id" = ? LIMIT 1
2026-10-05T12:04:15.385346078Z SQLTRACE start reader ThreadId(10) SELECT "rooms"."id", "rooms"."name", "rooms"."type", "rooms"."creator_id", "rooms"."created_at", "rooms"."updated_at" FROM "rooms" WHERE "rooms"."id" = 201306877 LIMIT 1
2026-10-05T12:04:15.385357287Z SQLTRACE end reader ThreadId(10) rows=1 SELECT "rooms"."id", "rooms"."name", "rooms"."type", "rooms"."creator_id", "rooms"."created_at", "rooms"."updated_at" FROM "rooms" WHERE "rooms"."id" = ? LIMIT 1
2026-10-05T12:04:15.385362329Z SQLTRACE start reader ThreadId(3) SELECT "action_text_rich_texts"."id", "action_text_rich_texts"."name", "action_text_rich_texts"."body", "action_text_rich_texts"."record_type", "action_text_rich_texts"."record_id", "action_text_rich_texts"."created_at", "action_text_rich_texts"."updated_at" FROM "action_text_rich_texts" WHERE "action_text_rich_texts"."record_id" = 933434645 AND "action_text_rich_texts"."record_type" = 'Message' AND "action_text_rich_texts"."name" = 'body' LIMIT 1
2026-10-05T12:04:15.385512289Z SQLTRACE start reader ThreadId(10) SELECT "users"."id", "users"."name", "users"."email_address", "users"."password_digest", "users"."role", "users"."status", "users"."bio", "users"."bot_token", "users"."created_at", "users"."updated_at" FROM "users" WHERE "users"."id" = 127326141 LIMIT 1
2026-10-05T12:04:15.385534290Z SQLTRACE end reader ThreadId(3) rows=1 SELECT "action_text_rich_texts"."id", "action_text_rich_texts"."name", "action_text_rich_texts"."body", "action_text_rich_texts"."record_type", "action_text_rich_texts"."record_id", "action_text_rich_texts"."created_at", "action_text_rich_texts"."updated_at" FROM "action_text_rich_texts" WHERE "action_text_rich_texts"."record_id" = ? AND "action_text_rich_texts"."record_type" = ? AND "action_text_rich_texts"."name" = ? LIMIT 1
2026-10-05T12:04:15.385542081Z SQLTRACE end reader ThreadId(10) rows=1 SELECT "users"."id", "users"."name", "users"."email_address", "users"."password_digest", "users"."role", "users"."status", "users"."bio", "users"."bot_token", "users"."created_at", "users"."updated_at" FROM "users" WHERE "users"."id" = ? LIMIT 1
2026-10-05T12:04:15.385574040Z SQLTRACE start reader ThreadId(3) SELECT "users"."id", "users"."name", "users"."email_address", "users"."password_digest", "users"."role", "users"."status", "users"."bio", "users"."bot_token", "users"."created_at", "users"."updated_at" FROM "users" WHERE "users"."id" = 127326141 LIMIT 1
2026-10-05T12:04:15.385581582Z SQLTRACE end reader ThreadId(3) rows=1 SELECT "users"."id", "users"."name", "users"."email_address", "users"."password_digest", "users"."role", "users"."status", "users"."bio", "users"."bot_token", "users"."created_at", "users"."updated_at" FROM "users" WHERE "users"."id" = ? LIMIT 1
2026-10-05T12:04:15.385587290Z SQLTRACE start reader ThreadId(10) SELECT "action_text_rich_texts"."id", "action_text_rich_texts"."name", "action_text_rich_texts"."body", "action_text_rich_texts"."record_type", "action_text_rich_texts"."record_id", "action_text_rich_texts"."created_at", "action_text_rich_texts"."updated_at" FROM "action_text_rich_texts" WHERE "action_text_rich_texts"."record_id" = 933434645 AND "action_text_rich_texts"."record_type" = 'Message' AND "action_text_rich_texts"."name" = 'body' LIMIT 1
2026-10-05T12:04:15.385688917Z SQLTRACE start reader ThreadId(3) SELECT "action_text_rich_texts"."id", "action_text_rich_texts"."name", "action_text_rich_texts"."body", "action_text_rich_texts"."record_type", "action_text_rich_texts"."record_id", "action_text_rich_texts"."created_at", "action_text_rich_texts"."updated_at" FROM "action_text_rich_texts" WHERE "action_text_rich_texts"."record_id" = 933434645 AND "action_text_rich_texts"."record_type" = 'Message' AND "action_text_rich_texts"."name" = 'body' LIMIT 1
2026-10-05T12:04:15.385706542Z SQLTRACE end reader ThreadId(10) rows=1 SELECT "action_text_rich_texts"."id", "action_text_rich_texts"."name", "action_text_rich_texts"."body", "action_text_rich_texts"."record_type", "action_text_rich_texts"."record_id", "action_text_rich_texts"."created_at", "action_text_rich_texts"."updated_at" FROM "action_text_rich_texts" WHERE "action_text_rich_texts"."record_id" = ? AND "action_text_rich_texts"."record_type" = ? AND "action_text_rich_texts"."name" = ? LIMIT 1
2026-10-05T12:04:15.385714792Z SQLTRACE end reader ThreadId(3) rows=1 SELECT "action_text_rich_texts"."id", "action_text_rich_texts"."name", "action_text_rich_texts"."body", "action_text_rich_texts"."record_type", "action_text_rich_texts"."record_id", "action_text_rich_texts"."created_at", "action_text_rich_texts"."updated_at" FROM "action_text_rich_texts" WHERE "action_text_rich_texts"."record_id" = ? AND "action_text_rich_texts"."record_type" = ? AND "action_text_rich_texts"."name" = ? LIMIT 1
2026-10-05T12:04:15.385729376Z SQLTRACE start reader ThreadId(10) SELECT "push_subscriptions".* FROM "push_subscriptions" INNER JOIN "users" ON "users"."id" = "push_subscriptions"."user_id" INNER JOIN "memberships" ON "memberships"."user_id" = "users"."id" WHERE ("memberships"."connected_at" IS NULL OR "memberships"."connected_at" < '2026-10-05 12:03:15.385137') AND "memberships"."room_id" = 201306877 AND "memberships"."user_id" != 127326141 AND "memberships"."involvement" = 'everything'
2026-10-05T12:04:15.385813002Z SQLTRACE start reader ThreadId(3) SELECT b.id, b.key, b.filename, b.content_type, b.metadata, b.service_name, b.byte_size, b.checksum, b.created_at FROM active_storage_blobs b JOIN active_storage_attachments a ON a.blob_id = b.id WHERE a.record_type = 'Message' AND a.record_id = 933434645 AND a.name = 'attachment' ORDER BY a.id LIMIT 1
2026-10-05T12:04:15.385834711Z SQLTRACE end reader ThreadId(10) rows=3 SELECT "push_subscriptions".* FROM "push_subscriptions" INNER JOIN "users" ON "users"."id" = "push_subscriptions"."user_id" INNER JOIN "memberships" ON "memberships"."user_id" = "users"."id" WHERE ("memberships"."connected_at" IS NULL OR "memberships"."connected_at" < ?) AND "memberships"."room_id" = ? AND "memberships"."user_id" != ? AND "memberships"."involvement" = 'everything'
2026-10-05T12:04:15.385865753Z SQLTRACE end reader ThreadId(3) rows=0 SELECT b.id, b.key, b.filename, b.content_type, b.metadata, b.service_name, b.byte_size, b.checksum, b.created_at FROM active_storage_blobs b JOIN active_storage_attachments a ON a.blob_id = b.id WHERE a.record_type = ?1 AND a.record_id = ?2 AND a.name = ?3 ORDER BY a.id LIMIT 1
2026-10-05T12:04:15.386030172Z SQLTRACE start reader ThreadId(10) SELECT "action_text_rich_texts"."id", "action_text_rich_texts"."name", "action_text_rich_texts"."body", "action_text_rich_texts"."record_type", "action_text_rich_texts"."record_id", "action_text_rich_texts"."created_at", "action_text_rich_texts"."updated_at" FROM "action_text_rich_texts" WHERE "action_text_rich_texts"."record_id" = 933434645 AND "action_text_rich_texts"."record_type" = 'Message' AND "action_text_rich_texts"."name" = 'body' LIMIT 1
2026-10-05T12:04:15.386044048Z SQLTRACE end reader ThreadId(10) rows=1 SELECT "action_text_rich_texts"."id", "action_text_rich_texts"."name", "action_text_rich_texts"."body", "action_text_rich_texts"."record_type", "action_text_rich_texts"."record_id", "action_text_rich_texts"."created_at", "action_text_rich_texts"."updated_at" FROM "action_text_rich_texts" WHERE "action_text_rich_texts"."record_id" = ? AND "action_text_rich_texts"."record_type" = ? AND "action_text_rich_texts"."name" = ? LIMIT 1
2026-10-05T12:04:15.386051048Z SQLTRACE start reader ThreadId(3) SELECT "boosts"."id", "boosts"."message_id", "boosts"."booster_id", "boosts"."content", "boosts"."created_at", "boosts"."updated_at" FROM "boosts" WHERE "boosts"."message_id" = 933434645 ORDER BY "boosts"."created_at" ASC
2026-10-05T12:04:15.386056381Z SQLTRACE start reader ThreadId(10) SELECT COUNT(*) FROM "memberships" WHERE "memberships"."user_id" = 773523953 AND "memberships"."unread_at" IS NOT NULL
2026-10-05T12:04:15.386060298Z SQLTRACE end reader ThreadId(3) rows=0 SELECT "boosts"."id", "boosts"."message_id", "boosts"."booster_id", "boosts"."content", "boosts"."created_at", "boosts"."updated_at" FROM "boosts" WHERE "boosts"."message_id" = ? ORDER BY "boosts"."created_at" ASC
2026-10-05T12:04:15.386080923Z SQLTRACE start reader ThreadId(3) SELECT "accounts"."id", "accounts"."name", "accounts"."join_code", "accounts"."custom_styles", "accounts"."settings", "accounts"."singleton_guard", "accounts"."created_at", "accounts"."updated_at" FROM "accounts" ORDER BY "accounts"."id" ASC LIMIT 1
2026-10-05T12:04:15.386092757Z SQLTRACE end reader ThreadId(3) rows=1 SELECT "accounts"."id", "accounts"."name", "accounts"."join_code", "accounts"."custom_styles", "accounts"."settings", "accounts"."singleton_guard", "accounts"."created_at", "accounts"."updated_at" FROM "accounts" ORDER BY "accounts"."id" ASC LIMIT 1
2026-10-05T12:04:15.386235634Z SQLTRACE end reader ThreadId(10) rows=1 SELECT COUNT(*) FROM "memberships" WHERE "memberships"."user_id" = ? AND "memberships"."unread_at" IS NOT NULL
2026-10-05T12:04:15.386246217Z SQLTRACE start reader ThreadId(10) SELECT COUNT(*) FROM "memberships" WHERE "memberships"."user_id" = 712064548 AND "memberships"."unread_at" IS NOT NULL
2026-10-05T12:04:15.386318302Z SQLTRACE end reader ThreadId(10) rows=1 SELECT COUNT(*) FROM "memberships" WHERE "memberships"."user_id" = ? AND "memberships"."unread_at" IS NOT NULL
2026-10-05T12:04:15.386325760Z SQLTRACE start reader ThreadId(10) SELECT COUNT(*) FROM "memberships" WHERE "memberships"."user_id" = 149087659 AND "memberships"."unread_at" IS NOT NULL
2026-10-05T12:04:15.386329594Z SQLTRACE end reader ThreadId(10) rows=1 SELECT COUNT(*) FROM "memberships" WHERE "memberships"."user_id" = ? AND "memberships"."unread_at" IS NOT NULL
2026-10-05T12:04:15.386498680Z SQLTRACE start reader ThreadId(3) SELECT "memberships"."id", "memberships"."room_id", "memberships"."user_id", "memberships"."involvement", "memberships"."unread_at", "memberships"."connected_at", "memberships"."connections", "memberships"."created_at", "memberships"."updated_at" FROM "memberships" WHERE "memberships"."room_id" = 201306877
2026-10-05T12:04:15.386516972Z SQLTRACE end reader ThreadId(3) rows=6 SELECT "memberships"."id", "memberships"."room_id", "memberships"."user_id", "memberships"."involvement", "memberships"."unread_at", "memberships"."connected_at", "memberships"."connections", "memberships"."created_at", "memberships"."updated_at" FROM "memberships" WHERE "memberships"."room_id" = ?
2026-10-05T12:04:15.386628015Z SQLTRACE start reader ThreadId(3) SELECT "action_text_rich_texts"."id", "action_text_rich_texts"."name", "action_text_rich_texts"."body", "action_text_rich_texts"."record_type", "action_text_rich_texts"."record_id", "action_text_rich_texts"."created_at", "action_text_rich_texts"."updated_at" FROM "action_text_rich_texts" WHERE "action_text_rich_texts"."record_id" = 933434645 AND "action_text_rich_texts"."record_type" = 'Message' AND "action_text_rich_texts"."name" = 'body' LIMIT 1
2026-10-05T12:04:15.386640765Z SQLTRACE end reader ThreadId(3) rows=1 SELECT "action_text_rich_texts"."id", "action_text_rich_texts"."name", "action_text_rich_texts"."body", "action_text_rich_texts"."record_type", "action_text_rich_texts"."record_id", "action_text_rich_texts"."created_at", "action_text_rich_texts"."updated_at" FROM "action_text_rich_texts" WHERE "action_text_rich_texts"."record_id" = ? AND "action_text_rich_texts"."record_type" = ? AND "action_text_rich_texts"."name" = ? LIMIT 1
2026-10-05T12:04:15.386744142Z SQLTRACE start reader ThreadId(3) SELECT "accounts"."id", "accounts"."name", "accounts"."join_code", "accounts"."custom_styles", "accounts"."settings", "accounts"."singleton_guard", "accounts"."created_at", "accounts"."updated_at" FROM "accounts" ORDER BY "accounts"."id" ASC LIMIT 1
2026-10-05T12:04:15.386755642Z SQLTRACE end reader ThreadId(3) rows=1 SELECT "accounts"."id", "accounts"."name", "accounts"."join_code", "accounts"."custom_styles", "accounts"."settings", "accounts"."singleton_guard", "accounts"."created_at", "accounts"."updated_at" FROM "accounts" ORDER BY "accounts"."id" ASC LIMIT 1
2026-10-05T12:04:15.387383069Z [2m2026-10-05T12:04:15.387183Z[0m [32m INFO[0m [2mthruster[0m[2m:[0m Request [3mpath[0m[2m=[0m/rooms/201306877/messages [3mstatus[0m[2m=[0m200 [3mdur[0m[2m=[0m4 [3mmethod[0m[2m=[0mPOST [3mreq_content_length[0m[2m=[0m104 [3mreq_content_type[0m[2m=[0mapplication/x-www-form-urlencoded [3mresp_content_length[0m[2m=[0m1989 [3mresp_content_type[0m[2m=[0mtext/vnd.turbo-stream.html; charset=utf-8 [3mremote_addr[0m[2m=[0m127.0.0.1:55840 [3muser_agent[0m[2m=[0m [3mcache[0m[2m=[0mbypass [3mquery[0m[2m=[0m [3mproto[0m[2m=[0m"HTTP/1.1"
2026-10-05T12:04:18.513108070Z SQLTRACE start reader ThreadId(5) SELECT 1 AS one FROM "bans" WHERE "bans"."ip_address" = '127.0.0.1' LIMIT 1
2026-10-05T12:04:18.513179280Z SQLTRACE end reader ThreadId(5) rows=0 SELECT 1 AS one FROM "bans" WHERE "bans"."ip_address" = ? LIMIT 1
2026-10-05T12:04:18.513186196Z SQLTRACE start reader ThreadId(5) SELECT "sessions"."id", "sessions"."user_id", "sessions"."token", "sessions"."ip_address", "sessions"."user_agent", "sessions"."last_active_at", "sessions"."created_at", "sessions"."updated_at" FROM "sessions" WHERE "sessions"."token" = 'vZuXbHrmde1pgqLcyxsVoq6x' LIMIT 1
2026-10-05T12:04:18.513193280Z SQLTRACE end reader ThreadId(5) rows=1 SELECT "sessions"."id", "sessions"."user_id", "sessions"."token", "sessions"."ip_address", "sessions"."user_agent", "sessions"."last_active_at", "sessions"."created_at", "sessions"."updated_at" FROM "sessions" WHERE "sessions"."token" = ? LIMIT 1
2026-10-05T12:04:18.513317532Z SQLTRACE start reader ThreadId(5) SELECT "users"."id", "users"."name", "users"."email_address", "users"."password_digest", "users"."role", "users"."status", "users"."bio", "users"."bot_token", "users"."created_at", "users"."updated_at" FROM "users" WHERE "users"."id" = 127326141 LIMIT 1
2026-10-05T12:04:18.513339532Z SQLTRACE end reader ThreadId(5) rows=1 SELECT "users"."id", "users"."name", "users"."email_address", "users"."password_digest", "users"."role", "users"."status", "users"."bio", "users"."bot_token", "users"."created_at", "users"."updated_at" FROM "users" WHERE "users"."id" = ? LIMIT 1
2026-10-05T12:04:18.513347324Z SQLTRACE start reader ThreadId(5) SELECT "memberships"."id", "memberships"."room_id", "memberships"."user_id", "memberships"."involvement", "memberships"."unread_at", "memberships"."connected_at", "memberships"."connections", "memberships"."created_at", "memberships"."updated_at" FROM "memberships" WHERE "memberships"."room_id" = 201306877 AND "memberships"."user_id" = 127326141 LIMIT 1
2026-10-05T12:04:18.513354449Z SQLTRACE end reader ThreadId(5) rows=1 SELECT "memberships"."id", "memberships"."room_id", "memberships"."user_id", "memberships"."involvement", "memberships"."unread_at", "memberships"."connected_at", "memberships"."connections", "memberships"."created_at", "memberships"."updated_at" FROM "memberships" WHERE "memberships"."room_id" = ? AND "memberships"."user_id" = ? LIMIT 1
2026-10-05T12:04:18.513360491Z SQLTRACE start reader ThreadId(5) SELECT "rooms"."id", "rooms"."name", "rooms"."type", "rooms"."creator_id", "rooms"."created_at", "rooms"."updated_at" FROM "rooms" WHERE "rooms"."id" = 201306877 LIMIT 1
2026-10-05T12:04:18.513405325Z SQLTRACE end reader ThreadId(5) rows=1 SELECT "rooms"."id", "rooms"."name", "rooms"."type", "rooms"."creator_id", "rooms"."created_at", "rooms"."updated_at" FROM "rooms" WHERE "rooms"."id" = ? LIMIT 1
2026-10-05T12:04:18.513662287Z SQLTRACE start writer ThreadId(8) BEGIN IMMEDIATE
2026-10-05T12:04:18.513688871Z SQLTRACE end writer ThreadId(8) rows=0 BEGIN IMMEDIATE
2026-10-05T12:04:18.513694538Z SQLTRACE start writer ThreadId(8) INSERT INTO "messages" ("client_message_id", "created_at", "creator_id", "room_id", "updated_at") VALUES ('18dba0998f85b06c8', '2026-10-05 12:04:18.513543', 127326141, 201306877, '2026-10-05 12:04:18.513543') RETURNING "id"
2026-10-05T12:04:18.513820415Z SQLTRACE end writer ThreadId(8) rows=1 INSERT INTO "messages" ("client_message_id", "created_at", "creator_id", "room_id", "updated_at") VALUES (?, ?, ?, ?, ?) RETURNING "id"
2026-10-05T12:04:18.513835790Z SQLTRACE start writer ThreadId(8) INSERT INTO "action_text_rich_texts" ("body", "created_at", "name", "record_id", "record_type", "updated_at") VALUES ('bench write 8', '2026-10-05 12:04:18.513695', 'body', 933434646, 'Message', '2026-10-05 12:04:18.513695') RETURNING "id"
2026-10-05T12:04:18.513842457Z SQLTRACE end writer ThreadId(8) rows=1 INSERT INTO "action_text_rich_texts" ("body", "created_at", "name", "record_id", "record_type", "updated_at") VALUES (?, ?, ?, ?, ?, ?) RETURNING "id"
2026-10-05T12:04:18.513847248Z SQLTRACE start writer ThreadId(8) UPDATE "messages" SET "updated_at" = '2026-10-05 12:04:18.513758' WHERE "messages"."id" = 933434646
2026-10-05T12:04:18.513851332Z SQLTRACE end writer ThreadId(8) rows=0 UPDATE "messages" SET "updated_at" = ? WHERE "messages"."id" = ?
2026-10-05T12:04:18.513895999Z SQLTRACE start writer ThreadId(8) UPDATE "rooms" SET "updated_at" = '2026-10-05 12:04:18.513806' WHERE "rooms"."id" = 201306877
2026-10-05T12:04:18.513912124Z SQLTRACE end writer ThreadId(8) rows=0 UPDATE "rooms" SET "updated_at" = ? WHERE "rooms"."id" = ?
2026-10-05T12:04:18.513917624Z SQLTRACE start writer ThreadId(8) COMMIT
2026-10-05T12:04:18.514225587Z SQLTRACE end writer ThreadId(8) rows=0 COMMIT
2026-10-05T12:04:18.514235088Z SQLTRACE start writer ThreadId(8) SELECT "action_text_rich_texts"."id", "action_text_rich_texts"."name", "action_text_rich_texts"."body", "action_text_rich_texts"."record_type", "action_text_rich_texts"."record_id", "action_text_rich_texts"."created_at", "action_text_rich_texts"."updated_at" FROM "action_text_rich_texts" WHERE "action_text_rich_texts"."record_id" = 933434646 AND "action_text_rich_texts"."record_type" = 'Message' AND "action_text_rich_texts"."name" = 'body' LIMIT 1
2026-10-05T12:04:18.514242546Z SQLTRACE end writer ThreadId(8) rows=1 SELECT "action_text_rich_texts"."id", "action_text_rich_texts"."name", "action_text_rich_texts"."body", "action_text_rich_texts"."record_type", "action_text_rich_texts"."record_id", "action_text_rich_texts"."created_at", "action_text_rich_texts"."updated_at" FROM "action_text_rich_texts" WHERE "action_text_rich_texts"."record_id" = ? AND "action_text_rich_texts"."record_type" = ? AND "action_text_rich_texts"."name" = ? LIMIT 1
2026-10-05T12:04:18.514293964Z SQLTRACE start writer ThreadId(8) insert into message_search_index(rowid, body) values (933434646, 'bench write 8')
2026-10-05T12:04:18.514305714Z SQLTRACE start writer ThreadId(8) -- PRAGMA 'main'.data_version
2026-10-05T12:04:18.514309380Z SQLTRACE end writer ThreadId(8) rows=1 PRAGMA 'main'.data_version
2026-10-05T12:04:18.514312964Z SQLTRACE start writer ThreadId(8) -- INSERT INTO 'main'.'message_search_index_content' VALUES(?1,?2)
2026-10-05T12:04:18.514401965Z SQLTRACE end writer ThreadId(8) rows=0 INSERT INTO 'main'.'message_search_index_content' VALUES(?1,?2)
2026-10-05T12:04:18.514411174Z SQLTRACE start writer ThreadId(8) -- REPLACE INTO 'main'.'message_search_index_docsize' VALUES(?,?)
2026-10-05T12:04:18.514415340Z SQLTRACE end writer ThreadId(8) rows=1 REPLACE INTO 'main'.'message_search_index_docsize' VALUES(?,?)
2026-10-05T12:04:18.514418715Z SQLTRACE start writer ThreadId(8) -- REPLACE INTO 'main'.'message_search_index_data'(id, block) VALUES(?,?)
2026-10-05T12:04:18.514422174Z SQLTRACE end writer ThreadId(8) rows=0 REPLACE INTO 'main'.'message_search_index_data'(id, block) VALUES(?,?)
2026-10-05T12:04:18.514425341Z SQLTRACE start writer ThreadId(8) -- PRAGMA 'main'.data_version
2026-10-05T12:04:18.514496258Z SQLTRACE end writer ThreadId(8) rows=1 PRAGMA 'main'.data_version
2026-10-05T12:04:18.514511509Z SQLTRACE start writer ThreadId(8) -- REPLACE INTO 'main'.'message_search_index_data'(id, block) VALUES(?,?)
2026-10-05T12:04:18.514563843Z SQLTRACE end writer ThreadId(8) rows=1 REPLACE INTO 'main'.'message_search_index_data'(id, block) VALUES(?,?)
2026-10-05T12:04:18.514582010Z SQLTRACE start writer ThreadId(8) -- INSERT INTO 'main'.'message_search_index_idx'(segid,term,pgno) VALUES(?,?,?)
2026-10-05T12:04:18.514585801Z SQLTRACE end writer ThreadId(8) rows=0 INSERT INTO 'main'.'message_search_index_idx'(segid,term,pgno) VALUES(?,?,?)
2026-10-05T12:04:18.514589468Z SQLTRACE start writer ThreadId(8) -- REPLACE INTO 'main'.'message_search_index_data'(id, block) VALUES(?,?)
2026-10-05T12:04:18.514592718Z SQLTRACE end writer ThreadId(8) rows=0 REPLACE INTO 'main'.'message_search_index_data'(id, block) VALUES(?,?)
2026-10-05T12:04:18.514807388Z SQLTRACE end writer ThreadId(8) rows=0 insert into message_search_index(rowid, body) values (?, ?)
2026-10-05T12:04:18.514817388Z SQLTRACE start writer ThreadId(8) UPDATE "memberships" SET "unread_at" = '2026-10-05 12:04:18.513543', "updated_at" = '2026-10-05 12:04:18.514668' WHERE "memberships"."room_id" = 201306877 AND "memberships"."involvement" != 'invisible' AND ("memberships"."connected_at" IS NULL OR "memberships"."connected_at" < '2026-10-05 12:03:18.514668') AND "memberships"."user_id" != 127326141
2026-10-05T12:04:18.514872597Z SQLTRACE end writer ThreadId(8) rows=0 UPDATE "memberships" SET "unread_at" = ?, "updated_at" = ? WHERE "memberships"."room_id" = ? AND "memberships"."involvement" != ? AND ("memberships"."connected_at" IS NULL OR "memberships"."connected_at" < ?) AND "memberships"."user_id" != ?
2026-10-05T12:04:18.515147643Z SQLTRACE start reader ThreadId(12) SELECT "messages"."id", "messages"."room_id", "messages"."creator_id", "messages"."client_message_id", "messages"."created_at", "messages"."updated_at" FROM "messages" WHERE "messages"."id" = 933434646 LIMIT 1
2026-10-05T12:04:18.515173352Z SQLTRACE start reader ThreadId(11) SELECT "rooms"."id", "rooms"."name", "rooms"."type", "rooms"."creator_id", "rooms"."created_at", "rooms"."updated_at" FROM "rooms" WHERE "rooms"."id" = 201306877 LIMIT 1
2026-10-05T12:04:18.515292812Z SQLTRACE end reader ThreadId(11) rows=1 SELECT "rooms"."id", "rooms"."name", "rooms"."type", "rooms"."creator_id", "rooms"."created_at", "rooms"."updated_at" FROM "rooms" WHERE "rooms"."id" = ? LIMIT 1
2026-10-05T12:04:18.515311771Z SQLTRACE start reader ThreadId(11) SELECT "action_text_rich_texts"."id", "action_text_rich_texts"."name", "action_text_rich_texts"."body", "action_text_rich_texts"."record_type", "action_text_rich_texts"."record_id", "action_text_rich_texts"."created_at", "action_text_rich_texts"."updated_at" FROM "action_text_rich_texts" WHERE "action_text_rich_texts"."record_id" = 933434646 AND "action_text_rich_texts"."record_type" = 'Message' AND "action_text_rich_texts"."name" = 'body' LIMIT 1
2026-10-05T12:04:18.515319896Z SQLTRACE end reader ThreadId(12) rows=1 SELECT "messages"."id", "messages"."room_id", "messages"."creator_id", "messages"."client_message_id", "messages"."created_at", "messages"."updated_at" FROM "messages" WHERE "messages"."id" = ? LIMIT 1
2026-10-05T12:04:18.515325229Z SQLTRACE end reader ThreadId(11) rows=1 SELECT "action_text_rich_texts"."id", "action_text_rich_texts"."name", "action_text_rich_texts"."body", "action_text_rich_texts"."record_type", "action_text_rich_texts"."record_id", "action_text_rich_texts"."created_at", "action_text_rich_texts"."updated_at" FROM "action_text_rich_texts" WHERE "action_text_rich_texts"."record_id" = ? AND "action_text_rich_texts"."record_type" = ? AND "action_text_rich_texts"."name" = ? LIMIT 1
2026-10-05T12:04:18.515331605Z SQLTRACE start reader ThreadId(12) SELECT "rooms"."id", "rooms"."name", "rooms"."type", "rooms"."creator_id", "rooms"."created_at", "rooms"."updated_at" FROM "rooms" WHERE "rooms"."id" = 201306877 LIMIT 1
2026-10-05T12:04:18.515422939Z SQLTRACE end reader ThreadId(12) rows=1 SELECT "rooms"."id", "rooms"."name", "rooms"."type", "rooms"."creator_id", "rooms"."created_at", "rooms"."updated_at" FROM "rooms" WHERE "rooms"."id" = ? LIMIT 1
2026-10-05T12:04:18.515433106Z SQLTRACE start reader ThreadId(12) SELECT "users"."id", "users"."name", "users"."email_address", "users"."password_digest", "users"."role", "users"."status", "users"."bio", "users"."bot_token", "users"."created_at", "users"."updated_at" FROM "users" WHERE "users"."id" = 127326141 LIMIT 1
2026-10-05T12:04:18.515439065Z SQLTRACE start reader ThreadId(11) SELECT "users"."id", "users"."name", "users"."email_address", "users"."password_digest", "users"."role", "users"."status", "users"."bio", "users"."bot_token", "users"."created_at", "users"."updated_at" FROM "users" WHERE "users"."id" = 127326141 LIMIT 1
2026-10-05T12:04:18.515486065Z SQLTRACE end reader ThreadId(12) rows=1 SELECT "users"."id", "users"."name", "users"."email_address", "users"."password_digest", "users"."role", "users"."status", "users"."bio", "users"."bot_token", "users"."created_at", "users"."updated_at" FROM "users" WHERE "users"."id" = ? LIMIT 1
2026-10-05T12:04:18.515508691Z SQLTRACE end reader ThreadId(11) rows=1 SELECT "users"."id", "users"."name", "users"."email_address", "users"."password_digest", "users"."role", "users"."status", "users"."bio", "users"."bot_token", "users"."created_at", "users"."updated_at" FROM "users" WHERE "users"."id" = ? LIMIT 1
2026-10-05T12:04:18.515515232Z SQLTRACE start reader ThreadId(12) SELECT "action_text_rich_texts"."id", "action_text_rich_texts"."name", "action_text_rich_texts"."body", "action_text_rich_texts"."record_type", "action_text_rich_texts"."record_id", "action_text_rich_texts"."created_at", "action_text_rich_texts"."updated_at" FROM "action_text_rich_texts" WHERE "action_text_rich_texts"."record_id" = 933434646 AND "action_text_rich_texts"."record_type" = 'Message' AND "action_text_rich_texts"."name" = 'body' LIMIT 1
2026-10-05T12:04:18.515635193Z SQLTRACE start reader ThreadId(11) SELECT "action_text_rich_texts"."id", "action_text_rich_texts"."name", "action_text_rich_texts"."body", "action_text_rich_texts"."record_type", "action_text_rich_texts"."record_id", "action_text_rich_texts"."created_at", "action_text_rich_texts"."updated_at" FROM "action_text_rich_texts" WHERE "action_text_rich_texts"."record_id" = 933434646 AND "action_text_rich_texts"."record_type" = 'Message' AND "action_text_rich_texts"."name" = 'body' LIMIT 1
2026-10-05T12:04:18.515648151Z SQLTRACE end reader ThreadId(11) rows=1 SELECT "action_text_rich_texts"."id", "action_text_rich_texts"."name", "action_text_rich_texts"."body", "action_text_rich_texts"."record_type", "action_text_rich_texts"."record_id", "action_text_rich_texts"."created_at", "action_text_rich_texts"."updated_at" FROM "action_text_rich_texts" WHERE "action_text_rich_texts"."record_id" = ? AND "action_text_rich_texts"."record_type" = ? AND "action_text_rich_texts"."name" = ? LIMIT 1
2026-10-05T12:04:18.515655151Z SQLTRACE end reader ThreadId(12) rows=1 SELECT "action_text_rich_texts"."id", "action_text_rich_texts"."name", "action_text_rich_texts"."body", "action_text_rich_texts"."record_type", "action_text_rich_texts"."record_id", "action_text_rich_texts"."created_at", "action_text_rich_texts"."updated_at" FROM "action_text_rich_texts" WHERE "action_text_rich_texts"."record_id" = ? AND "action_text_rich_texts"."record_type" = ? AND "action_text_rich_texts"."name" = ? LIMIT 1
2026-10-05T12:04:18.515661568Z SQLTRACE start reader ThreadId(11) SELECT b.id, b.key, b.filename, b.content_type, b.metadata, b.service_name, b.byte_size, b.checksum, b.created_at FROM active_storage_blobs b JOIN active_storage_attachments a ON a.blob_id = b.id WHERE a.record_type = 'Message' AND a.record_id = 933434646 AND a.name = 'attachment' ORDER BY a.id LIMIT 1
2026-10-05T12:04:18.515701527Z SQLTRACE start reader ThreadId(12) SELECT "push_subscriptions".* FROM "push_subscriptions" INNER JOIN "users" ON "users"."id" = "push_subscriptions"."user_id" INNER JOIN "memberships" ON "memberships"."user_id" = "users"."id" WHERE ("memberships"."connected_at" IS NULL OR "memberships"."connected_at" < '2026-10-05 12:03:18.515258') AND "memberships"."room_id" = 201306877 AND "memberships"."user_id" != 127326141 AND "memberships"."involvement" = 'everything'
2026-10-05T12:04:18.515716194Z SQLTRACE end reader ThreadId(11) rows=0 SELECT b.id, b.key, b.filename, b.content_type, b.metadata, b.service_name, b.byte_size, b.checksum, b.created_at FROM active_storage_blobs b JOIN active_storage_attachments a ON a.blob_id = b.id WHERE a.record_type = ?1 AND a.record_id = ?2 AND a.name = ?3 ORDER BY a.id LIMIT 1
2026-10-05T12:04:18.515838446Z SQLTRACE end reader ThreadId(12) rows=3 SELECT "push_subscriptions".* FROM "push_subscriptions" INNER JOIN "users" ON "users"."id" = "push_subscriptions"."user_id" INNER JOIN "memberships" ON "memberships"."user_id" = "users"."id" WHERE ("memberships"."connected_at" IS NULL OR "memberships"."connected_at" < ?) AND "memberships"."room_id" = ? AND "memberships"."user_id" != ? AND "memberships"."involvement" = 'everything'
2026-10-05T12:04:18.515851113Z SQLTRACE start reader ThreadId(12) SELECT "action_text_rich_texts"."id", "action_text_rich_texts"."name", "action_text_rich_texts"."body", "action_text_rich_texts"."record_type", "action_text_rich_texts"."record_id", "action_text_rich_texts"."created_at", "action_text_rich_texts"."updated_at" FROM "action_text_rich_texts" WHERE "action_text_rich_texts"."record_id" = 933434646 AND "action_text_rich_texts"."record_type" = 'Message' AND "action_text_rich_texts"."name" = 'body' LIMIT 1
2026-10-05T12:04:18.515858154Z SQLTRACE start reader ThreadId(11) SELECT "boosts"."id", "boosts"."message_id", "boosts"."booster_id", "boosts"."content", "boosts"."created_at", "boosts"."updated_at" FROM "boosts" WHERE "boosts"."message_id" = 933434646 ORDER BY "boosts"."created_at" ASC
2026-10-05T12:04:18.515887696Z SQLTRACE end reader ThreadId(11) rows=0 SELECT "boosts"."id", "boosts"."message_id", "boosts"."booster_id", "boosts"."content", "boosts"."created_at", "boosts"."updated_at" FROM "boosts" WHERE "boosts"."message_id" = ? ORDER BY "boosts"."created_at" ASC
2026-10-05T12:04:18.515894863Z SQLTRACE start reader ThreadId(11) SELECT "accounts"."id", "accounts"."name", "accounts"."join_code", "accounts"."custom_styles", "accounts"."settings", "accounts"."singleton_guard", "accounts"."created_at", "accounts"."updated_at" FROM "accounts" ORDER BY "accounts"."id" ASC LIMIT 1
2026-10-05T12:04:18.515900988Z SQLTRACE end reader ThreadId(12) rows=1 SELECT "action_text_rich_texts"."id", "action_text_rich_texts"."name", "action_text_rich_texts"."body", "action_text_rich_texts"."record_type", "action_text_rich_texts"."record_id", "action_text_rich_texts"."created_at", "action_text_rich_texts"."updated_at" FROM "action_text_rich_texts" WHERE "action_text_rich_texts"."record_id" = ? AND "action_text_rich_texts"."record_type" = ? AND "action_text_rich_texts"."name" = ? LIMIT 1
2026-10-05T12:04:18.516060282Z SQLTRACE end reader ThreadId(11) rows=1 SELECT "accounts"."id", "accounts"."name", "accounts"."join_code", "accounts"."custom_styles", "accounts"."settings", "accounts"."singleton_guard", "accounts"."created_at", "accounts"."updated_at" FROM "accounts" ORDER BY "accounts"."id" ASC LIMIT 1
2026-10-05T12:04:18.516071324Z SQLTRACE start reader ThreadId(12) SELECT COUNT(*) FROM "memberships" WHERE "memberships"."user_id" = 773523953 AND "memberships"."unread_at" IS NOT NULL
2026-10-05T12:04:18.516183159Z SQLTRACE end reader ThreadId(12) rows=1 SELECT COUNT(*) FROM "memberships" WHERE "memberships"."user_id" = ? AND "memberships"."unread_at" IS NOT NULL
2026-10-05T12:04:18.516344203Z SQLTRACE start reader ThreadId(12) SELECT COUNT(*) FROM "memberships" WHERE "memberships"."user_id" = 712064548 AND "memberships"."unread_at" IS NOT NULL
2026-10-05T12:04:18.516355454Z SQLTRACE end reader ThreadId(12) rows=1 SELECT COUNT(*) FROM "memberships" WHERE "memberships"."user_id" = ? AND "memberships"."unread_at" IS NOT NULL
2026-10-05T12:04:18.516373454Z SQLTRACE start reader ThreadId(12) SELECT COUNT(*) FROM "memberships" WHERE "memberships"."user_id" = 149087659 AND "memberships"."unread_at" IS NOT NULL
2026-10-05T12:04:18.516378412Z SQLTRACE start reader ThreadId(11) SELECT "memberships"."id", "memberships"."room_id", "memberships"."user_id", "memberships"."involvement", "memberships"."unread_at", "memberships"."connected_at", "memberships"."connections", "memberships"."created_at", "memberships"."updated_at" FROM "memberships" WHERE "memberships"."room_id" = 201306877
2026-10-05T12:04:18.516403663Z SQLTRACE end reader ThreadId(12) rows=1 SELECT COUNT(*) FROM "memberships" WHERE "memberships"."user_id" = ? AND "memberships"."unread_at" IS NOT NULL
2026-10-05T12:04:18.516413996Z SQLTRACE end reader ThreadId(11) rows=6 SELECT "memberships"."id", "memberships"."room_id", "memberships"."user_id", "memberships"."involvement", "memberships"."unread_at", "memberships"."connected_at", "memberships"."connections", "memberships"."created_at", "memberships"."updated_at" FROM "memberships" WHERE "memberships"."room_id" = ?
2026-10-05T12:04:18.516648000Z SQLTRACE start reader ThreadId(5) SELECT "action_text_rich_texts"."id", "action_text_rich_texts"."name", "action_text_rich_texts"."body", "action_text_rich_texts"."record_type", "action_text_rich_texts"."record_id", "action_text_rich_texts"."created_at", "action_text_rich_texts"."updated_at" FROM "action_text_rich_texts" WHERE "action_text_rich_texts"."record_id" = 933434646 AND "action_text_rich_texts"."record_type" = 'Message' AND "action_text_rich_texts"."name" = 'body' LIMIT 1
2026-10-05T12:04:18.516671250Z SQLTRACE end reader ThreadId(5) rows=1 SELECT "action_text_rich_texts"."id", "action_text_rich_texts"."name", "action_text_rich_texts"."body", "action_text_rich_texts"."record_type", "action_text_rich_texts"."record_id", "action_text_rich_texts"."created_at", "action_text_rich_texts"."updated_at" FROM "action_text_rich_texts" WHERE "action_text_rich_texts"."record_id" = ? AND "action_text_rich_texts"."record_type" = ? AND "action_text_rich_texts"."name" = ? LIMIT 1
2026-10-05T12:04:18.516758543Z SQLTRACE start reader ThreadId(5) SELECT "accounts"."id", "accounts"."name", "accounts"."join_code", "accounts"."custom_styles", "accounts"."settings", "accounts"."singleton_guard", "accounts"."created_at", "accounts"."updated_at" FROM "accounts" ORDER BY "accounts"."id" ASC LIMIT 1
2026-10-05T12:04:18.516770127Z SQLTRACE end reader ThreadId(5) rows=1 SELECT "accounts"."id", "accounts"."name", "accounts"."join_code", "accounts"."custom_styles", "accounts"."settings", "accounts"."singleton_guard", "accounts"."created_at", "accounts"."updated_at" FROM "accounts" ORDER BY "accounts"."id" ASC LIMIT 1
2026-10-05T12:04:18.517385553Z [2m2026-10-05T12:04:18.517184Z[0m [32m INFO[0m [2mthruster[0m[2m:[0m Request [3mpath[0m[2m=[0m/rooms/201306877/messages [3mstatus[0m[2m=[0m200 [3mdur[0m[2m=[0m4 [3mmethod[0m[2m=[0mPOST [3mreq_content_length[0m[2m=[0m104 [3mreq_content_type[0m[2m=[0mapplication/x-www-form-urlencoded [3mresp_content_length[0m[2m=[0m1989 [3mresp_content_type[0m[2m=[0mtext/vnd.turbo-stream.html; charset=utf-8 [3mremote_addr[0m[2m=[0m127.0.0.1:55862 [3muser_agent[0m[2m=[0m [3mcache[0m[2m=[0mbypass [3mquery[0m[2m=[0m [3mproto[0m[2m=[0m"HTTP/1.1"
2026-10-05T12:04:21.639171590Z SQLTRACE start reader ThreadId(3) SELECT 1 AS one FROM "bans" WHERE "bans"."ip_address" = '127.0.0.1' LIMIT 1
2026-10-05T12:04:21.639234383Z SQLTRACE end reader ThreadId(3) rows=0 SELECT 1 AS one FROM "bans" WHERE "bans"."ip_address" = ? LIMIT 1
2026-10-05T12:04:21.639239841Z SQLTRACE start reader ThreadId(3) SELECT "sessions"."id", "sessions"."user_id", "sessions"."token", "sessions"."ip_address", "sessions"."user_agent", "sessions"."last_active_at", "sessions"."created_at", "sessions"."updated_at" FROM "sessions" WHERE "sessions"."token" = 'vZuXbHrmde1pgqLcyxsVoq6x' LIMIT 1
2026-10-05T12:04:21.639243925Z SQLTRACE end reader ThreadId(3) rows=1 SELECT "sessions"."id", "sessions"."user_id", "sessions"."token", "sessions"."ip_address", "sessions"."user_agent", "sessions"."last_active_at", "sessions"."created_at", "sessions"."updated_at" FROM "sessions" WHERE "sessions"."token" = ? LIMIT 1
2026-10-05T12:04:21.639255966Z SQLTRACE start reader ThreadId(3) SELECT "users"."id", "users"."name", "users"."email_address", "users"."password_digest", "users"."role", "users"."status", "users"."bio", "users"."bot_token", "users"."created_at", "users"."updated_at" FROM "users" WHERE "users"."id" = 127326141 LIMIT 1
2026-10-05T12:04:21.639261050Z SQLTRACE end reader ThreadId(3) rows=1 SELECT "users"."id", "users"."name", "users"."email_address", "users"."password_digest", "users"."role", "users"."status", "users"."bio", "users"."bot_token", "users"."created_at", "users"."updated_at" FROM "users" WHERE "users"."id" = ? LIMIT 1
2026-10-05T12:04:21.639308926Z SQLTRACE start reader ThreadId(3) SELECT "memberships"."id", "memberships"."room_id", "memberships"."user_id", "memberships"."involvement", "memberships"."unread_at", "memberships"."connected_at", "memberships"."connections", "memberships"."created_at", "memberships"."updated_at" FROM "memberships" WHERE "memberships"."room_id" = 201306877 AND "memberships"."user_id" = 127326141 LIMIT 1
2026-10-05T12:04:21.639327509Z SQLTRACE end reader ThreadId(3) rows=1 SELECT "memberships"."id", "memberships"."room_id", "memberships"."user_id", "memberships"."involvement", "memberships"."unread_at", "memberships"."connected_at", "memberships"."connections", "memberships"."created_at", "memberships"."updated_at" FROM "memberships" WHERE "memberships"."room_id" = ? AND "memberships"."user_id" = ? LIMIT 1
2026-10-05T12:04:21.639332218Z SQLTRACE start reader ThreadId(3) SELECT "rooms"."id", "rooms"."name", "rooms"."type", "rooms"."creator_id", "rooms"."created_at", "rooms"."updated_at" FROM "rooms" WHERE "rooms"."id" = 201306877 LIMIT 1
2026-10-05T12:04:21.639335259Z SQLTRACE end reader ThreadId(3) rows=1 SELECT "rooms"."id", "rooms"."name", "rooms"."type", "rooms"."creator_id", "rooms"."created_at", "rooms"."updated_at" FROM "rooms" WHERE "rooms"."id" = ? LIMIT 1
2026-10-05T12:04:21.639494970Z SQLTRACE start writer ThreadId(8) BEGIN IMMEDIATE
2026-10-05T12:04:21.639529429Z SQLTRACE end writer ThreadId(8) rows=0 BEGIN IMMEDIATE
2026-10-05T12:04:21.639534137Z SQLTRACE start writer ThreadId(8) INSERT INTO "messages" ("client_message_id", "created_at", "creator_id", "room_id", "updated_at") VALUES ('18dba09a49e679849', '2026-10-05 12:04:21.639436', 127326141, 201306877, '2026-10-05 12:04:21.639436') RETURNING "id"
2026-10-05T12:04:21.639612930Z SQLTRACE end writer ThreadId(8) rows=1 INSERT INTO "messages" ("client_message_id", "created_at", "creator_id", "room_id", "updated_at") VALUES (?, ?, ?, ?, ?) RETURNING "id"
2026-10-05T12:04:21.639618264Z SQLTRACE start writer ThreadId(8) INSERT INTO "action_text_rich_texts" ("body", "created_at", "name", "record_id", "record_type", "updated_at") VALUES ('bench write 9', '2026-10-05 12:04:21.639557', 'body', 933434647, 'Message', '2026-10-05 12:04:21.639557') RETURNING "id"
2026-10-05T12:04:21.639620389Z SQLTRACE end writer ThreadId(8) rows=1 INSERT INTO "action_text_rich_texts" ("body", "created_at", "name", "record_id", "record_type", "updated_at") VALUES (?, ?, ?, ?, ?, ?) RETURNING "id"
2026-10-05T12:04:21.639625222Z SQLTRACE start writer ThreadId(8) UPDATE "messages" SET "updated_at" = '2026-10-05 12:04:21.639600' WHERE "messages"."id" = 933434647
2026-10-05T12:04:21.639667764Z SQLTRACE end writer ThreadId(8) rows=0 UPDATE "messages" SET "updated_at" = ? WHERE "messages"."id" = ?
2026-10-05T12:04:21.639672889Z SQLTRACE start writer ThreadId(8) UPDATE "rooms" SET "updated_at" = '2026-10-05 12:04:21.639626' WHERE "rooms"."id" = 201306877
2026-10-05T12:04:21.639674639Z SQLTRACE end writer ThreadId(8) rows=0 UPDATE "rooms" SET "updated_at" = ? WHERE "rooms"."id" = ?
2026-10-05T12:04:21.639676473Z SQLTRACE start writer ThreadId(8) COMMIT
2026-10-05T12:04:21.639800725Z SQLTRACE end writer ThreadId(8) rows=0 COMMIT
2026-10-05T12:04:21.639805766Z SQLTRACE start writer ThreadId(8) SELECT "action_text_rich_texts"."id", "action_text_rich_texts"."name", "action_text_rich_texts"."body", "action_text_rich_texts"."record_type", "action_text_rich_texts"."record_id", "action_text_rich_texts"."created_at", "action_text_rich_texts"."updated_at" FROM "action_text_rich_texts" WHERE "action_text_rich_texts"."record_id" = 933434647 AND "action_text_rich_texts"."record_type" = 'Message' AND "action_text_rich_texts"."name" = 'body' LIMIT 1
2026-10-05T12:04:21.639809725Z SQLTRACE end writer ThreadId(8) rows=1 SELECT "action_text_rich_texts"."id", "action_text_rich_texts"."name", "action_text_rich_texts"."body", "action_text_rich_texts"."record_type", "action_text_rich_texts"."record_id", "action_text_rich_texts"."created_at", "action_text_rich_texts"."updated_at" FROM "action_text_rich_texts" WHERE "action_text_rich_texts"."record_id" = ? AND "action_text_rich_texts"."record_type" = ? AND "action_text_rich_texts"."name" = ? LIMIT 1
2026-10-05T12:04:21.639849642Z SQLTRACE start writer ThreadId(8) insert into message_search_index(rowid, body) values (933434647, 'bench write 9')
2026-10-05T12:04:21.639852726Z SQLTRACE start writer ThreadId(8) -- PRAGMA 'main'.data_version
2026-10-05T12:04:21.639854101Z SQLTRACE end writer ThreadId(8) rows=1 PRAGMA 'main'.data_version
2026-10-05T12:04:21.639861226Z SQLTRACE start writer ThreadId(8) -- INSERT INTO 'main'.'message_search_index_content' VALUES(?1,?2)
2026-10-05T12:04:21.639874809Z SQLTRACE end writer ThreadId(8) rows=0 INSERT INTO 'main'.'message_search_index_content' VALUES(?1,?2)
2026-10-05T12:04:21.639962852Z SQLTRACE start writer ThreadId(8) -- REPLACE INTO 'main'.'message_search_index_docsize' VALUES(?,?)
2026-10-05T12:04:21.639969769Z SQLTRACE end writer ThreadId(8) rows=1 REPLACE INTO 'main'.'message_search_index_docsize' VALUES(?,?)
2026-10-05T12:04:21.639971977Z SQLTRACE start writer ThreadId(8) -- REPLACE INTO 'main'.'message_search_index_data'(id, block) VALUES(?,?)
2026-10-05T12:04:21.639973686Z SQLTRACE end writer ThreadId(8) rows=0 REPLACE INTO 'main'.'message_search_index_data'(id, block) VALUES(?,?)
2026-10-05T12:04:21.639975186Z SQLTRACE start writer ThreadId(8) -- PRAGMA 'main'.data_version
2026-10-05T12:04:21.639976811Z SQLTRACE end writer ThreadId(8) rows=1 PRAGMA 'main'.data_version
2026-10-05T12:04:21.639991519Z SQLTRACE start writer ThreadId(8) -- REPLACE INTO 'main'.'message_search_index_data'(id, block) VALUES(?,?)
2026-10-05T12:04:21.639995603Z SQLTRACE end writer ThreadId(8) rows=1 REPLACE INTO 'main'.'message_search_index_data'(id, block) VALUES(?,?)
2026-10-05T12:04:21.639997103Z SQLTRACE start writer ThreadId(8) -- INSERT INTO 'main'.'message_search_index_idx'(segid,term,pgno) VALUES(?,?,?)
2026-10-05T12:04:21.639998519Z SQLTRACE end writer ThreadId(8) rows=0 INSERT INTO 'main'.'message_search_index_idx'(segid,term,pgno) VALUES(?,?,?)
2026-10-05T12:04:21.640013686Z SQLTRACE start writer ThreadId(8) -- REPLACE INTO 'main'.'message_search_index_data'(id, block) VALUES(?,?)
2026-10-05T12:04:21.640018020Z SQLTRACE end writer ThreadId(8) rows=0 REPLACE INTO 'main'.'message_search_index_data'(id, block) VALUES(?,?)
2026-10-05T12:04:21.640156938Z SQLTRACE end writer ThreadId(8) rows=0 insert into message_search_index(rowid, body) values (?, ?)
2026-10-05T12:04:21.640160897Z SQLTRACE start writer ThreadId(8) UPDATE "memberships" SET "unread_at" = '2026-10-05 12:04:21.639436', "updated_at" = '2026-10-05 12:04:21.640096' WHERE "memberships"."room_id" = 201306877 AND "memberships"."involvement" != 'invisible' AND ("memberships"."connected_at" IS NULL OR "memberships"."connected_at" < '2026-10-05 12:03:21.640096') AND "memberships"."user_id" != 127326141
2026-10-05T12:04:21.640167105Z SQLTRACE end writer ThreadId(8) rows=0 UPDATE "memberships" SET "unread_at" = ?, "updated_at" = ? WHERE "memberships"."room_id" = ? AND "memberships"."involvement" != ? AND ("memberships"."connected_at" IS NULL OR "memberships"."connected_at" < ?) AND "memberships"."user_id" != ?
2026-10-05T12:04:21.640331816Z SQLTRACE start reader ThreadId(13) SELECT "messages"."id", "messages"."room_id", "messages"."creator_id", "messages"."client_message_id", "messages"."created_at", "messages"."updated_at" FROM "messages" WHERE "messages"."id" = 933434647 LIMIT 1
2026-10-05T12:04:21.640338358Z SQLTRACE start reader ThreadId(5) SELECT "rooms"."id", "rooms"."name", "rooms"."type", "rooms"."creator_id", "rooms"."created_at", "rooms"."updated_at" FROM "rooms" WHERE "rooms"."id" = 201306877 LIMIT 1
2026-10-05T12:04:21.640388734Z SQLTRACE end reader ThreadId(5) rows=1 SELECT "rooms"."id", "rooms"."name", "rooms"."type", "rooms"."creator_id", "rooms"."created_at", "rooms"."updated_at" FROM "rooms" WHERE "rooms"."id" = ? LIMIT 1
2026-10-05T12:04:21.640400817Z SQLTRACE end reader ThreadId(13) rows=1 SELECT "messages"."id", "messages"."room_id", "messages"."creator_id", "messages"."client_message_id", "messages"."created_at", "messages"."updated_at" FROM "messages" WHERE "messages"."id" = ? LIMIT 1
2026-10-05T12:04:21.640420692Z SQLTRACE start reader ThreadId(5) SELECT "action_text_rich_texts"."id", "action_text_rich_texts"."name", "action_text_rich_texts"."body", "action_text_rich_texts"."record_type", "action_text_rich_texts"."record_id", "action_text_rich_texts"."created_at", "action_text_rich_texts"."updated_at" FROM "action_text_rich_texts" WHERE "action_text_rich_texts"."record_id" = 933434647 AND "action_text_rich_texts"."record_type" = 'Message' AND "action_text_rich_texts"."name" = 'body' LIMIT 1
2026-10-05T12:04:21.640493277Z SQLTRACE start reader ThreadId(13) SELECT "rooms"."id", "rooms"."name", "rooms"."type", "rooms"."creator_id", "rooms"."created_at", "rooms"."updated_at" FROM "rooms" WHERE "rooms"."id" = 201306877 LIMIT 1
2026-10-05T12:04:21.640508860Z SQLTRACE end reader ThreadId(13) rows=1 SELECT "rooms"."id", "rooms"."name", "rooms"."type", "rooms"."creator_id", "rooms"."created_at", "rooms"."updated_at" FROM "rooms" WHERE "rooms"."id" = ? LIMIT 1
2026-10-05T12:04:21.640513986Z SQLTRACE start reader ThreadId(13) SELECT "users"."id", "users"."name", "users"."email_address", "users"."password_digest", "users"."role", "users"."status", "users"."bio", "users"."bot_token", "users"."created_at", "users"."updated_at" FROM "users" WHERE "users"."id" = 127326141 LIMIT 1
2026-10-05T12:04:21.640520027Z SQLTRACE end reader ThreadId(5) rows=1 SELECT "action_text_rich_texts"."id", "action_text_rich_texts"."name", "action_text_rich_texts"."body", "action_text_rich_texts"."record_type", "action_text_rich_texts"."record_id", "action_text_rich_texts"."created_at", "action_text_rich_texts"."updated_at" FROM "action_text_rich_texts" WHERE "action_text_rich_texts"."record_id" = ? AND "action_text_rich_texts"."record_type" = ? AND "action_text_rich_texts"."name" = ? LIMIT 1
2026-10-05T12:04:21.640526902Z SQLTRACE end reader ThreadId(13) rows=1 SELECT "users"."id", "users"."name", "users"."email_address", "users"."password_digest", "users"."role", "users"."status", "users"."bio", "users"."bot_token", "users"."created_at", "users"."updated_at" FROM "users" WHERE "users"."id" = ? LIMIT 1
2026-10-05T12:04:21.640660404Z SQLTRACE start reader ThreadId(13) SELECT "action_text_rich_texts"."id", "action_text_rich_texts"."name", "action_text_rich_texts"."body", "action_text_rich_texts"."record_type", "action_text_rich_texts"."record_id", "action_text_rich_texts"."created_at", "action_text_rich_texts"."updated_at" FROM "action_text_rich_texts" WHERE "action_text_rich_texts"."record_id" = 933434647 AND "action_text_rich_texts"."record_type" = 'Message' AND "action_text_rich_texts"."name" = 'body' LIMIT 1
2026-10-05T12:04:21.640680696Z SQLTRACE start reader ThreadId(5) SELECT "users"."id", "users"."name", "users"."email_address", "users"."password_digest", "users"."role", "users"."status", "users"."bio", "users"."bot_token", "users"."created_at", "users"."updated_at" FROM "users" WHERE "users"."id" = 127326141 LIMIT 1
2026-10-05T12:04:21.640704780Z SQLTRACE end reader ThreadId(13) rows=1 SELECT "action_text_rich_texts"."id", "action_text_rich_texts"."name", "action_text_rich_texts"."body", "action_text_rich_texts"."record_type", "action_text_rich_texts"."record_id", "action_text_rich_texts"."created_at", "action_text_rich_texts"."updated_at" FROM "action_text_rich_texts" WHERE "action_text_rich_texts"."record_id" = ? AND "action_text_rich_texts"."record_type" = ? AND "action_text_rich_texts"."name" = ? LIMIT 1
2026-10-05T12:04:21.640712697Z SQLTRACE end reader ThreadId(5) rows=1 SELECT "users"."id", "users"."name", "users"."email_address", "users"."password_digest", "users"."role", "users"."status", "users"."bio", "users"."bot_token", "users"."created_at", "users"."updated_at" FROM "users" WHERE "users"."id" = ? LIMIT 1
2026-10-05T12:04:21.640723197Z SQLTRACE start reader ThreadId(13) SELECT "push_subscriptions".* FROM "push_subscriptions" INNER JOIN "users" ON "users"."id" = "push_subscriptions"."user_id" INNER JOIN "memberships" ON "memberships"."user_id" = "users"."id" WHERE ("memberships"."connected_at" IS NULL OR "memberships"."connected_at" < '2026-10-05 12:03:21.640368') AND "memberships"."room_id" = 201306877 AND "memberships"."user_id" != 127326141 AND "memberships"."involvement" = 'everything'
2026-10-05T12:04:21.640731197Z SQLTRACE start reader ThreadId(5) SELECT "action_text_rich_texts"."id", "action_text_rich_texts"."name", "action_text_rich_texts"."body", "action_text_rich_texts"."record_type", "action_text_rich_texts"."record_id", "action_text_rich_texts"."created_at", "action_text_rich_texts"."updated_at" FROM "action_text_rich_texts" WHERE "action_text_rich_texts"."record_id" = 933434647 AND "action_text_rich_texts"."record_type" = 'Message' AND "action_text_rich_texts"."name" = 'body' LIMIT 1
2026-10-05T12:04:21.640737906Z SQLTRACE end reader ThreadId(5) rows=1 SELECT "action_text_rich_texts"."id", "action_text_rich_texts"."name", "action_text_rich_texts"."body", "action_text_rich_texts"."record_type", "action_text_rich_texts"."record_id", "action_text_rich_texts"."created_at", "action_text_rich_texts"."updated_at" FROM "action_text_rich_texts" WHERE "action_text_rich_texts"."record_id" = ? AND "action_text_rich_texts"."record_type" = ? AND "action_text_rich_texts"."name" = ? LIMIT 1
2026-10-05T12:04:21.640858949Z SQLTRACE start reader ThreadId(5) SELECT b.id, b.key, b.filename, b.content_type, b.metadata, b.service_name, b.byte_size, b.checksum, b.created_at FROM active_storage_blobs b JOIN active_storage_attachments a ON a.blob_id = b.id WHERE a.record_type = 'Message' AND a.record_id = 933434647 AND a.name = 'attachment' ORDER BY a.id LIMIT 1
2026-10-05T12:04:21.640869116Z SQLTRACE end reader ThreadId(13) rows=3 SELECT "push_subscriptions".* FROM "push_subscriptions" INNER JOIN "users" ON "users"."id" = "push_subscriptions"."user_id" INNER JOIN "memberships" ON "memberships"."user_id" = "users"."id" WHERE ("memberships"."connected_at" IS NULL OR "memberships"."connected_at" < ?) AND "memberships"."room_id" = ? AND "memberships"."user_id" != ? AND "memberships"."involvement" = 'everything'
2026-10-05T12:04:21.640950200Z SQLTRACE start reader ThreadId(13) SELECT "action_text_rich_texts"."id", "action_text_rich_texts"."name", "action_text_rich_texts"."body", "action_text_rich_texts"."record_type", "action_text_rich_texts"."record_id", "action_text_rich_texts"."created_at", "action_text_rich_texts"."updated_at" FROM "action_text_rich_texts" WHERE "action_text_rich_texts"."record_id" = 933434647 AND "action_text_rich_texts"."record_type" = 'Message' AND "action_text_rich_texts"."name" = 'body' LIMIT 1
2026-10-05T12:04:21.640969576Z SQLTRACE end reader ThreadId(5) rows=0 SELECT b.id, b.key, b.filename, b.content_type, b.metadata, b.service_name, b.byte_size, b.checksum, b.created_at FROM active_storage_blobs b JOIN active_storage_attachments a ON a.blob_id = b.id WHERE a.record_type = ?1 AND a.record_id = ?2 AND a.name = ?3 ORDER BY a.id LIMIT 1
2026-10-05T12:04:21.640974534Z SQLTRACE end reader ThreadId(13) rows=1 SELECT "action_text_rich_texts"."id", "action_text_rich_texts"."name", "action_text_rich_texts"."body", "action_text_rich_texts"."record_type", "action_text_rich_texts"."record_id", "action_text_rich_texts"."created_at", "action_text_rich_texts"."updated_at" FROM "action_text_rich_texts" WHERE "action_text_rich_texts"."record_id" = ? AND "action_text_rich_texts"."record_type" = ? AND "action_text_rich_texts"."name" = ? LIMIT 1
2026-10-05T12:04:21.640981993Z SQLTRACE start reader ThreadId(13) SELECT COUNT(*) FROM "memberships" WHERE "memberships"."user_id" = 773523953 AND "memberships"."unread_at" IS NOT NULL
2026-10-05T12:04:21.641102494Z SQLTRACE start reader ThreadId(5) SELECT "boosts"."id", "boosts"."message_id", "boosts"."booster_id", "boosts"."content", "boosts"."created_at", "boosts"."updated_at" FROM "boosts" WHERE "boosts"."message_id" = 933434647 ORDER BY "boosts"."created_at" ASC
2026-10-05T12:04:21.641114078Z SQLTRACE end reader ThreadId(5) rows=0 SELECT "boosts"."id", "boosts"."message_id", "boosts"."booster_id", "boosts"."content", "boosts"."created_at", "boosts"."updated_at" FROM "boosts" WHERE "boosts"."message_id" = ? ORDER BY "boosts"."created_at" ASC
2026-10-05T12:04:21.641119370Z SQLTRACE start reader ThreadId(5) SELECT "accounts"."id", "accounts"."name", "accounts"."join_code", "accounts"."custom_styles", "accounts"."settings", "accounts"."singleton_guard", "accounts"."created_at", "accounts"."updated_at" FROM "accounts" ORDER BY "accounts"."id" ASC LIMIT 1
2026-10-05T12:04:21.641125411Z SQLTRACE end reader ThreadId(5) rows=1 SELECT "accounts"."id", "accounts"."name", "accounts"."join_code", "accounts"."custom_styles", "accounts"."settings", "accounts"."singleton_guard", "accounts"."created_at", "accounts"."updated_at" FROM "accounts" ORDER BY "accounts"."id" ASC LIMIT 1
2026-10-05T12:04:21.641285914Z SQLTRACE end reader ThreadId(13) rows=1 SELECT COUNT(*) FROM "memberships" WHERE "memberships"."user_id" = ? AND "memberships"."unread_at" IS NOT NULL
2026-10-05T12:04:21.641296331Z SQLTRACE start reader ThreadId(13) SELECT COUNT(*) FROM "memberships" WHERE "memberships"."user_id" = 712064548 AND "memberships"."unread_at" IS NOT NULL
2026-10-05T12:04:21.641300914Z SQLTRACE end reader ThreadId(13) rows=1 SELECT COUNT(*) FROM "memberships" WHERE "memberships"."user_id" = ? AND "memberships"."unread_at" IS NOT NULL
2026-10-05T12:04:21.641493834Z SQLTRACE start reader ThreadId(13) SELECT COUNT(*) FROM "memberships" WHERE "memberships"."user_id" = 149087659 AND "memberships"."unread_at" IS NOT NULL
2026-10-05T12:04:21.641513084Z SQLTRACE end reader ThreadId(13) rows=1 SELECT COUNT(*) FROM "memberships" WHERE "memberships"."user_id" = ? AND "memberships"."unread_at" IS NOT NULL
2026-10-05T12:04:21.641530084Z SQLTRACE start reader ThreadId(5) SELECT "memberships"."id", "memberships"."room_id", "memberships"."user_id", "memberships"."involvement", "memberships"."unread_at", "memberships"."connected_at", "memberships"."connections", "memberships"."created_at", "memberships"."updated_at" FROM "memberships" WHERE "memberships"."room_id" = 201306877
2026-10-05T12:04:21.641546001Z SQLTRACE end reader ThreadId(5) rows=6 SELECT "memberships"."id", "memberships"."room_id", "memberships"."user_id", "memberships"."involvement", "memberships"."unread_at", "memberships"."connected_at", "memberships"."connections", "memberships"."created_at", "memberships"."updated_at" FROM "memberships" WHERE "memberships"."room_id" = ?
2026-10-05T12:04:21.641712545Z SQLTRACE start reader ThreadId(5) SELECT "action_text_rich_texts"."id", "action_text_rich_texts"."name", "action_text_rich_texts"."body", "action_text_rich_texts"."record_type", "action_text_rich_texts"."record_id", "action_text_rich_texts"."created_at", "action_text_rich_texts"."updated_at" FROM "action_text_rich_texts" WHERE "action_text_rich_texts"."record_id" = 933434647 AND "action_text_rich_texts"."record_type" = 'Message' AND "action_text_rich_texts"."name" = 'body' LIMIT 1
2026-10-05T12:04:21.641725296Z SQLTRACE end reader ThreadId(5) rows=1 SELECT "action_text_rich_texts"."id", "action_text_rich_texts"."name", "action_text_rich_texts"."body", "action_text_rich_texts"."record_type", "action_text_rich_texts"."record_id", "action_text_rich_texts"."created_at", "action_text_rich_texts"."updated_at" FROM "action_text_rich_texts" WHERE "action_text_rich_texts"."record_id" = ? AND "action_text_rich_texts"."record_type" = ? AND "action_text_rich_texts"."name" = ? LIMIT 1
2026-10-05T12:04:21.641810630Z SQLTRACE start reader ThreadId(5) SELECT "accounts"."id", "accounts"."name", "accounts"."join_code", "accounts"."custom_styles", "accounts"."settings", "accounts"."singleton_guard", "accounts"."created_at", "accounts"."updated_at" FROM "accounts" ORDER BY "accounts"."id" ASC LIMIT 1
2026-10-05T12:04:21.641820964Z SQLTRACE end reader ThreadId(5) rows=1 SELECT "accounts"."id", "accounts"."name", "accounts"."join_code", "accounts"."custom_styles", "accounts"."settings", "accounts"."singleton_guard", "accounts"."created_at", "accounts"."updated_at" FROM "accounts" ORDER BY "accounts"."id" ASC LIMIT 1
2026-10-05T12:04:21.642187636Z [2m2026-10-05T12:04:21.642075Z[0m [32m INFO[0m [2mthruster[0m[2m:[0m Request [3mpath[0m[2m=[0m/rooms/201306877/messages [3mstatus[0m[2m=[0m200 [3mdur[0m[2m=[0m3 [3mmethod[0m[2m=[0mPOST [3mreq_content_length[0m[2m=[0m104 [3mreq_content_type[0m[2m=[0mapplication/x-www-form-urlencoded [3mresp_content_length[0m[2m=[0m1990 [3mresp_content_type[0m[2m=[0mtext/vnd.turbo-stream.html; charset=utf-8 [3mremote_addr[0m[2m=[0m127.0.0.1:41234 [3muser_agent[0m[2m=[0m [3mcache[0m[2m=[0mbypass [3mquery[0m[2m=[0m [3mproto[0m[2m=[0m"HTTP/1.1"
2026-10-05T12:04:24.766154991Z SQLTRACE start reader ThreadId(3) SELECT 1 AS one FROM "bans" WHERE "bans"."ip_address" = '127.0.0.1' LIMIT 1
2026-10-05T12:04:24.766223950Z SQLTRACE end reader ThreadId(3) rows=0 SELECT 1 AS one FROM "bans" WHERE "bans"."ip_address" = ? LIMIT 1
2026-10-05T12:04:24.766257784Z SQLTRACE start reader ThreadId(3) SELECT "sessions"."id", "sessions"."user_id", "sessions"."token", "sessions"."ip_address", "sessions"."user_agent", "sessions"."last_active_at", "sessions"."created_at", "sessions"."updated_at" FROM "sessions" WHERE "sessions"."token" = 'vZuXbHrmde1pgqLcyxsVoq6x' LIMIT 1
2026-10-05T12:04:24.766262451Z SQLTRACE end reader ThreadId(3) rows=1 SELECT "sessions"."id", "sessions"."user_id", "sessions"."token", "sessions"."ip_address", "sessions"."user_agent", "sessions"."last_active_at", "sessions"."created_at", "sessions"."updated_at" FROM "sessions" WHERE "sessions"."token" = ? LIMIT 1
2026-10-05T12:04:24.766270451Z SQLTRACE start reader ThreadId(3) SELECT "users"."id", "users"."name", "users"."email_address", "users"."password_digest", "users"."role", "users"."status", "users"."bio", "users"."bot_token", "users"."created_at", "users"."updated_at" FROM "users" WHERE "users"."id" = 127326141 LIMIT 1
2026-10-05T12:04:24.766274284Z SQLTRACE end reader ThreadId(3) rows=1 SELECT "users"."id", "users"."name", "users"."email_address", "users"."password_digest", "users"."role", "users"."status", "users"."bio", "users"."bot_token", "users"."created_at", "users"."updated_at" FROM "users" WHERE "users"."id" = ? LIMIT 1
2026-10-05T12:04:24.766277118Z SQLTRACE start reader ThreadId(3) SELECT "memberships"."id", "memberships"."room_id", "memberships"."user_id", "memberships"."involvement", "memberships"."unread_at", "memberships"."connected_at", "memberships"."connections", "memberships"."created_at", "memberships"."updated_at" FROM "memberships" WHERE "memberships"."room_id" = 201306877 AND "memberships"."user_id" = 127326141 LIMIT 1
2026-10-05T12:04:24.766325035Z SQLTRACE end reader ThreadId(3) rows=1 SELECT "memberships"."id", "memberships"."room_id", "memberships"."user_id", "memberships"."involvement", "memberships"."unread_at", "memberships"."connected_at", "memberships"."connections", "memberships"."created_at", "memberships"."updated_at" FROM "memberships" WHERE "memberships"."room_id" = ? AND "memberships"."user_id" = ? LIMIT 1
2026-10-05T12:04:24.766339660Z SQLTRACE start reader ThreadId(3) SELECT "rooms"."id", "rooms"."name", "rooms"."type", "rooms"."creator_id", "rooms"."created_at", "rooms"."updated_at" FROM "rooms" WHERE "rooms"."id" = 201306877 LIMIT 1
2026-10-05T12:04:24.766343744Z SQLTRACE end reader ThreadId(3) rows=1 SELECT "rooms"."id", "rooms"."name", "rooms"."type", "rooms"."creator_id", "rooms"."created_at", "rooms"."updated_at" FROM "rooms" WHERE "rooms"."id" = ? LIMIT 1
2026-10-05T12:04:24.766588622Z SQLTRACE start writer ThreadId(8) BEGIN IMMEDIATE
2026-10-05T12:04:24.766615289Z SQLTRACE end writer ThreadId(8) rows=0 BEGIN IMMEDIATE
2026-10-05T12:04:24.766618873Z SQLTRACE start writer ThreadId(8) INSERT INTO "messages" ("client_message_id", "created_at", "creator_id", "room_id", "updated_at") VALUES ('18dba09b041a36fda', '2026-10-05 12:04:24.766517', 127326141, 201306877, '2026-10-05 12:04:24.766517') RETURNING "id"
2026-10-05T12:04:24.766711166Z SQLTRACE end writer ThreadId(8) rows=1 INSERT INTO "messages" ("client_message_id", "created_at", "creator_id", "room_id", "updated_at") VALUES (?, ?, ?, ?, ?) RETURNING "id"
2026-10-05T12:04:24.766744625Z SQLTRACE start writer ThreadId(8) INSERT INTO "action_text_rich_texts" ("body", "created_at", "name", "record_id", "record_type", "updated_at") VALUES ('bench write 10', '2026-10-05 12:04:24.766648', 'body', 933434648, 'Message', '2026-10-05 12:04:24.766648') RETURNING "id"
2026-10-05T12:04:24.766754958Z SQLTRACE end writer ThreadId(8) rows=1 INSERT INTO "action_text_rich_texts" ("body", "created_at", "name", "record_id", "record_type", "updated_at") VALUES (?, ?, ?, ?, ?, ?) RETURNING "id"
2026-10-05T12:04:24.766758000Z SQLTRACE start writer ThreadId(8) UPDATE "messages" SET "updated_at" = '2026-10-05 12:04:24.766701' WHERE "messages"."id" = 933434648
2026-10-05T12:04:24.766760583Z SQLTRACE end writer ThreadId(8) rows=0 UPDATE "messages" SET "updated_at" = ? WHERE "messages"."id" = ?
2026-10-05T12:04:24.766765875Z SQLTRACE start writer ThreadId(8) UPDATE "rooms" SET "updated_at" = '2026-10-05 12:04:24.766724' WHERE "rooms"."id" = 201306877
2026-10-05T12:04:24.766768292Z SQLTRACE end writer ThreadId(8) rows=0 UPDATE "rooms" SET "updated_at" = ? WHERE "rooms"."id" = ?
2026-10-05T12:04:24.766806251Z SQLTRACE start writer ThreadId(8) COMMIT
2026-10-05T12:04:24.766984462Z SQLTRACE end writer ThreadId(8) rows=0 COMMIT
2026-10-05T12:04:24.766992628Z SQLTRACE start writer ThreadId(8) SELECT "action_text_rich_texts"."id", "action_text_rich_texts"."name", "action_text_rich_texts"."body", "action_text_rich_texts"."record_type", "action_text_rich_texts"."record_id", "action_text_rich_texts"."created_at", "action_text_rich_texts"."updated_at" FROM "action_text_rich_texts" WHERE "action_text_rich_texts"."record_id" = 933434648 AND "action_text_rich_texts"."record_type" = 'Message' AND "action_text_rich_texts"."name" = 'body' LIMIT 1
2026-10-05T12:04:24.766996420Z SQLTRACE end writer ThreadId(8) rows=1 SELECT "action_text_rich_texts"."id", "action_text_rich_texts"."name", "action_text_rich_texts"."body", "action_text_rich_texts"."record_type", "action_text_rich_texts"."record_id", "action_text_rich_texts"."created_at", "action_text_rich_texts"."updated_at" FROM "action_text_rich_texts" WHERE "action_text_rich_texts"."record_id" = ? AND "action_text_rich_texts"."record_type" = ? AND "action_text_rich_texts"."name" = ? LIMIT 1
2026-10-05T12:04:24.767072380Z SQLTRACE start writer ThreadId(8) insert into message_search_index(rowid, body) values (933434648, 'bench write 10')
2026-10-05T12:04:24.767087588Z SQLTRACE start writer ThreadId(8) -- PRAGMA 'main'.data_version
2026-10-05T12:04:24.767090088Z SQLTRACE end writer ThreadId(8) rows=1 PRAGMA 'main'.data_version
2026-10-05T12:04:24.767092047Z SQLTRACE start writer ThreadId(8) -- INSERT INTO 'main'.'message_search_index_content' VALUES(?1,?2)
2026-10-05T12:04:24.767094505Z SQLTRACE end writer ThreadId(8) rows=0 INSERT INTO 'main'.'message_search_index_content' VALUES(?1,?2)
2026-10-05T12:04:24.767201382Z SQLTRACE start writer ThreadId(8) -- REPLACE INTO 'main'.'message_search_index_docsize' VALUES(?,?)
2026-10-05T12:04:24.767207882Z SQLTRACE end writer ThreadId(8) rows=1 REPLACE INTO 'main'.'message_search_index_docsize' VALUES(?,?)
2026-10-05T12:04:24.767209798Z SQLTRACE start writer ThreadId(8) -- REPLACE INTO 'main'.'message_search_index_data'(id, block) VALUES(?,?)
2026-10-05T12:04:24.767229965Z SQLTRACE end writer ThreadId(8) rows=0 REPLACE INTO 'main'.'message_search_index_data'(id, block) VALUES(?,?)
2026-10-05T12:04:24.767231882Z SQLTRACE start writer ThreadId(8) -- PRAGMA 'main'.data_version
2026-10-05T12:04:24.767233424Z SQLTRACE end writer ThreadId(8) rows=1 PRAGMA 'main'.data_version
2026-10-05T12:04:24.767244299Z SQLTRACE start writer ThreadId(8) -- REPLACE INTO 'main'.'message_search_index_data'(id, block) VALUES(?,?)
2026-10-05T12:04:24.767246382Z SQLTRACE end writer ThreadId(8) rows=1 REPLACE INTO 'main'.'message_search_index_data'(id, block) VALUES(?,?)
2026-10-05T12:04:24.767248007Z SQLTRACE start writer ThreadId(8) -- INSERT INTO 'main'.'message_search_index_idx'(segid,term,pgno) VALUES(?,?,?)
2026-10-05T12:04:24.767249757Z SQLTRACE end writer ThreadId(8) rows=0 INSERT INTO 'main'.'message_search_index_idx'(segid,term,pgno) VALUES(?,?,?)
2026-10-05T12:04:24.767254132Z SQLTRACE start writer ThreadId(8) -- REPLACE INTO 'main'.'message_search_index_data'(id, block) VALUES(?,?)
2026-10-05T12:04:24.767258799Z SQLTRACE end writer ThreadId(8) rows=0 REPLACE INTO 'main'.'message_search_index_data'(id, block) VALUES(?,?)
2026-10-05T12:04:24.767525428Z SQLTRACE end writer ThreadId(8) rows=0 insert into message_search_index(rowid, body) values (?, ?)
2026-10-05T12:04:24.767562970Z SQLTRACE start writer ThreadId(8) UPDATE "memberships" SET "unread_at" = '2026-10-05 12:04:24.766517', "updated_at" = '2026-10-05 12:04:24.767484' WHERE "memberships"."room_id" = 201306877 AND "memberships"."involvement" != 'invisible' AND ("memberships"."connected_at" IS NULL OR "memberships"."connected_at" < '2026-10-05 12:03:24.767484') AND "memberships"."user_id" != 127326141
2026-10-05T12:04:24.767730306Z SQLTRACE end writer ThreadId(8) rows=0 UPDATE "memberships" SET "unread_at" = ?, "updated_at" = ? WHERE "memberships"."room_id" = ? AND "memberships"."involvement" != ? AND ("memberships"."connected_at" IS NULL OR "memberships"."connected_at" < ?) AND "memberships"."user_id" != ?
2026-10-05T12:04:24.767893850Z SQLTRACE start reader ThreadId(9) SELECT "messages"."id", "messages"."room_id", "messages"."creator_id", "messages"."client_message_id", "messages"."created_at", "messages"."updated_at" FROM "messages" WHERE "messages"."id" = 933434648 LIMIT 1
2026-10-05T12:04:24.767902517Z SQLTRACE start reader ThreadId(3) SELECT "rooms"."id", "rooms"."name", "rooms"."type", "rooms"."creator_id", "rooms"."created_at", "rooms"."updated_at" FROM "rooms" WHERE "rooms"."id" = 201306877 LIMIT 1
2026-10-05T12:04:24.767963851Z SQLTRACE end reader ThreadId(3) rows=1 SELECT "rooms"."id", "rooms"."name", "rooms"."type", "rooms"."creator_id", "rooms"."created_at", "rooms"."updated_at" FROM "rooms" WHERE "rooms"."id" = ? LIMIT 1
2026-10-05T12:04:24.767969726Z SQLTRACE end reader ThreadId(9) rows=1 SELECT "messages"."id", "messages"."room_id", "messages"."creator_id", "messages"."client_message_id", "messages"."created_at", "messages"."updated_at" FROM "messages" WHERE "messages"."id" = ? LIMIT 1
2026-10-05T12:04:24.767972435Z SQLTRACE start reader ThreadId(9) SELECT "rooms"."id", "rooms"."name", "rooms"."type", "rooms"."creator_id", "rooms"."created_at", "rooms"."updated_at" FROM "rooms" WHERE "rooms"."id" = 201306877 LIMIT 1
2026-10-05T12:04:24.768063186Z SQLTRACE end reader ThreadId(9) rows=1 SELECT "rooms"."id", "rooms"."name", "rooms"."type", "rooms"."creator_id", "rooms"."created_at", "rooms"."updated_at" FROM "rooms" WHERE "rooms"."id" = ? LIMIT 1
2026-10-05T12:04:24.768071770Z SQLTRACE start reader ThreadId(3) SELECT "action_text_rich_texts"."id", "action_text_rich_texts"."name", "action_text_rich_texts"."body", "action_text_rich_texts"."record_type", "action_text_rich_texts"."record_id", "action_text_rich_texts"."created_at", "action_text_rich_texts"."updated_at" FROM "action_text_rich_texts" WHERE "action_text_rich_texts"."record_id" = 933434648 AND "action_text_rich_texts"."record_type" = 'Message' AND "action_text_rich_texts"."name" = 'body' LIMIT 1
2026-10-05T12:04:24.768076103Z SQLTRACE start reader ThreadId(9) SELECT "users"."id", "users"."name", "users"."email_address", "users"."password_digest", "users"."role", "users"."status", "users"."bio", "users"."bot_token", "users"."created_at", "users"."updated_at" FROM "users" WHERE "users"."id" = 127326141 LIMIT 1
2026-10-05T12:04:24.768079395Z SQLTRACE end reader ThreadId(3) rows=1 SELECT "action_text_rich_texts"."id", "action_text_rich_texts"."name", "action_text_rich_texts"."body", "action_text_rich_texts"."record_type", "action_text_rich_texts"."record_id", "action_text_rich_texts"."created_at", "action_text_rich_texts"."updated_at" FROM "action_text_rich_texts" WHERE "action_text_rich_texts"."record_id" = ? AND "action_text_rich_texts"."record_type" = ? AND "action_text_rich_texts"."name" = ? LIMIT 1
2026-10-05T12:04:24.768131687Z SQLTRACE end reader ThreadId(9) rows=1 SELECT "users"."id", "users"."name", "users"."email_address", "users"."password_digest", "users"."role", "users"."status", "users"."bio", "users"."bot_token", "users"."created_at", "users"."updated_at" FROM "users" WHERE "users"."id" = ? LIMIT 1
2026-10-05T12:04:24.768138395Z SQLTRACE start reader ThreadId(3) SELECT "users"."id", "users"."name", "users"."email_address", "users"."password_digest", "users"."role", "users"."status", "users"."bio", "users"."bot_token", "users"."created_at", "users"."updated_at" FROM "users" WHERE "users"."id" = 127326141 LIMIT 1
2026-10-05T12:04:24.768146646Z SQLTRACE end reader ThreadId(3) rows=1 SELECT "users"."id", "users"."name", "users"."email_address", "users"."password_digest", "users"."role", "users"."status", "users"."bio", "users"."bot_token", "users"."created_at", "users"."updated_at" FROM "users" WHERE "users"."id" = ? LIMIT 1
2026-10-05T12:04:24.768255689Z SQLTRACE start reader ThreadId(9) SELECT "action_text_rich_texts"."id", "action_text_rich_texts"."name", "action_text_rich_texts"."body", "action_text_rich_texts"."record_type", "action_text_rich_texts"."record_id", "action_text_rich_texts"."created_at", "action_text_rich_texts"."updated_at" FROM "action_text_rich_texts" WHERE "action_text_rich_texts"."record_id" = 933434648 AND "action_text_rich_texts"."record_type" = 'Message' AND "action_text_rich_texts"."name" = 'body' LIMIT 1
2026-10-05T12:04:24.768265814Z SQLTRACE start reader ThreadId(3) SELECT "action_text_rich_texts"."id", "action_text_rich_texts"."name", "action_text_rich_texts"."body", "action_text_rich_texts"."record_type", "action_text_rich_texts"."record_id", "action_text_rich_texts"."created_at", "action_text_rich_texts"."updated_at" FROM "action_text_rich_texts" WHERE "action_text_rich_texts"."record_id" = 933434648 AND "action_text_rich_texts"."record_type" = 'Message' AND "action_text_rich_texts"."name" = 'body' LIMIT 1
2026-10-05T12:04:24.768275398Z SQLTRACE end reader ThreadId(3) rows=1 SELECT "action_text_rich_texts"."id", "action_text_rich_texts"."name", "action_text_rich_texts"."body", "action_text_rich_texts"."record_type", "action_text_rich_texts"."record_id", "action_text_rich_texts"."created_at", "action_text_rich_texts"."updated_at" FROM "action_text_rich_texts" WHERE "action_text_rich_texts"."record_id" = ? AND "action_text_rich_texts"."record_type" = ? AND "action_text_rich_texts"."name" = ? LIMIT 1
2026-10-05T12:04:24.768284481Z SQLTRACE end reader ThreadId(9) rows=1 SELECT "action_text_rich_texts"."id", "action_text_rich_texts"."name", "action_text_rich_texts"."body", "action_text_rich_texts"."record_type", "action_text_rich_texts"."record_id", "action_text_rich_texts"."created_at", "action_text_rich_texts"."updated_at" FROM "action_text_rich_texts" WHERE "action_text_rich_texts"."record_id" = ? AND "action_text_rich_texts"."record_type" = ? AND "action_text_rich_texts"."name" = ? LIMIT 1
2026-10-05T12:04:24.768287981Z SQLTRACE start reader ThreadId(3) SELECT b.id, b.key, b.filename, b.content_type, b.metadata, b.service_name, b.byte_size, b.checksum, b.created_at FROM active_storage_blobs b JOIN active_storage_attachments a ON a.blob_id = b.id WHERE a.record_type = 'Message' AND a.record_id = 933434648 AND a.name = 'attachment' ORDER BY a.id LIMIT 1
2026-10-05T12:04:24.768321565Z SQLTRACE start reader ThreadId(9) SELECT "push_subscriptions".* FROM "push_subscriptions" INNER JOIN "users" ON "users"."id" = "push_subscriptions"."user_id" INNER JOIN "memberships" ON "memberships"."user_id" = "users"."id" WHERE ("memberships"."connected_at" IS NULL OR "memberships"."connected_at" < '2026-10-05 12:03:24.767933') AND "memberships"."room_id" = 201306877 AND "memberships"."user_id" != 127326141 AND "memberships"."involvement" = 'everything'
2026-10-05T12:04:24.768327232Z SQLTRACE end reader ThreadId(3) rows=0 SELECT b.id, b.key, b.filename, b.content_type, b.metadata, b.service_name, b.byte_size, b.checksum, b.created_at FROM active_storage_blobs b JOIN active_storage_attachments a ON a.blob_id = b.id WHERE a.record_type = ?1 AND a.record_id = ?2 AND a.name = ?3 ORDER BY a.id LIMIT 1
2026-10-05T12:04:24.768497193Z SQLTRACE start reader ThreadId(3) SELECT "boosts"."id", "boosts"."message_id", "boosts"."booster_id", "boosts"."content", "boosts"."created_at", "boosts"."updated_at" FROM "boosts" WHERE "boosts"."message_id" = 933434648 ORDER BY "boosts"."created_at" ASC
2026-10-05T12:04:24.768510109Z SQLTRACE end reader ThreadId(3) rows=0 SELECT "boosts"."id", "boosts"."message_id", "boosts"."booster_id", "boosts"."content", "boosts"."created_at", "boosts"."updated_at" FROM "boosts" WHERE "boosts"."message_id" = ? ORDER BY "boosts"."created_at" ASC
2026-10-05T12:04:24.768513109Z SQLTRACE end reader ThreadId(9) rows=3 SELECT "push_subscriptions".* FROM "push_subscriptions" INNER JOIN "users" ON "users"."id" = "push_subscriptions"."user_id" INNER JOIN "memberships" ON "memberships"."user_id" = "users"."id" WHERE ("memberships"."connected_at" IS NULL OR "memberships"."connected_at" < ?) AND "memberships"."room_id" = ? AND "memberships"."user_id" != ? AND "memberships"."involvement" = 'everything'
2026-10-05T12:04:24.768521401Z SQLTRACE start reader ThreadId(9) SELECT "action_text_rich_texts"."id", "action_text_rich_texts"."name", "action_text_rich_texts"."body", "action_text_rich_texts"."record_type", "action_text_rich_texts"."record_id", "action_text_rich_texts"."created_at", "action_text_rich_texts"."updated_at" FROM "action_text_rich_texts" WHERE "action_text_rich_texts"."record_id" = 933434648 AND "action_text_rich_texts"."record_type" = 'Message' AND "action_text_rich_texts"."name" = 'body' LIMIT 1
2026-10-05T12:04:24.768567110Z SQLTRACE end reader ThreadId(9) rows=1 SELECT "action_text_rich_texts"."id", "action_text_rich_texts"."name", "action_text_rich_texts"."body", "action_text_rich_texts"."record_type", "action_text_rich_texts"."record_id", "action_text_rich_texts"."created_at", "action_text_rich_texts"."updated_at" FROM "action_text_rich_texts" WHERE "action_text_rich_texts"."record_id" = ? AND "action_text_rich_texts"."record_type" = ? AND "action_text_rich_texts"."name" = ? LIMIT 1
2026-10-05T12:04:24.768624736Z SQLTRACE start reader ThreadId(9) SELECT COUNT(*) FROM "memberships" WHERE "memberships"."user_id" = 773523953 AND "memberships"."unread_at" IS NOT NULL
2026-10-05T12:04:24.768710154Z SQLTRACE start reader ThreadId(3) SELECT "accounts"."id", "accounts"."name", "accounts"."join_code", "accounts"."custom_styles", "accounts"."settings", "accounts"."singleton_guard", "accounts"."created_at", "accounts"."updated_at" FROM "accounts" ORDER BY "accounts"."id" ASC LIMIT 1
2026-10-05T12:04:24.768716821Z SQLTRACE end reader ThreadId(3) rows=1 SELECT "accounts"."id", "accounts"."name", "accounts"."join_code", "accounts"."custom_styles", "accounts"."settings", "accounts"."singleton_guard", "accounts"."created_at", "accounts"."updated_at" FROM "accounts" ORDER BY "accounts"."id" ASC LIMIT 1
2026-10-05T12:04:24.768723529Z SQLTRACE end reader ThreadId(9) rows=1 SELECT COUNT(*) FROM "memberships" WHERE "memberships"."user_id" = ? AND "memberships"."unread_at" IS NOT NULL
2026-10-05T12:04:24.768842073Z SQLTRACE start reader ThreadId(9) SELECT COUNT(*) FROM "memberships" WHERE "memberships"."user_id" = 712064548 AND "memberships"."unread_at" IS NOT NULL
2026-10-05T12:04:24.768847739Z SQLTRACE end reader ThreadId(9) rows=1 SELECT COUNT(*) FROM "memberships" WHERE "memberships"."user_id" = ? AND "memberships"."unread_at" IS NOT NULL
2026-10-05T12:04:24.768849864Z SQLTRACE start reader ThreadId(9) SELECT COUNT(*) FROM "memberships" WHERE "memberships"."user_id" = 149087659 AND "memberships"."unread_at" IS NOT NULL
2026-10-05T12:04:24.768851906Z SQLTRACE end reader ThreadId(9) rows=1 SELECT COUNT(*) FROM "memberships" WHERE "memberships"."user_id" = ? AND "memberships"."unread_at" IS NOT NULL
2026-10-05T12:04:24.768959408Z SQLTRACE start reader ThreadId(3) SELECT "memberships"."id", "memberships"."room_id", "memberships"."user_id", "memberships"."involvement", "memberships"."unread_at", "memberships"."connected_at", "memberships"."connections", "memberships"."created_at", "memberships"."updated_at" FROM "memberships" WHERE "memberships"."room_id" = 201306877
2026-10-05T12:04:24.769007492Z SQLTRACE end reader ThreadId(3) rows=6 SELECT "memberships"."id", "memberships"."room_id", "memberships"."user_id", "memberships"."involvement", "memberships"."unread_at", "memberships"."connected_at", "memberships"."connections", "memberships"."created_at", "memberships"."updated_at" FROM "memberships" WHERE "memberships"."room_id" = ?
2026-10-05T12:04:24.769020700Z SQLTRACE start reader ThreadId(3) SELECT "action_text_rich_texts"."id", "action_text_rich_texts"."name", "action_text_rich_texts"."body", "action_text_rich_texts"."record_type", "action_text_rich_texts"."record_id", "action_text_rich_texts"."created_at", "action_text_rich_texts"."updated_at" FROM "action_text_rich_texts" WHERE "action_text_rich_texts"."record_id" = 933434648 AND "action_text_rich_texts"."record_type" = 'Message' AND "action_text_rich_texts"."name" = 'body' LIMIT 1
2026-10-05T12:04:24.769053701Z SQLTRACE end reader ThreadId(3) rows=1 SELECT "action_text_rich_texts"."id", "action_text_rich_texts"."name", "action_text_rich_texts"."body", "action_text_rich_texts"."record_type", "action_text_rich_texts"."record_id", "action_text_rich_texts"."created_at", "action_text_rich_texts"."updated_at" FROM "action_text_rich_texts" WHERE "action_text_rich_texts"."record_id" = ? AND "action_text_rich_texts"."record_type" = ? AND "action_text_rich_texts"."name" = ? LIMIT 1
2026-10-05T12:04:24.769129285Z SQLTRACE start reader ThreadId(3) SELECT "accounts"."id", "accounts"."name", "accounts"."join_code", "accounts"."custom_styles", "accounts"."settings", "accounts"."singleton_guard", "accounts"."created_at", "accounts"."updated_at" FROM "accounts" ORDER BY "accounts"."id" ASC LIMIT 1
2026-10-05T12:04:24.769135619Z SQLTRACE end reader ThreadId(3) rows=1 SELECT "accounts"."id", "accounts"."name", "accounts"."join_code", "accounts"."custom_styles", "accounts"."settings", "accounts"."singleton_guard", "accounts"."created_at", "accounts"."updated_at" FROM "accounts" ORDER BY "accounts"."id" ASC LIMIT 1
2026-10-05T12:04:24.769537166Z [2m2026-10-05T12:04:24.769394Z[0m [32m INFO[0m [2mthruster[0m[2m:[0m Request [3mpath[0m[2m=[0m/rooms/201306877/messages [3mstatus[0m[2m=[0m200 [3mdur[0m[2m=[0m3 [3mmethod[0m[2m=[0mPOST [3mreq_content_length[0m[2m=[0m105 [3mreq_content_type[0m[2m=[0mapplication/x-www-form-urlencoded [3mresp_content_length[0m[2m=[0m1990 [3mresp_content_type[0m[2m=[0mtext/vnd.turbo-stream.html; charset=utf-8 [3mremote_addr[0m[2m=[0m127.0.0.1:41258 [3muser_agent[0m[2m=[0m [3mcache[0m[2m=[0mbypass [3mquery[0m[2m=[0m [3mproto[0m[2m=[0m"HTTP/1.1"
2026-10-05T12:04:27.891005748Z SQLTRACE start reader ThreadId(5) SELECT 1 AS one FROM "bans" WHERE "bans"."ip_address" = '127.0.0.1' LIMIT 1
2026-10-05T12:04:27.891079833Z SQLTRACE end reader ThreadId(5) rows=0 SELECT 1 AS one FROM "bans" WHERE "bans"."ip_address" = ? LIMIT 1
2026-10-05T12:04:27.891088083Z SQLTRACE start reader ThreadId(5) SELECT "sessions"."id", "sessions"."user_id", "sessions"."token", "sessions"."ip_address", "sessions"."user_agent", "sessions"."last_active_at", "sessions"."created_at", "sessions"."updated_at" FROM "sessions" WHERE "sessions"."token" = 'vZuXbHrmde1pgqLcyxsVoq6x' LIMIT 1
2026-10-05T12:04:27.891096458Z SQLTRACE end reader ThreadId(5) rows=1 SELECT "sessions"."id", "sessions"."user_id", "sessions"."token", "sessions"."ip_address", "sessions"."user_agent", "sessions"."last_active_at", "sessions"."created_at", "sessions"."updated_at" FROM "sessions" WHERE "sessions"."token" = ? LIMIT 1
2026-10-05T12:04:27.891140417Z SQLTRACE start reader ThreadId(5) SELECT "users"."id", "users"."name", "users"."email_address", "users"."password_digest", "users"."role", "users"."status", "users"."bio", "users"."bot_token", "users"."created_at", "users"."updated_at" FROM "users" WHERE "users"."id" = 127326141 LIMIT 1
2026-10-05T12:04:27.891148459Z SQLTRACE end reader ThreadId(5) rows=1 SELECT "users"."id", "users"."name", "users"."email_address", "users"."password_digest", "users"."role", "users"."status", "users"."bio", "users"."bot_token", "users"."created_at", "users"."updated_at" FROM "users" WHERE "users"."id" = ? LIMIT 1
2026-10-05T12:04:27.891206626Z SQLTRACE start reader ThreadId(5) SELECT "memberships"."id", "memberships"."room_id", "memberships"."user_id", "memberships"."involvement", "memberships"."unread_at", "memberships"."connected_at", "memberships"."connections", "memberships"."created_at", "memberships"."updated_at" FROM "memberships" WHERE "memberships"."room_id" = 201306877 AND "memberships"."user_id" = 127326141 LIMIT 1
2026-10-05T12:04:27.891225710Z SQLTRACE end reader ThreadId(5) rows=1 SELECT "memberships"."id", "memberships"."room_id", "memberships"."user_id", "memberships"."involvement", "memberships"."unread_at", "memberships"."connected_at", "memberships"."connections", "memberships"."created_at", "memberships"."updated_at" FROM "memberships" WHERE "memberships"."room_id" = ? AND "memberships"."user_id" = ? LIMIT 1
2026-10-05T12:04:27.891233835Z SQLTRACE start reader ThreadId(5) SELECT "rooms"."id", "rooms"."name", "rooms"."type", "rooms"."creator_id", "rooms"."created_at", "rooms"."updated_at" FROM "rooms" WHERE "rooms"."id" = 201306877 LIMIT 1
2026-10-05T12:04:27.891278252Z SQLTRACE end reader ThreadId(5) rows=1 SELECT "rooms"."id", "rooms"."name", "rooms"."type", "rooms"."creator_id", "rooms"."created_at", "rooms"."updated_at" FROM "rooms" WHERE "rooms"."id" = ? LIMIT 1
2026-10-05T12:04:27.891601465Z SQLTRACE start writer ThreadId(8) BEGIN IMMEDIATE
2026-10-05T12:04:27.891631091Z SQLTRACE end writer ThreadId(8) rows=0 BEGIN IMMEDIATE
2026-10-05T12:04:27.891636549Z SQLTRACE start writer ThreadId(8) INSERT INTO "messages" ("client_message_id", "created_at", "creator_id", "room_id", "updated_at") VALUES ('18dba09bbea444dcb', '2026-10-05 12:04:27.891437', 127326141, 201306877, '2026-10-05 12:04:27.891437') RETURNING "id"
2026-10-05T12:04:27.891795801Z SQLTRACE end writer ThreadId(8) rows=1 INSERT INTO "messages" ("client_message_id", "created_at", "creator_id", "room_id", "updated_at") VALUES (?, ?, ?, ?, ?) RETURNING "id"
2026-10-05T12:04:27.891807760Z SQLTRACE start writer ThreadId(8) INSERT INTO "action_text_rich_texts" ("body", "created_at", "name", "record_id", "record_type", "updated_at") VALUES ('bench write 11', '2026-10-05 12:04:27.891651', 'body', 933434649, 'Message', '2026-10-05 12:04:27.891651') RETURNING "id"
2026-10-05T12:04:27.891813260Z SQLTRACE end writer ThreadId(8) rows=1 INSERT INTO "action_text_rich_texts" ("body", "created_at", "name", "record_id", "record_type", "updated_at") VALUES (?, ?, ?, ?, ?, ?) RETURNING "id"
2026-10-05T12:04:27.891842677Z SQLTRACE start writer ThreadId(8) UPDATE "messages" SET "updated_at" = '2026-10-05 12:04:27.891711' WHERE "messages"."id" = 933434649
2026-10-05T12:04:27.891848177Z SQLTRACE end writer ThreadId(8) rows=0 UPDATE "messages" SET "updated_at" = ? WHERE "messages"."id" = ?
2026-10-05T12:04:27.891851886Z SQLTRACE start writer ThreadId(8) UPDATE "rooms" SET "updated_at" = '2026-10-05 12:04:27.891761' WHERE "rooms"."id" = 201306877
2026-10-05T12:04:27.891857552Z SQLTRACE end writer ThreadId(8) rows=0 UPDATE "rooms" SET "updated_at" = ? WHERE "rooms"."id" = ?
2026-10-05T12:04:27.891861177Z SQLTRACE start writer ThreadId(8) COMMIT
2026-10-05T12:04:27.892220224Z SQLTRACE end writer ThreadId(8) rows=0 COMMIT
2026-10-05T12:04:27.892236891Z SQLTRACE start writer ThreadId(8) SELECT "action_text_rich_texts"."id", "action_text_rich_texts"."name", "action_text_rich_texts"."body", "action_text_rich_texts"."record_type", "action_text_rich_texts"."record_id", "action_text_rich_texts"."created_at", "action_text_rich_texts"."updated_at" FROM "action_text_rich_texts" WHERE "action_text_rich_texts"."record_id" = 933434649 AND "action_text_rich_texts"."record_type" = 'Message' AND "action_text_rich_texts"."name" = 'body' LIMIT 1
2026-10-05T12:04:27.892246266Z SQLTRACE end writer ThreadId(8) rows=1 SELECT "action_text_rich_texts"."id", "action_text_rich_texts"."name", "action_text_rich_texts"."body", "action_text_rich_texts"."record_type", "action_text_rich_texts"."record_id", "action_text_rich_texts"."created_at", "action_text_rich_texts"."updated_at" FROM "action_text_rich_texts" WHERE "action_text_rich_texts"."record_id" = ? AND "action_text_rich_texts"."record_type" = ? AND "action_text_rich_texts"."name" = ? LIMIT 1
2026-10-05T12:04:27.892253433Z SQLTRACE start writer ThreadId(8) insert into message_search_index(rowid, body) values (933434649, 'bench write 11')
2026-10-05T12:04:27.892257225Z SQLTRACE start writer ThreadId(8) -- PRAGMA 'main'.data_version
2026-10-05T12:04:27.892280892Z SQLTRACE end writer ThreadId(8) rows=1 PRAGMA 'main'.data_version
2026-10-05T12:04:27.892290350Z SQLTRACE start writer ThreadId(8) -- INSERT INTO 'main'.'message_search_index_content' VALUES(?1,?2)
2026-10-05T12:04:27.892502228Z SQLTRACE end writer ThreadId(8) rows=0 INSERT INTO 'main'.'message_search_index_content' VALUES(?1,?2)
2026-10-05T12:04:27.892526520Z SQLTRACE start writer ThreadId(8) -- REPLACE INTO 'main'.'message_search_index_docsize' VALUES(?,?)
2026-10-05T12:04:27.892530437Z SQLTRACE end writer ThreadId(8) rows=1 REPLACE INTO 'main'.'message_search_index_docsize' VALUES(?,?)
2026-10-05T12:04:27.892534146Z SQLTRACE start writer ThreadId(8) -- REPLACE INTO 'main'.'message_search_index_data'(id, block) VALUES(?,?)
2026-10-05T12:04:27.892537437Z SQLTRACE end writer ThreadId(8) rows=0 REPLACE INTO 'main'.'message_search_index_data'(id, block) VALUES(?,?)
2026-10-05T12:04:27.892540646Z SQLTRACE start writer ThreadId(8) -- PRAGMA 'main'.data_version
2026-10-05T12:04:27.892543729Z SQLTRACE end writer ThreadId(8) rows=1 PRAGMA 'main'.data_version
2026-10-05T12:04:27.892690606Z SQLTRACE start writer ThreadId(8) -- REPLACE INTO 'main'.'message_search_index_data'(id, block) VALUES(?,?)
2026-10-05T12:04:27.892717607Z SQLTRACE end writer ThreadId(8) rows=1 REPLACE INTO 'main'.'message_search_index_data'(id, block) VALUES(?,?)
2026-10-05T12:04:27.892722065Z SQLTRACE start writer ThreadId(8) -- INSERT INTO 'main'.'message_search_index_idx'(segid,term,pgno) VALUES(?,?,?)
2026-10-05T12:04:27.892725440Z SQLTRACE end writer ThreadId(8) rows=0 INSERT INTO 'main'.'message_search_index_idx'(segid,term,pgno) VALUES(?,?,?)
2026-10-05T12:04:27.892728857Z SQLTRACE start writer ThreadId(8) -- REPLACE INTO 'main'.'message_search_index_data'(id, block) VALUES(?,?)
2026-10-05T12:04:27.892732107Z SQLTRACE end writer ThreadId(8) rows=0 REPLACE INTO 'main'.'message_search_index_data'(id, block) VALUES(?,?)
2026-10-05T12:04:27.892949110Z SQLTRACE end writer ThreadId(8) rows=0 insert into message_search_index(rowid, body) values (?, ?)
2026-10-05T12:04:27.892970485Z SQLTRACE start writer ThreadId(8) UPDATE "memberships" SET "unread_at" = '2026-10-05 12:04:27.891437', "updated_at" = '2026-10-05 12:04:27.892848' WHERE "memberships"."room_id" = 201306877 AND "memberships"."involvement" != 'invisible' AND ("memberships"."connected_at" IS NULL OR "memberships"."connected_at" < '2026-10-05 12:03:27.892848') AND "memberships"."user_id" != 127326141
2026-10-05T12:04:27.893236823Z SQLTRACE end writer ThreadId(8) rows=0 UPDATE "memberships" SET "unread_at" = ?, "updated_at" = ? WHERE "memberships"."room_id" = ? AND "memberships"."involvement" != ? AND ("memberships"."connected_at" IS NULL OR "memberships"."connected_at" < ?) AND "memberships"."user_id" != ?
2026-10-05T12:04:27.893559327Z SQLTRACE start reader ThreadId(10) SELECT "messages"."id", "messages"."room_id", "messages"."creator_id", "messages"."client_message_id", "messages"."created_at", "messages"."updated_at" FROM "messages" WHERE "messages"."id" = 933434649 LIMIT 1
2026-10-05T12:04:27.893586453Z SQLTRACE start reader ThreadId(12) SELECT "rooms"."id", "rooms"."name", "rooms"."type", "rooms"."creator_id", "rooms"."created_at", "rooms"."updated_at" FROM "rooms" WHERE "rooms"."id" = 201306877 LIMIT 1
2026-10-05T12:04:27.893592078Z SQLTRACE end reader ThreadId(10) rows=1 SELECT "messages"."id", "messages"."room_id", "messages"."creator_id", "messages"."client_message_id", "messages"."created_at", "messages"."updated_at" FROM "messages" WHERE "messages"."id" = ? LIMIT 1
2026-10-05T12:04:27.893597119Z SQLTRACE start reader ThreadId(10) SELECT "rooms"."id", "rooms"."name", "rooms"."type", "rooms"."creator_id", "rooms"."created_at", "rooms"."updated_at" FROM "rooms" WHERE "rooms"."id" = 201306877 LIMIT 1
2026-10-05T12:04:27.893714913Z SQLTRACE end reader ThreadId(10) rows=1 SELECT "rooms"."id", "rooms"."name", "rooms"."type", "rooms"."creator_id", "rooms"."created_at", "rooms"."updated_at" FROM "rooms" WHERE "rooms"."id" = ? LIMIT 1
2026-10-05T12:04:27.893727038Z SQLTRACE end reader ThreadId(12) rows=1 SELECT "rooms"."id", "rooms"."name", "rooms"."type", "rooms"."creator_id", "rooms"."created_at", "rooms"."updated_at" FROM "rooms" WHERE "rooms"."id" = ? LIMIT 1
2026-10-05T12:04:27.893731830Z SQLTRACE start reader ThreadId(10) SELECT "users"."id", "users"."name", "users"."email_address", "users"."password_digest", "users"."role", "users"."status", "users"."bio", "users"."bot_token", "users"."created_at", "users"."updated_at" FROM "users" WHERE "users"."id" = 127326141 LIMIT 1
2026-10-05T12:04:27.893769580Z SQLTRACE start reader ThreadId(12) SELECT "action_text_rich_texts"."id", "action_text_rich_texts"."name", "action_text_rich_texts"."body", "action_text_rich_texts"."record_type", "action_text_rich_texts"."record_id", "action_text_rich_texts"."created_at", "action_text_rich_texts"."updated_at" FROM "action_text_rich_texts" WHERE "action_text_rich_texts"."record_id" = 933434649 AND "action_text_rich_texts"."record_type" = 'Message' AND "action_text_rich_texts"."name" = 'body' LIMIT 1
2026-10-05T12:04:27.893937249Z SQLTRACE end reader ThreadId(12) rows=1 SELECT "action_text_rich_texts"."id", "action_text_rich_texts"."name", "action_text_rich_texts"."body", "action_text_rich_texts"."record_type", "action_text_rich_texts"."record_id", "action_text_rich_texts"."created_at", "action_text_rich_texts"."updated_at" FROM "action_text_rich_texts" WHERE "action_text_rich_texts"."record_id" = ? AND "action_text_rich_texts"."record_type" = ? AND "action_text_rich_texts"."name" = ? LIMIT 1
2026-10-05T12:04:27.893950458Z SQLTRACE end reader ThreadId(10) rows=1 SELECT "users"."id", "users"."name", "users"."email_address", "users"."password_digest", "users"."role", "users"."status", "users"."bio", "users"."bot_token", "users"."created_at", "users"."updated_at" FROM "users" WHERE "users"."id" = ? LIMIT 1
2026-10-05T12:04:27.893956375Z SQLTRACE start reader ThreadId(12) SELECT "users"."id", "users"."name", "users"."email_address", "users"."password_digest", "users"."role", "users"."status", "users"."bio", "users"."bot_token", "users"."created_at", "users"."updated_at" FROM "users" WHERE "users"."id" = 127326141 LIMIT 1
2026-10-05T12:04:27.893962208Z SQLTRACE start reader ThreadId(10) SELECT "action_text_rich_texts"."id", "action_text_rich_texts"."name", "action_text_rich_texts"."body", "action_text_rich_texts"."record_type", "action_text_rich_texts"."record_id", "action_text_rich_texts"."created_at", "action_text_rich_texts"."updated_at" FROM "action_text_rich_texts" WHERE "action_text_rich_texts"."record_id" = 933434649 AND "action_text_rich_texts"."record_type" = 'Message' AND "action_text_rich_texts"."name" = 'body' LIMIT 1
2026-10-05T12:04:27.893968917Z SQLTRACE end reader ThreadId(12) rows=1 SELECT "users"."id", "users"."name", "users"."email_address", "users"."password_digest", "users"."role", "users"."status", "users"."bio", "users"."bot_token", "users"."created_at", "users"."updated_at" FROM "users" WHERE "users"."id" = ? LIMIT 1
2026-10-05T12:04:27.893983750Z SQLTRACE end reader ThreadId(10) rows=1 SELECT "action_text_rich_texts"."id", "action_text_rich_texts"."name", "action_text_rich_texts"."body", "action_text_rich_texts"."record_type", "action_text_rich_texts"."record_id", "action_text_rich_texts"."created_at", "action_text_rich_texts"."updated_at" FROM "action_text_rich_texts" WHERE "action_text_rich_texts"."record_id" = ? AND "action_text_rich_texts"."record_type" = ? AND "action_text_rich_texts"."name" = ? LIMIT 1
2026-10-05T12:04:27.894238171Z SQLTRACE start reader ThreadId(10) SELECT "push_subscriptions".* FROM "push_subscriptions" INNER JOIN "users" ON "users"."id" = "push_subscriptions"."user_id" INNER JOIN "memberships" ON "memberships"."user_id" = "users"."id" WHERE ("memberships"."connected_at" IS NULL OR "memberships"."connected_at" < '2026-10-05 12:03:27.893498') AND "memberships"."room_id" = 201306877 AND "memberships"."user_id" != 127326141 AND "memberships"."involvement" = 'everything'
2026-10-05T12:04:27.894271046Z SQLTRACE start reader ThreadId(12) SELECT "action_text_rich_texts"."id", "action_text_rich_texts"."name", "action_text_rich_texts"."body", "action_text_rich_texts"."record_type", "action_text_rich_texts"."record_id", "action_text_rich_texts"."created_at", "action_text_rich_texts"."updated_at" FROM "action_text_rich_texts" WHERE "action_text_rich_texts"."record_id" = 933434649 AND "action_text_rich_texts"."record_type" = 'Message' AND "action_text_rich_texts"."name" = 'body' LIMIT 1
2026-10-05T12:04:27.894279421Z SQLTRACE end reader ThreadId(12) rows=1 SELECT "action_text_rich_texts"."id", "action_text_rich_texts"."name", "action_text_rich_texts"."body", "action_text_rich_texts"."record_type", "action_text_rich_texts"."record_id", "action_text_rich_texts"."created_at", "action_text_rich_texts"."updated_at" FROM "action_text_rich_texts" WHERE "action_text_rich_texts"."record_id" = ? AND "action_text_rich_texts"."record_type" = ? AND "action_text_rich_texts"."name" = ? LIMIT 1
2026-10-05T12:04:27.894286296Z SQLTRACE end reader ThreadId(10) rows=3 SELECT "push_subscriptions".* FROM "push_subscriptions" INNER JOIN "users" ON "users"."id" = "push_subscriptions"."user_id" INNER JOIN "memberships" ON "memberships"."user_id" = "users"."id" WHERE ("memberships"."connected_at" IS NULL OR "memberships"."connected_at" < ?) AND "memberships"."room_id" = ? AND "memberships"."user_id" != ? AND "memberships"."involvement" = 'everything'
2026-10-05T12:04:27.894378131Z SQLTRACE start reader ThreadId(10) SELECT "action_text_rich_texts"."id", "action_text_rich_texts"."name", "action_text_rich_texts"."body", "action_text_rich_texts"."record_type", "action_text_rich_texts"."record_id", "action_text_rich_texts"."created_at", "action_text_rich_texts"."updated_at" FROM "action_text_rich_texts" WHERE "action_text_rich_texts"."record_id" = 933434649 AND "action_text_rich_texts"."record_type" = 'Message' AND "action_text_rich_texts"."name" = 'body' LIMIT 1
2026-10-05T12:04:27.894397090Z SQLTRACE end reader ThreadId(10) rows=1 SELECT "action_text_rich_texts"."id", "action_text_rich_texts"."name", "action_text_rich_texts"."body", "action_text_rich_texts"."record_type", "action_text_rich_texts"."record_id", "action_text_rich_texts"."created_at", "action_text_rich_texts"."updated_at" FROM "action_text_rich_texts" WHERE "action_text_rich_texts"."record_id" = ? AND "action_text_rich_texts"."record_type" = ? AND "action_text_rich_texts"."name" = ? LIMIT 1
2026-10-05T12:04:27.894407173Z SQLTRACE start reader ThreadId(10) SELECT COUNT(*) FROM "memberships" WHERE "memberships"."user_id" = 773523953 AND "memberships"."unread_at" IS NOT NULL
2026-10-05T12:04:27.894662927Z SQLTRACE start reader ThreadId(12) SELECT b.id, b.key, b.filename, b.content_type, b.metadata, b.service_name, b.byte_size, b.checksum, b.created_at FROM active_storage_blobs b JOIN active_storage_attachments a ON a.blob_id = b.id WHERE a.record_type = 'Message' AND a.record_id = 933434649 AND a.name = 'attachment' ORDER BY a.id LIMIT 1
2026-10-05T12:04:27.894696552Z SQLTRACE end reader ThreadId(10) rows=1 SELECT COUNT(*) FROM "memberships" WHERE "memberships"."user_id" = ? AND "memberships"."unread_at" IS NOT NULL
2026-10-05T12:04:27.894701927Z SQLTRACE end reader ThreadId(12) rows=0 SELECT b.id, b.key, b.filename, b.content_type, b.metadata, b.service_name, b.byte_size, b.checksum, b.created_at FROM active_storage_blobs b JOIN active_storage_attachments a ON a.blob_id = b.id WHERE a.record_type = ?1 AND a.record_id = ?2 AND a.name = ?3 ORDER BY a.id LIMIT 1
2026-10-05T12:04:27.894715428Z SQLTRACE start reader ThreadId(10) SELECT COUNT(*) FROM "memberships" WHERE "memberships"."user_id" = 712064548 AND "memberships"."unread_at" IS NOT NULL
2026-10-05T12:04:27.894719719Z SQLTRACE end reader ThreadId(10) rows=1 SELECT COUNT(*) FROM "memberships" WHERE "memberships"."user_id" = ? AND "memberships"."unread_at" IS NOT NULL
2026-10-05T12:04:27.894723719Z SQLTRACE start reader ThreadId(10) SELECT COUNT(*) FROM "memberships" WHERE "memberships"."user_id" = 149087659 AND "memberships"."unread_at" IS NOT NULL
2026-10-05T12:04:27.894795762Z SQLTRACE end reader ThreadId(10) rows=1 SELECT COUNT(*) FROM "memberships" WHERE "memberships"."user_id" = ? AND "memberships"."unread_at" IS NOT NULL
2026-10-05T12:04:27.894802804Z SQLTRACE start reader ThreadId(12) SELECT "boosts"."id", "boosts"."message_id", "boosts"."booster_id", "boosts"."content", "boosts"."created_at", "boosts"."updated_at" FROM "boosts" WHERE "boosts"."message_id" = 933434649 ORDER BY "boosts"."created_at" ASC
2026-10-05T12:04:27.894956764Z SQLTRACE end reader ThreadId(12) rows=0 SELECT "boosts"."id", "boosts"."message_id", "boosts"."booster_id", "boosts"."content", "boosts"."created_at", "boosts"."updated_at" FROM "boosts" WHERE "boosts"."message_id" = ? ORDER BY "boosts"."created_at" ASC
2026-10-05T12:04:27.894971473Z SQLTRACE start reader ThreadId(12) SELECT "accounts"."id", "accounts"."name", "accounts"."join_code", "accounts"."custom_styles", "accounts"."settings", "accounts"."singleton_guard", "accounts"."created_at", "accounts"."updated_at" FROM "accounts" ORDER BY "accounts"."id" ASC LIMIT 1
2026-10-05T12:04:27.894978556Z SQLTRACE end reader ThreadId(12) rows=1 SELECT "accounts"."id", "accounts"."name", "accounts"."join_code", "accounts"."custom_styles", "accounts"."settings", "accounts"."singleton_guard", "accounts"."created_at", "accounts"."updated_at" FROM "accounts" ORDER BY "accounts"."id" ASC LIMIT 1
2026-10-05T12:04:27.895511147Z SQLTRACE start reader ThreadId(12) SELECT "memberships"."id", "memberships"."room_id", "memberships"."user_id", "memberships"."involvement", "memberships"."unread_at", "memberships"."connected_at", "memberships"."connections", "memberships"."created_at", "memberships"."updated_at" FROM "memberships" WHERE "memberships"."room_id" = 201306877
2026-10-05T12:04:27.895535106Z SQLTRACE end reader ThreadId(12) rows=6 SELECT "memberships"."id", "memberships"."room_id", "memberships"."user_id", "memberships"."involvement", "memberships"."unread_at", "memberships"."connected_at", "memberships"."connections", "memberships"."created_at", "memberships"."updated_at" FROM "memberships" WHERE "memberships"."room_id" = ?
2026-10-05T12:04:27.895764401Z SQLTRACE start reader ThreadId(6) SELECT "action_text_rich_texts"."id", "action_text_rich_texts"."name", "action_text_rich_texts"."body", "action_text_rich_texts"."record_type", "action_text_rich_texts"."record_id", "action_text_rich_texts"."created_at", "action_text_rich_texts"."updated_at" FROM "action_text_rich_texts" WHERE "action_text_rich_texts"."record_id" = 933434649 AND "action_text_rich_texts"."record_type" = 'Message' AND "action_text_rich_texts"."name" = 'body' LIMIT 1
2026-10-05T12:04:27.895787652Z SQLTRACE end reader ThreadId(6) rows=1 SELECT "action_text_rich_texts"."id", "action_text_rich_texts"."name", "action_text_rich_texts"."body", "action_text_rich_texts"."record_type", "action_text_rich_texts"."record_id", "action_text_rich_texts"."created_at", "action_text_rich_texts"."updated_at" FROM "action_text_rich_texts" WHERE "action_text_rich_texts"."record_id" = ? AND "action_text_rich_texts"."record_type" = ? AND "action_text_rich_texts"."name" = ? LIMIT 1
2026-10-05T12:04:27.895953362Z SQLTRACE start reader ThreadId(6) SELECT "accounts"."id", "accounts"."name", "accounts"."join_code", "accounts"."custom_styles", "accounts"."settings", "accounts"."singleton_guard", "accounts"."created_at", "accounts"."updated_at" FROM "accounts" ORDER BY "accounts"."id" ASC LIMIT 1
2026-10-05T12:04:27.895963196Z SQLTRACE end reader ThreadId(6) rows=1 SELECT "accounts"."id", "accounts"."name", "accounts"."join_code", "accounts"."custom_styles", "accounts"."settings", "accounts"."singleton_guard", "accounts"."created_at", "accounts"."updated_at" FROM "accounts" ORDER BY "accounts"."id" ASC LIMIT 1
2026-10-05T12:04:27.897070795Z [2m2026-10-05T12:04:27.896845Z[0m [32m INFO[0m [2mthruster[0m[2m:[0m Request [3mpath[0m[2m=[0m/rooms/201306877/messages [3mstatus[0m[2m=[0m200 [3mdur[0m[2m=[0m6 [3mmethod[0m[2m=[0mPOST [3mreq_content_length[0m[2m=[0m105 [3mreq_content_type[0m[2m=[0mapplication/x-www-form-urlencoded [3mresp_content_length[0m[2m=[0m1990 [3mresp_content_type[0m[2m=[0mtext/vnd.turbo-stream.html; charset=utf-8 [3mremote_addr[0m[2m=[0m127.0.0.1:41282 [3muser_agent[0m[2m=[0m [3mcache[0m[2m=[0mbypass [3mquery[0m[2m=[0m [3mproto[0m[2m=[0m"HTTP/1.1"
